--
-- PostgreSQL database dump
--

-- Dumped from database version 9.5.3
-- Dumped by pg_dump version 9.5.3

SET statement_timeout = 0;
SET lock_timeout = 0;
SET client_encoding = 'UTF8';
SET standard_conforming_strings = on;
SET check_function_bodies = false;
SET client_min_messages = warning;
SET row_security = off;

--
-- Name: spaapp; Type: SCHEMA; Schema: -; Owner: spauser
--

CREATE SCHEMA spaapp;


ALTER SCHEMA spaapp OWNER TO spauser;

SET search_path = spaapp, pg_catalog;

--
-- Name: escaparhtml(character varying); Type: FUNCTION; Schema: spaapp; Owner: postgres
--

CREATE FUNCTION escaparhtml(valor character varying) RETURNS character varying
    LANGUAGE plpgsql
    AS $$
	begin
		return replace(
			replace(
				replace(
					replace(
						replace(
							replace(valor,
								'&', '&amp;'),
							'<', '&lt;'),
						'>', '&gt;'),
					'"', '&quot'),
				'''', '&#x27'),
			'/', '&#x2F');
	end;
$$;


ALTER FUNCTION spaapp.escaparhtml(valor character varying) OWNER TO postgres;

--
-- Name: insertar_menu(); Type: FUNCTION; Schema: spaapp; Owner: spauser
--

CREATE FUNCTION insertar_menu() RETURNS trigger
    LANGUAGE plpgsql
    AS $$	BEGIN		INSERT INTO spaapp_menu (id_proveedor_id) VALUES (NEW.id_proveedor);		RETURN NULL;	END;$$;


ALTER FUNCTION spaapp.insertar_menu() OWNER TO spauser;

--
-- Name: insertar_perfil(); Type: FUNCTION; Schema: spaapp; Owner: spauser
--

CREATE FUNCTION insertar_perfil() RETURNS trigger
    LANGUAGE plpgsql
    AS $$	BEGIN		INSERT INTO spaapp_perfil (id_usuario_id,ruta_foto, sim_dispositivo) VALUES (NEW.id,'usuarioFoto/userDefault.jpg',0);		RETURN NULL;	END;$$;


ALTER FUNCTION spaapp.insertar_perfil() OWNER TO spauser;

SET default_tablespace = '';

SET default_with_oids = false;

--
-- Name: administracionAPP_contacto; Type: TABLE; Schema: spaapp; Owner: spauser
--

CREATE TABLE "administracionAPP_contacto" (
    id integer NOT NULL,
    nombre_propietario character varying(50) NOT NULL,
    apellidos character varying(50) NOT NULL,
    ciudad character varying(50) NOT NULL,
    nombre_empresa character varying(50) NOT NULL,
    direccion character varying(50) NOT NULL,
    tipo_negocio character varying(50) NOT NULL,
    telefono character varying(10),
    correo character varying(254)
);


ALTER TABLE "administracionAPP_contacto" OWNER TO spauser;

--
-- Name: administracionAPP_contacto_id_seq; Type: SEQUENCE; Schema: spaapp; Owner: spauser
--

CREATE SEQUENCE "administracionAPP_contacto_id_seq"
    START WITH 1
    INCREMENT BY 1
    NO MINVALUE
    NO MAXVALUE
    CACHE 1;


ALTER TABLE "administracionAPP_contacto_id_seq" OWNER TO spauser;

--
-- Name: administracionAPP_contacto_id_seq; Type: SEQUENCE OWNED BY; Schema: spaapp; Owner: spauser
--

ALTER SEQUENCE "administracionAPP_contacto_id_seq" OWNED BY "administracionAPP_contacto".id;


--
-- Name: auth_group; Type: TABLE; Schema: spaapp; Owner: spauser
--

CREATE TABLE auth_group (
    id integer NOT NULL,
    name character varying(80) NOT NULL
);


ALTER TABLE auth_group OWNER TO spauser;

--
-- Name: auth_group_id_seq; Type: SEQUENCE; Schema: spaapp; Owner: spauser
--

CREATE SEQUENCE auth_group_id_seq
    START WITH 1
    INCREMENT BY 1
    NO MINVALUE
    NO MAXVALUE
    CACHE 1;


ALTER TABLE auth_group_id_seq OWNER TO spauser;

--
-- Name: auth_group_id_seq; Type: SEQUENCE OWNED BY; Schema: spaapp; Owner: spauser
--

ALTER SEQUENCE auth_group_id_seq OWNED BY auth_group.id;


--
-- Name: auth_group_permissions; Type: TABLE; Schema: spaapp; Owner: spauser
--

CREATE TABLE auth_group_permissions (
    id integer NOT NULL,
    group_id integer NOT NULL,
    permission_id integer NOT NULL
);


ALTER TABLE auth_group_permissions OWNER TO spauser;

--
-- Name: auth_group_permissions_id_seq; Type: SEQUENCE; Schema: spaapp; Owner: spauser
--

CREATE SEQUENCE auth_group_permissions_id_seq
    START WITH 1
    INCREMENT BY 1
    NO MINVALUE
    NO MAXVALUE
    CACHE 1;


ALTER TABLE auth_group_permissions_id_seq OWNER TO spauser;

--
-- Name: auth_group_permissions_id_seq; Type: SEQUENCE OWNED BY; Schema: spaapp; Owner: spauser
--

ALTER SEQUENCE auth_group_permissions_id_seq OWNED BY auth_group_permissions.id;


--
-- Name: auth_permission; Type: TABLE; Schema: spaapp; Owner: spauser
--

CREATE TABLE auth_permission (
    id integer NOT NULL,
    name character varying(255) NOT NULL,
    content_type_id integer NOT NULL,
    codename character varying(100) NOT NULL
);


ALTER TABLE auth_permission OWNER TO spauser;

--
-- Name: auth_permission_id_seq; Type: SEQUENCE; Schema: spaapp; Owner: spauser
--

CREATE SEQUENCE auth_permission_id_seq
    START WITH 1
    INCREMENT BY 1
    NO MINVALUE
    NO MAXVALUE
    CACHE 1;


ALTER TABLE auth_permission_id_seq OWNER TO spauser;

--
-- Name: auth_permission_id_seq; Type: SEQUENCE OWNED BY; Schema: spaapp; Owner: spauser
--

ALTER SEQUENCE auth_permission_id_seq OWNED BY auth_permission.id;


--
-- Name: auth_user; Type: TABLE; Schema: spaapp; Owner: spauser
--

CREATE TABLE auth_user (
    id integer NOT NULL,
    password character varying(128) NOT NULL,
    last_login timestamp with time zone,
    is_superuser boolean NOT NULL,
    username character varying(30) NOT NULL,
    first_name character varying(30) NOT NULL,
    last_name character varying(30) NOT NULL,
    email character varying(254) NOT NULL,
    is_staff boolean NOT NULL,
    is_active boolean NOT NULL,
    date_joined timestamp with time zone NOT NULL
);


ALTER TABLE auth_user OWNER TO spauser;

--
-- Name: auth_user_groups; Type: TABLE; Schema: spaapp; Owner: spauser
--

CREATE TABLE auth_user_groups (
    id integer NOT NULL,
    user_id integer NOT NULL,
    group_id integer NOT NULL
);


ALTER TABLE auth_user_groups OWNER TO spauser;

--
-- Name: auth_user_groups_id_seq; Type: SEQUENCE; Schema: spaapp; Owner: spauser
--

CREATE SEQUENCE auth_user_groups_id_seq
    START WITH 1
    INCREMENT BY 1
    NO MINVALUE
    NO MAXVALUE
    CACHE 1;


ALTER TABLE auth_user_groups_id_seq OWNER TO spauser;

--
-- Name: auth_user_groups_id_seq; Type: SEQUENCE OWNED BY; Schema: spaapp; Owner: spauser
--

ALTER SEQUENCE auth_user_groups_id_seq OWNED BY auth_user_groups.id;


--
-- Name: auth_user_id_seq; Type: SEQUENCE; Schema: spaapp; Owner: spauser
--

CREATE SEQUENCE auth_user_id_seq
    START WITH 1
    INCREMENT BY 1
    NO MINVALUE
    NO MAXVALUE
    CACHE 1;


ALTER TABLE auth_user_id_seq OWNER TO spauser;

--
-- Name: auth_user_id_seq; Type: SEQUENCE OWNED BY; Schema: spaapp; Owner: spauser
--

ALTER SEQUENCE auth_user_id_seq OWNED BY auth_user.id;


--
-- Name: auth_user_user_permissions; Type: TABLE; Schema: spaapp; Owner: spauser
--

CREATE TABLE auth_user_user_permissions (
    id integer NOT NULL,
    user_id integer NOT NULL,
    permission_id integer NOT NULL
);


ALTER TABLE auth_user_user_permissions OWNER TO spauser;

--
-- Name: auth_user_user_permissions_id_seq; Type: SEQUENCE; Schema: spaapp; Owner: spauser
--

CREATE SEQUENCE auth_user_user_permissions_id_seq
    START WITH 1
    INCREMENT BY 1
    NO MINVALUE
    NO MAXVALUE
    CACHE 1;


ALTER TABLE auth_user_user_permissions_id_seq OWNER TO spauser;

--
-- Name: auth_user_user_permissions_id_seq; Type: SEQUENCE OWNED BY; Schema: spaapp; Owner: spauser
--

ALTER SEQUENCE auth_user_user_permissions_id_seq OWNED BY auth_user_user_permissions.id;


--
-- Name: django_admin_log; Type: TABLE; Schema: spaapp; Owner: spauser
--

CREATE TABLE django_admin_log (
    id integer NOT NULL,
    action_time timestamp with time zone NOT NULL,
    object_id text,
    object_repr character varying(200) NOT NULL,
    action_flag smallint NOT NULL,
    change_message text NOT NULL,
    content_type_id integer,
    user_id integer NOT NULL,
    CONSTRAINT django_admin_log_action_flag_check CHECK ((action_flag >= 0))
);


ALTER TABLE django_admin_log OWNER TO spauser;

--
-- Name: django_admin_log_id_seq; Type: SEQUENCE; Schema: spaapp; Owner: spauser
--

CREATE SEQUENCE django_admin_log_id_seq
    START WITH 1
    INCREMENT BY 1
    NO MINVALUE
    NO MAXVALUE
    CACHE 1;


ALTER TABLE django_admin_log_id_seq OWNER TO spauser;

--
-- Name: django_admin_log_id_seq; Type: SEQUENCE OWNED BY; Schema: spaapp; Owner: spauser
--

ALTER SEQUENCE django_admin_log_id_seq OWNED BY django_admin_log.id;


--
-- Name: django_content_type; Type: TABLE; Schema: spaapp; Owner: spauser
--

CREATE TABLE django_content_type (
    id integer NOT NULL,
    app_label character varying(100) NOT NULL,
    model character varying(100) NOT NULL
);


ALTER TABLE django_content_type OWNER TO spauser;

--
-- Name: django_content_type_id_seq; Type: SEQUENCE; Schema: spaapp; Owner: spauser
--

CREATE SEQUENCE django_content_type_id_seq
    START WITH 1
    INCREMENT BY 1
    NO MINVALUE
    NO MAXVALUE
    CACHE 1;


ALTER TABLE django_content_type_id_seq OWNER TO spauser;

--
-- Name: django_content_type_id_seq; Type: SEQUENCE OWNED BY; Schema: spaapp; Owner: spauser
--

ALTER SEQUENCE django_content_type_id_seq OWNED BY django_content_type.id;


--
-- Name: django_migrations; Type: TABLE; Schema: spaapp; Owner: spauser
--

CREATE TABLE django_migrations (
    id integer NOT NULL,
    app character varying(255) NOT NULL,
    name character varying(255) NOT NULL,
    applied timestamp with time zone NOT NULL
);


ALTER TABLE django_migrations OWNER TO spauser;

--
-- Name: django_migrations_id_seq; Type: SEQUENCE; Schema: spaapp; Owner: spauser
--

CREATE SEQUENCE django_migrations_id_seq
    START WITH 1
    INCREMENT BY 1
    NO MINVALUE
    NO MAXVALUE
    CACHE 1;


ALTER TABLE django_migrations_id_seq OWNER TO spauser;

--
-- Name: django_migrations_id_seq; Type: SEQUENCE OWNED BY; Schema: spaapp; Owner: spauser
--

ALTER SEQUENCE django_migrations_id_seq OWNED BY django_migrations.id;


--
-- Name: django_session; Type: TABLE; Schema: spaapp; Owner: spauser
--

CREATE TABLE django_session (
    session_key character varying(40) NOT NULL,
    session_data text NOT NULL,
    expire_date timestamp with time zone NOT NULL
);


ALTER TABLE django_session OWNER TO spauser;

--
-- Name: social_auth_association; Type: TABLE; Schema: spaapp; Owner: spauser
--

CREATE TABLE social_auth_association (
    id integer NOT NULL,
    server_url character varying(255) NOT NULL,
    handle character varying(255) NOT NULL,
    secret character varying(255) NOT NULL,
    issued integer NOT NULL,
    lifetime integer NOT NULL,
    assoc_type character varying(64) NOT NULL
);


ALTER TABLE social_auth_association OWNER TO spauser;

--
-- Name: social_auth_association_id_seq; Type: SEQUENCE; Schema: spaapp; Owner: spauser
--

CREATE SEQUENCE social_auth_association_id_seq
    START WITH 1
    INCREMENT BY 1
    NO MINVALUE
    NO MAXVALUE
    CACHE 1;


ALTER TABLE social_auth_association_id_seq OWNER TO spauser;

--
-- Name: social_auth_association_id_seq; Type: SEQUENCE OWNED BY; Schema: spaapp; Owner: spauser
--

ALTER SEQUENCE social_auth_association_id_seq OWNED BY social_auth_association.id;


--
-- Name: social_auth_code; Type: TABLE; Schema: spaapp; Owner: spauser
--

CREATE TABLE social_auth_code (
    id integer NOT NULL,
    email character varying(254) NOT NULL,
    code character varying(32) NOT NULL,
    verified boolean NOT NULL
);


ALTER TABLE social_auth_code OWNER TO spauser;

--
-- Name: social_auth_code_id_seq; Type: SEQUENCE; Schema: spaapp; Owner: spauser
--

CREATE SEQUENCE social_auth_code_id_seq
    START WITH 1
    INCREMENT BY 1
    NO MINVALUE
    NO MAXVALUE
    CACHE 1;


ALTER TABLE social_auth_code_id_seq OWNER TO spauser;

--
-- Name: social_auth_code_id_seq; Type: SEQUENCE OWNED BY; Schema: spaapp; Owner: spauser
--

ALTER SEQUENCE social_auth_code_id_seq OWNED BY social_auth_code.id;


--
-- Name: social_auth_nonce; Type: TABLE; Schema: spaapp; Owner: spauser
--

CREATE TABLE social_auth_nonce (
    id integer NOT NULL,
    server_url character varying(255) NOT NULL,
    "timestamp" integer NOT NULL,
    salt character varying(65) NOT NULL
);


ALTER TABLE social_auth_nonce OWNER TO spauser;

--
-- Name: social_auth_nonce_id_seq; Type: SEQUENCE; Schema: spaapp; Owner: spauser
--

CREATE SEQUENCE social_auth_nonce_id_seq
    START WITH 1
    INCREMENT BY 1
    NO MINVALUE
    NO MAXVALUE
    CACHE 1;


ALTER TABLE social_auth_nonce_id_seq OWNER TO spauser;

--
-- Name: social_auth_nonce_id_seq; Type: SEQUENCE OWNED BY; Schema: spaapp; Owner: spauser
--

ALTER SEQUENCE social_auth_nonce_id_seq OWNED BY social_auth_nonce.id;


--
-- Name: social_auth_usersocialauth; Type: TABLE; Schema: spaapp; Owner: spauser
--

CREATE TABLE social_auth_usersocialauth (
    id integer NOT NULL,
    provider character varying(32) NOT NULL,
    uid character varying(255) NOT NULL,
    extra_data text NOT NULL,
    user_id integer NOT NULL
);


ALTER TABLE social_auth_usersocialauth OWNER TO spauser;

--
-- Name: social_auth_usersocialauth_id_seq; Type: SEQUENCE; Schema: spaapp; Owner: spauser
--

CREATE SEQUENCE social_auth_usersocialauth_id_seq
    START WITH 1
    INCREMENT BY 1
    NO MINVALUE
    NO MAXVALUE
    CACHE 1;


ALTER TABLE social_auth_usersocialauth_id_seq OWNER TO spauser;

--
-- Name: social_auth_usersocialauth_id_seq; Type: SEQUENCE OWNED BY; Schema: spaapp; Owner: spauser
--

ALTER SEQUENCE social_auth_usersocialauth_id_seq OWNED BY social_auth_usersocialauth.id;


--
-- Name: spaapp_actividadcomercial; Type: TABLE; Schema: spaapp; Owner: spauser
--

CREATE TABLE spaapp_actividadcomercial (
    id_actividad integer NOT NULL,
    tipo_actividad character varying(100) NOT NULL,
    detalles character varying(250) NOT NULL
);


ALTER TABLE spaapp_actividadcomercial OWNER TO spauser;

--
-- Name: spaapp_actividadcomercial_id_actividad_seq; Type: SEQUENCE; Schema: spaapp; Owner: spauser
--

CREATE SEQUENCE spaapp_actividadcomercial_id_actividad_seq
    START WITH 1
    INCREMENT BY 1
    NO MINVALUE
    NO MAXVALUE
    CACHE 1;


ALTER TABLE spaapp_actividadcomercial_id_actividad_seq OWNER TO spauser;

--
-- Name: spaapp_actividadcomercial_id_actividad_seq; Type: SEQUENCE OWNED BY; Schema: spaapp; Owner: spauser
--

ALTER SEQUENCE spaapp_actividadcomercial_id_actividad_seq OWNED BY spaapp_actividadcomercial.id_actividad;


--
-- Name: spaapp_catalogoestado; Type: TABLE; Schema: spaapp; Owner: spauser
--

CREATE TABLE spaapp_catalogoestado (
    id_estado integer NOT NULL,
    estado character varying(50) NOT NULL
);


ALTER TABLE spaapp_catalogoestado OWNER TO spauser;

--
-- Name: spaapp_catalogoestado_id_estado_seq; Type: SEQUENCE; Schema: spaapp; Owner: spauser
--

CREATE SEQUENCE spaapp_catalogoestado_id_estado_seq
    START WITH 1
    INCREMENT BY 1
    NO MINVALUE
    NO MAXVALUE
    CACHE 1;


ALTER TABLE spaapp_catalogoestado_id_estado_seq OWNER TO spauser;

--
-- Name: spaapp_catalogoestado_id_estado_seq; Type: SEQUENCE OWNED BY; Schema: spaapp; Owner: spauser
--

ALTER SEQUENCE spaapp_catalogoestado_id_estado_seq OWNED BY spaapp_catalogoestado.id_estado;


--
-- Name: spaapp_categoria; Type: TABLE; Schema: spaapp; Owner: spauser
--

CREATE TABLE spaapp_categoria (
    id_categoria integer NOT NULL,
    categoria character varying(150) NOT NULL,
    detalles character varying(250) NOT NULL,
    ruta_foto character varying(255)
);


ALTER TABLE spaapp_categoria OWNER TO spauser;

--
-- Name: spaapp_categoria_id_categoria_seq; Type: SEQUENCE; Schema: spaapp; Owner: spauser
--

CREATE SEQUENCE spaapp_categoria_id_categoria_seq
    START WITH 1
    INCREMENT BY 1
    NO MINVALUE
    NO MAXVALUE
    CACHE 1;


ALTER TABLE spaapp_categoria_id_categoria_seq OWNER TO spauser;

--
-- Name: spaapp_categoria_id_categoria_seq; Type: SEQUENCE OWNED BY; Schema: spaapp; Owner: spauser
--

ALTER SEQUENCE spaapp_categoria_id_categoria_seq OWNED BY spaapp_categoria.id_categoria;


--
-- Name: spaapp_ciudad; Type: TABLE; Schema: spaapp; Owner: spauser
--

CREATE TABLE spaapp_ciudad (
    id_ciudad integer NOT NULL,
    nombre character varying(80) NOT NULL,
    descripcion character varying(250) NOT NULL
);


ALTER TABLE spaapp_ciudad OWNER TO spauser;

--
-- Name: spaapp_ciudad_id_ciudad_seq; Type: SEQUENCE; Schema: spaapp; Owner: spauser
--

CREATE SEQUENCE spaapp_ciudad_id_ciudad_seq
    START WITH 1
    INCREMENT BY 1
    NO MINVALUE
    NO MAXVALUE
    CACHE 1;


ALTER TABLE spaapp_ciudad_id_ciudad_seq OWNER TO spauser;

--
-- Name: spaapp_ciudad_id_ciudad_seq; Type: SEQUENCE OWNED BY; Schema: spaapp; Owner: spauser
--

ALTER SEQUENCE spaapp_ciudad_id_ciudad_seq OWNED BY spaapp_ciudad.id_ciudad;


--
-- Name: spaapp_cliente; Type: TABLE; Schema: spaapp; Owner: spauser
--

CREATE TABLE spaapp_cliente (
    id_cliente integer NOT NULL,
    fechainicio_suscripcion date NOT NULL,
    fecha_pago date,
    detalles_adicionales character varying(250) NOT NULL,
    pedidos_activos boolean,
    id_perfil_id integer NOT NULL
);


ALTER TABLE spaapp_cliente OWNER TO spauser;

--
-- Name: spaapp_cliente_id_cliente_seq; Type: SEQUENCE; Schema: spaapp; Owner: spauser
--

CREATE SEQUENCE spaapp_cliente_id_cliente_seq
    START WITH 1
    INCREMENT BY 1
    NO MINVALUE
    NO MAXVALUE
    CACHE 1;


ALTER TABLE spaapp_cliente_id_cliente_seq OWNER TO spauser;

--
-- Name: spaapp_cliente_id_cliente_seq; Type: SEQUENCE OWNED BY; Schema: spaapp; Owner: spauser
--

ALTER SEQUENCE spaapp_cliente_id_cliente_seq OWNED BY spaapp_cliente.id_cliente;


--
-- Name: spaapp_contrato; Type: TABLE; Schema: spaapp; Owner: spauser
--

CREATE TABLE spaapp_contrato (
    id_contrato integer NOT NULL,
    codigo character varying(20) NOT NULL,
    detalles character varying(250) NOT NULL,
    vigencia integer NOT NULL,
    fecha_inicio date NOT NULL,
    "fechaFin" date NOT NULL,
    valor double precision NOT NULL,
    ruta_contrato character varying(100),
    id_proveedor_id integer,
    id_sucursal_id integer
);


ALTER TABLE spaapp_contrato OWNER TO spauser;

--
-- Name: spaapp_contrato_id_contrato_seq; Type: SEQUENCE; Schema: spaapp; Owner: spauser
--

CREATE SEQUENCE spaapp_contrato_id_contrato_seq
    START WITH 1
    INCREMENT BY 1
    NO MINVALUE
    NO MAXVALUE
    CACHE 1;


ALTER TABLE spaapp_contrato_id_contrato_seq OWNER TO spauser;

--
-- Name: spaapp_contrato_id_contrato_seq; Type: SEQUENCE OWNED BY; Schema: spaapp; Owner: spauser
--

ALTER SEQUENCE spaapp_contrato_id_contrato_seq OWNED BY spaapp_contrato.id_contrato;


--
-- Name: spaapp_coordenadas; Type: TABLE; Schema: spaapp; Owner: spauser
--

CREATE TABLE spaapp_coordenadas (
    id_coordenadas integer NOT NULL,
    latitud character varying(100) NOT NULL,
    longitud character varying(100) NOT NULL,
    fecha timestamp with time zone,
    estado integer,
    id_perfil_id integer NOT NULL
);


ALTER TABLE spaapp_coordenadas OWNER TO spauser;

--
-- Name: spaapp_coordenadas_id_coordenadas_seq; Type: SEQUENCE; Schema: spaapp; Owner: spauser
--

CREATE SEQUENCE spaapp_coordenadas_id_coordenadas_seq
    START WITH 1
    INCREMENT BY 1
    NO MINVALUE
    NO MAXVALUE
    CACHE 1;


ALTER TABLE spaapp_coordenadas_id_coordenadas_seq OWNER TO spauser;

--
-- Name: spaapp_coordenadas_id_coordenadas_seq; Type: SEQUENCE OWNED BY; Schema: spaapp; Owner: spauser
--

ALTER SEQUENCE spaapp_coordenadas_id_coordenadas_seq OWNED BY spaapp_coordenadas.id_coordenadas;


--
-- Name: spaapp_detallepedido; Type: TABLE; Schema: spaapp; Owner: spauser
--

CREATE TABLE spaapp_detallepedido (
    id_detalle integer NOT NULL,
    valor double precision NOT NULL,
    cantidad_solicitada integer NOT NULL,
    id_pedido_id integer,
    id_plato_id integer,
    tamanio_id integer,
    valor_oferta double precision
);


ALTER TABLE spaapp_detallepedido OWNER TO spauser;

--
-- Name: spaapp_detallepedido_id_detalle_seq; Type: SEQUENCE; Schema: spaapp; Owner: spauser
--

CREATE SEQUENCE spaapp_detallepedido_id_detalle_seq
    START WITH 1
    INCREMENT BY 1
    NO MINVALUE
    NO MAXVALUE
    CACHE 1;


ALTER TABLE spaapp_detallepedido_id_detalle_seq OWNER TO spauser;

--
-- Name: spaapp_detallepedido_id_detalle_seq; Type: SEQUENCE OWNED BY; Schema: spaapp; Owner: spauser
--

ALTER SEQUENCE spaapp_detallepedido_id_detalle_seq OWNED BY spaapp_detallepedido.id_detalle;


--
-- Name: spaapp_direccion; Type: TABLE; Schema: spaapp; Owner: spauser
--

CREATE TABLE spaapp_direccion (
    id_direccion integer NOT NULL,
    calle_principal character varying(100) NOT NULL,
    calle_secundaria character varying(100) NOT NULL,
    numero_casa character varying(5),
    latitud character varying(100),
    longitud character varying(100),
    referencia character varying(250) NOT NULL,
    id_perfil_id integer
);


ALTER TABLE spaapp_direccion OWNER TO spauser;

--
-- Name: spaapp_direccion_id_direccion_seq; Type: SEQUENCE; Schema: spaapp; Owner: spauser
--

CREATE SEQUENCE spaapp_direccion_id_direccion_seq
    START WITH 1
    INCREMENT BY 1
    NO MINVALUE
    NO MAXVALUE
    CACHE 1;


ALTER TABLE spaapp_direccion_id_direccion_seq OWNER TO spauser;

--
-- Name: spaapp_direccion_id_direccion_seq; Type: SEQUENCE OWNED BY; Schema: spaapp; Owner: spauser
--

ALTER SEQUENCE spaapp_direccion_id_direccion_seq OWNED BY spaapp_direccion.id_direccion;


--
-- Name: spaapp_horariotransportista; Type: TABLE; Schema: spaapp; Owner: spauser
--

CREATE TABLE spaapp_horariotransportista (
    id_horario integer NOT NULL,
    dias character varying(80) NOT NULL,
    horas character varying(50) NOT NULL,
    id_transportista_id integer NOT NULL
);


ALTER TABLE spaapp_horariotransportista OWNER TO spauser;

--
-- Name: spaapp_horariotransportista_id_horario_seq; Type: SEQUENCE; Schema: spaapp; Owner: spauser
--

CREATE SEQUENCE spaapp_horariotransportista_id_horario_seq
    START WITH 1
    INCREMENT BY 1
    NO MINVALUE
    NO MAXVALUE
    CACHE 1;


ALTER TABLE spaapp_horariotransportista_id_horario_seq OWNER TO spauser;

--
-- Name: spaapp_horariotransportista_id_horario_seq; Type: SEQUENCE OWNED BY; Schema: spaapp; Owner: spauser
--

ALTER SEQUENCE spaapp_horariotransportista_id_horario_seq OWNED BY spaapp_horariotransportista.id_horario;


--
-- Name: spaapp_ingrediente; Type: TABLE; Schema: spaapp; Owner: spauser
--

CREATE TABLE spaapp_ingrediente (
    id_ingrediente integer NOT NULL,
    nombre character varying(100) NOT NULL,
    id_proveedor_id integer
);


ALTER TABLE spaapp_ingrediente OWNER TO spauser;

--
-- Name: spaapp_ingrediente_id_ingrediente_seq; Type: SEQUENCE; Schema: spaapp; Owner: spauser
--

CREATE SEQUENCE spaapp_ingrediente_id_ingrediente_seq
    START WITH 1
    INCREMENT BY 1
    NO MINVALUE
    NO MAXVALUE
    CACHE 1;


ALTER TABLE spaapp_ingrediente_id_ingrediente_seq OWNER TO spauser;

--
-- Name: spaapp_ingrediente_id_ingrediente_seq; Type: SEQUENCE OWNED BY; Schema: spaapp; Owner: spauser
--

ALTER SEQUENCE spaapp_ingrediente_id_ingrediente_seq OWNED BY spaapp_ingrediente.id_ingrediente;


--
-- Name: spaapp_menu; Type: TABLE; Schema: spaapp; Owner: spauser
--

CREATE TABLE spaapp_menu (
    id_menu integer NOT NULL,
    id_proveedor_id integer NOT NULL
);


ALTER TABLE spaapp_menu OWNER TO spauser;

--
-- Name: spaapp_menu_id_menu_seq; Type: SEQUENCE; Schema: spaapp; Owner: spauser
--

CREATE SEQUENCE spaapp_menu_id_menu_seq
    START WITH 1
    INCREMENT BY 1
    NO MINVALUE
    NO MAXVALUE
    CACHE 1;


ALTER TABLE spaapp_menu_id_menu_seq OWNER TO spauser;

--
-- Name: spaapp_menu_id_menu_seq; Type: SEQUENCE OWNED BY; Schema: spaapp; Owner: spauser
--

ALTER SEQUENCE spaapp_menu_id_menu_seq OWNED BY spaapp_menu.id_menu;


--
-- Name: spaapp_modificardetallepedido; Type: TABLE; Schema: spaapp; Owner: spauser
--

CREATE TABLE spaapp_modificardetallepedido (
    id_modificardetallepedido integer NOT NULL,
    id_ingrediente_quitar_id integer,
    id_detallepedido_id integer
);


ALTER TABLE spaapp_modificardetallepedido OWNER TO spauser;

--
-- Name: spaapp_modificardetallepedido_id_modificardetallepedido_seq; Type: SEQUENCE; Schema: spaapp; Owner: spauser
--

CREATE SEQUENCE spaapp_modificardetallepedido_id_modificardetallepedido_seq
    START WITH 1
    INCREMENT BY 1
    NO MINVALUE
    NO MAXVALUE
    CACHE 1;


ALTER TABLE spaapp_modificardetallepedido_id_modificardetallepedido_seq OWNER TO spauser;

--
-- Name: spaapp_modificardetallepedido_id_modificardetallepedido_seq; Type: SEQUENCE OWNED BY; Schema: spaapp; Owner: spauser
--

ALTER SEQUENCE spaapp_modificardetallepedido_id_modificardetallepedido_seq OWNED BY spaapp_modificardetallepedido.id_modificardetallepedido;


--
-- Name: spaapp_pedido; Type: TABLE; Schema: spaapp; Owner: spauser
--

CREATE TABLE spaapp_pedido (
    id_pedido integer NOT NULL,
    fecha timestamp with time zone NOT NULL,
    observaciones character varying(250),
    valor double precision NOT NULL,
    tiempo integer,
    id_direccion_id integer,
    id_sucursal_id integer,
    id_tipo_pago_id integer,
    id_tipo_pedido_id integer,
    id_trasportista_id integer,
    usuario_id integer,
    id_estado_id integer,
    notificado boolean NOT NULL,
    "notificadoPersistente" character varying(1) NOT NULL
);


ALTER TABLE spaapp_pedido OWNER TO spauser;

--
-- Name: spaapp_pedido_id_pedido_seq; Type: SEQUENCE; Schema: spaapp; Owner: spauser
--

CREATE SEQUENCE spaapp_pedido_id_pedido_seq
    START WITH 1
    INCREMENT BY 1
    NO MINVALUE
    NO MAXVALUE
    CACHE 1;


ALTER TABLE spaapp_pedido_id_pedido_seq OWNER TO spauser;

--
-- Name: spaapp_pedido_id_pedido_seq; Type: SEQUENCE OWNED BY; Schema: spaapp; Owner: spauser
--

ALTER SEQUENCE spaapp_pedido_id_pedido_seq OWNED BY spaapp_pedido.id_pedido;


--
-- Name: spaapp_perfil; Type: TABLE; Schema: spaapp; Owner: spauser
--

CREATE TABLE spaapp_perfil (
    id_perfil integer NOT NULL,
    cedula character varying(11),
    fecha_nacimiento date,
    telefono character varying(10),
    genero character varying(10),
    ruta_foto character varying(100) NOT NULL,
    sim_dispositivo character varying(30),
    id_usuario_id integer NOT NULL
);


ALTER TABLE spaapp_perfil OWNER TO spauser;

--
-- Name: spaapp_perfil_id_perfil_seq; Type: SEQUENCE; Schema: spaapp; Owner: spauser
--

CREATE SEQUENCE spaapp_perfil_id_perfil_seq
    START WITH 1
    INCREMENT BY 1
    NO MINVALUE
    NO MAXVALUE
    CACHE 1;


ALTER TABLE spaapp_perfil_id_perfil_seq OWNER TO spauser;

--
-- Name: spaapp_perfil_id_perfil_seq; Type: SEQUENCE OWNED BY; Schema: spaapp; Owner: spauser
--

ALTER SEQUENCE spaapp_perfil_id_perfil_seq OWNED BY spaapp_perfil.id_perfil;


--
-- Name: spaapp_plato; Type: TABLE; Schema: spaapp; Owner: spauser
--

CREATE TABLE spaapp_plato (
    id_plato integer NOT NULL,
    nombre_producto character varying(200) NOT NULL,
    ruta_foto character varying(100) NOT NULL,
    descripcion character varying(200) NOT NULL,
    cantidad_diaria integer NOT NULL,
    venta_aproximada integer NOT NULL,
    hora_mayor_venta time without time zone NOT NULL,
    cantidad_mayor_venta integer NOT NULL,
    existencia_actual integer,
    id_platocategoria_id integer NOT NULL,
    activo boolean NOT NULL
);


ALTER TABLE spaapp_plato OWNER TO spauser;

--
-- Name: spaapp_plato_id_menu; Type: TABLE; Schema: spaapp; Owner: spauser
--

CREATE TABLE spaapp_plato_id_menu (
    id integer NOT NULL,
    plato_id integer NOT NULL,
    menu_id integer NOT NULL
);


ALTER TABLE spaapp_plato_id_menu OWNER TO spauser;

--
-- Name: spaapp_plato_id_menu_id_seq; Type: SEQUENCE; Schema: spaapp; Owner: spauser
--

CREATE SEQUENCE spaapp_plato_id_menu_id_seq
    START WITH 1
    INCREMENT BY 1
    NO MINVALUE
    NO MAXVALUE
    CACHE 1;


ALTER TABLE spaapp_plato_id_menu_id_seq OWNER TO spauser;

--
-- Name: spaapp_plato_id_menu_id_seq; Type: SEQUENCE OWNED BY; Schema: spaapp; Owner: spauser
--

ALTER SEQUENCE spaapp_plato_id_menu_id_seq OWNED BY spaapp_plato_id_menu.id;


--
-- Name: spaapp_plato_id_plato_seq; Type: SEQUENCE; Schema: spaapp; Owner: spauser
--

CREATE SEQUENCE spaapp_plato_id_plato_seq
    START WITH 1
    INCREMENT BY 1
    NO MINVALUE
    NO MAXVALUE
    CACHE 1;


ALTER TABLE spaapp_plato_id_plato_seq OWNER TO spauser;

--
-- Name: spaapp_plato_id_plato_seq; Type: SEQUENCE OWNED BY; Schema: spaapp; Owner: spauser
--

ALTER SEQUENCE spaapp_plato_id_plato_seq OWNED BY spaapp_plato.id_plato;


--
-- Name: spaapp_platocategoria; Type: TABLE; Schema: spaapp; Owner: spauser
--

CREATE TABLE spaapp_platocategoria (
    id_platocategoria integer NOT NULL,
    categoria character varying(50) NOT NULL
);


ALTER TABLE spaapp_platocategoria OWNER TO spauser;

--
-- Name: spaapp_platocategoria_id_platocategoria_seq; Type: SEQUENCE; Schema: spaapp; Owner: spauser
--

CREATE SEQUENCE spaapp_platocategoria_id_platocategoria_seq
    START WITH 1
    INCREMENT BY 1
    NO MINVALUE
    NO MAXVALUE
    CACHE 1;


ALTER TABLE spaapp_platocategoria_id_platocategoria_seq OWNER TO spauser;

--
-- Name: spaapp_platocategoria_id_platocategoria_seq; Type: SEQUENCE OWNED BY; Schema: spaapp; Owner: spauser
--

ALTER SEQUENCE spaapp_platocategoria_id_platocategoria_seq OWNED BY spaapp_platocategoria.id_platocategoria;


--
-- Name: spaapp_platoingrediente; Type: TABLE; Schema: spaapp; Owner: spauser
--

CREATE TABLE spaapp_platoingrediente (
    id_plato_ingrediente integer NOT NULL,
    requerido boolean NOT NULL,
    horafecha timestamp with time zone NOT NULL,
    id_ingrediente_id integer NOT NULL,
    id_plato_id integer NOT NULL
);


ALTER TABLE spaapp_platoingrediente OWNER TO spauser;

--
-- Name: spaapp_platoingrediente_id_plato_ingrediente_seq; Type: SEQUENCE; Schema: spaapp; Owner: spauser
--

CREATE SEQUENCE spaapp_platoingrediente_id_plato_ingrediente_seq
    START WITH 1
    INCREMENT BY 1
    NO MINVALUE
    NO MAXVALUE
    CACHE 1;


ALTER TABLE spaapp_platoingrediente_id_plato_ingrediente_seq OWNER TO spauser;

--
-- Name: spaapp_platoingrediente_id_plato_ingrediente_seq; Type: SEQUENCE OWNED BY; Schema: spaapp; Owner: spauser
--

ALTER SEQUENCE spaapp_platoingrediente_id_plato_ingrediente_seq OWNED BY spaapp_platoingrediente.id_plato_ingrediente;


--
-- Name: spaapp_proveedor; Type: TABLE; Schema: spaapp; Owner: spauser
--

CREATE TABLE spaapp_proveedor (
    id_proveedor integer NOT NULL,
    nombre_comercial character varying(100) NOT NULL,
    telefono character varying(10) NOT NULL,
    telefono_contacto character varying(10),
    prioridad integer NOT NULL,
    me_gusta integer,
    razon_social character varying(20) NOT NULL,
    id_actividad_id integer NOT NULL,
    id_categoria_id integer NOT NULL,
    id_perfil_id integer NOT NULL
);


ALTER TABLE spaapp_proveedor OWNER TO spauser;

--
-- Name: spaapp_proveedor_id_proveedor_seq; Type: SEQUENCE; Schema: spaapp; Owner: spauser
--

CREATE SEQUENCE spaapp_proveedor_id_proveedor_seq
    START WITH 1
    INCREMENT BY 1
    NO MINVALUE
    NO MAXVALUE
    CACHE 1;


ALTER TABLE spaapp_proveedor_id_proveedor_seq OWNER TO spauser;

--
-- Name: spaapp_proveedor_id_proveedor_seq; Type: SEQUENCE OWNED BY; Schema: spaapp; Owner: spauser
--

ALTER SEQUENCE spaapp_proveedor_id_proveedor_seq OWNED BY spaapp_proveedor.id_proveedor;


--
-- Name: spaapp_redsocial; Type: TABLE; Schema: spaapp; Owner: spauser
--

CREATE TABLE spaapp_redsocial (
    id_red_social integer NOT NULL,
    nombre_red_social character varying(50) NOT NULL,
    cuenta_persona character varying(100) NOT NULL,
    id_proveedor_id integer NOT NULL
);


ALTER TABLE spaapp_redsocial OWNER TO spauser;

--
-- Name: spaapp_redsocial_id_red_social_seq; Type: SEQUENCE; Schema: spaapp; Owner: spauser
--

CREATE SEQUENCE spaapp_redsocial_id_red_social_seq
    START WITH 1
    INCREMENT BY 1
    NO MINVALUE
    NO MAXVALUE
    CACHE 1;


ALTER TABLE spaapp_redsocial_id_red_social_seq OWNER TO spauser;

--
-- Name: spaapp_redsocial_id_red_social_seq; Type: SEQUENCE OWNED BY; Schema: spaapp; Owner: spauser
--

ALTER SEQUENCE spaapp_redsocial_id_red_social_seq OWNED BY spaapp_redsocial.id_red_social;


--
-- Name: spaapp_sucursal; Type: TABLE; Schema: spaapp; Owner: spauser
--

CREATE TABLE spaapp_sucursal (
    id_sucursal integer NOT NULL,
    nombre_sucursal character varying(100) NOT NULL,
    razon_social character varying(200) NOT NULL,
    telefono character varying(10) NOT NULL,
    telefono_contacto character varying(10),
    dias_atencion character varying(80) NOT NULL,
    hora_atencion character varying(50) NOT NULL,
    estado integer,
    prioridad integer,
    activo boolean DEFAULT true NOT NULL,
    hora_pico time without time zone NOT NULL,
    me_gusta integer NOT NULL,
    id_ciudad_id integer NOT NULL,
    id_direccion_id integer,
    id_menu_id integer NOT NULL,
    id_proveedor_id integer NOT NULL,
    descripcion character varying(300),
    precio_envio double precision
);


ALTER TABLE spaapp_sucursal OWNER TO spauser;

--
-- Name: spaapp_sucursal_id_sucursal_seq; Type: SEQUENCE; Schema: spaapp; Owner: spauser
--

CREATE SEQUENCE spaapp_sucursal_id_sucursal_seq
    START WITH 1
    INCREMENT BY 1
    NO MINVALUE
    NO MAXVALUE
    CACHE 1;


ALTER TABLE spaapp_sucursal_id_sucursal_seq OWNER TO spauser;

--
-- Name: spaapp_sucursal_id_sucursal_seq; Type: SEQUENCE OWNED BY; Schema: spaapp; Owner: spauser
--

ALTER SEQUENCE spaapp_sucursal_id_sucursal_seq OWNED BY spaapp_sucursal.id_sucursal;


--
-- Name: spaapp_tamanio; Type: TABLE; Schema: spaapp; Owner: spauser
--

CREATE TABLE spaapp_tamanio (
    id_tamanio integer NOT NULL,
    tamanio character varying(50) NOT NULL
);


ALTER TABLE spaapp_tamanio OWNER TO spauser;

--
-- Name: spaapp_tamanio_id_tamanio_seq; Type: SEQUENCE; Schema: spaapp; Owner: spauser
--

CREATE SEQUENCE spaapp_tamanio_id_tamanio_seq
    START WITH 1
    INCREMENT BY 1
    NO MINVALUE
    NO MAXVALUE
    CACHE 1;


ALTER TABLE spaapp_tamanio_id_tamanio_seq OWNER TO spauser;

--
-- Name: spaapp_tamanio_id_tamanio_seq; Type: SEQUENCE OWNED BY; Schema: spaapp; Owner: spauser
--

ALTER SEQUENCE spaapp_tamanio_id_tamanio_seq OWNED BY spaapp_tamanio.id_tamanio;


--
-- Name: spaapp_tamanioplato; Type: TABLE; Schema: spaapp; Owner: spauser
--

CREATE TABLE spaapp_tamanioplato (
    id_tamanioplato integer NOT NULL,
    valor double precision NOT NULL,
    id_plato_id integer NOT NULL,
    id_tamanio_id integer NOT NULL,
    activo boolean NOT NULL,
    valor_oferta double precision
);


ALTER TABLE spaapp_tamanioplato OWNER TO spauser;

--
-- Name: spaapp_tamanioplato_id_tamanioplato_seq; Type: SEQUENCE; Schema: spaapp; Owner: spauser
--

CREATE SEQUENCE spaapp_tamanioplato_id_tamanioplato_seq
    START WITH 1
    INCREMENT BY 1
    NO MINVALUE
    NO MAXVALUE
    CACHE 1;


ALTER TABLE spaapp_tamanioplato_id_tamanioplato_seq OWNER TO spauser;

--
-- Name: spaapp_tamanioplato_id_tamanioplato_seq; Type: SEQUENCE OWNED BY; Schema: spaapp; Owner: spauser
--

ALTER SEQUENCE spaapp_tamanioplato_id_tamanioplato_seq OWNED BY spaapp_tamanioplato.id_tamanioplato;


--
-- Name: spaapp_tipopago; Type: TABLE; Schema: spaapp; Owner: spauser
--

CREATE TABLE spaapp_tipopago (
    id_tipo_pago integer NOT NULL,
    tipo_pago character varying(50) NOT NULL,
    observaciones character varying(250) NOT NULL
);


ALTER TABLE spaapp_tipopago OWNER TO spauser;

--
-- Name: spaapp_tipopago_id_tipo_pago_seq; Type: SEQUENCE; Schema: spaapp; Owner: spauser
--

CREATE SEQUENCE spaapp_tipopago_id_tipo_pago_seq
    START WITH 1
    INCREMENT BY 1
    NO MINVALUE
    NO MAXVALUE
    CACHE 1;


ALTER TABLE spaapp_tipopago_id_tipo_pago_seq OWNER TO spauser;

--
-- Name: spaapp_tipopago_id_tipo_pago_seq; Type: SEQUENCE OWNED BY; Schema: spaapp; Owner: spauser
--

ALTER SEQUENCE spaapp_tipopago_id_tipo_pago_seq OWNED BY spaapp_tipopago.id_tipo_pago;


--
-- Name: spaapp_tipopedido; Type: TABLE; Schema: spaapp; Owner: spauser
--

CREATE TABLE spaapp_tipopedido (
    id_tipo_pedido integer NOT NULL,
    tipo_pedido character varying(50) NOT NULL,
    observaciones character varying(250) NOT NULL
);


ALTER TABLE spaapp_tipopedido OWNER TO spauser;

--
-- Name: spaapp_tipopedido_id_tipo_pedido_seq; Type: SEQUENCE; Schema: spaapp; Owner: spauser
--

CREATE SEQUENCE spaapp_tipopedido_id_tipo_pedido_seq
    START WITH 1
    INCREMENT BY 1
    NO MINVALUE
    NO MAXVALUE
    CACHE 1;


ALTER TABLE spaapp_tipopedido_id_tipo_pedido_seq OWNER TO spauser;

--
-- Name: spaapp_tipopedido_id_tipo_pedido_seq; Type: SEQUENCE OWNED BY; Schema: spaapp; Owner: spauser
--

ALTER SEQUENCE spaapp_tipopedido_id_tipo_pedido_seq OWNED BY spaapp_tipopedido.id_tipo_pedido;


--
-- Name: spaapp_transportista; Type: TABLE; Schema: spaapp; Owner: spauser
--

CREATE TABLE spaapp_transportista (
    id_transportista integer NOT NULL,
    tipo_transporte character varying(20) NOT NULL,
    tipo_servicio character varying(50) NOT NULL,
    id_perfil_id integer NOT NULL
);


ALTER TABLE spaapp_transportista OWNER TO spauser;

--
-- Name: spaapp_transportista_id_transportista_seq; Type: SEQUENCE; Schema: spaapp; Owner: spauser
--

CREATE SEQUENCE spaapp_transportista_id_transportista_seq
    START WITH 1
    INCREMENT BY 1
    NO MINVALUE
    NO MAXVALUE
    CACHE 1;


ALTER TABLE spaapp_transportista_id_transportista_seq OWNER TO spauser;

--
-- Name: spaapp_transportista_id_transportista_seq; Type: SEQUENCE OWNED BY; Schema: spaapp; Owner: spauser
--

ALTER SEQUENCE spaapp_transportista_id_transportista_seq OWNED BY spaapp_transportista.id_transportista;


--
-- Name: spaapp_valoracion; Type: TABLE; Schema: spaapp; Owner: spauser
--

CREATE TABLE spaapp_valoracion (
    id_valoracion integer NOT NULL,
    observaciones character varying(200),
    valoracion_general integer,
    id_pedido_id integer,
    id_sucursal_id integer,
    usuario_id integer NOT NULL,
    valor_sucursal integer
);


ALTER TABLE spaapp_valoracion OWNER TO spauser;

--
-- Name: spaapp_valoracion_id_valoracion_seq; Type: SEQUENCE; Schema: spaapp; Owner: spauser
--

CREATE SEQUENCE spaapp_valoracion_id_valoracion_seq
    START WITH 1
    INCREMENT BY 1
    NO MINVALUE
    NO MAXVALUE
    CACHE 1;


ALTER TABLE spaapp_valoracion_id_valoracion_seq OWNER TO spauser;

--
-- Name: spaapp_valoracion_id_valoracion_seq; Type: SEQUENCE OWNED BY; Schema: spaapp; Owner: spauser
--

ALTER SEQUENCE spaapp_valoracion_id_valoracion_seq OWNED BY spaapp_valoracion.id_valoracion;


--
-- Name: id; Type: DEFAULT; Schema: spaapp; Owner: spauser
--

ALTER TABLE ONLY "administracionAPP_contacto" ALTER COLUMN id SET DEFAULT nextval('"administracionAPP_contacto_id_seq"'::regclass);


--
-- Name: id; Type: DEFAULT; Schema: spaapp; Owner: spauser
--

ALTER TABLE ONLY auth_group ALTER COLUMN id SET DEFAULT nextval('auth_group_id_seq'::regclass);


--
-- Name: id; Type: DEFAULT; Schema: spaapp; Owner: spauser
--

ALTER TABLE ONLY auth_group_permissions ALTER COLUMN id SET DEFAULT nextval('auth_group_permissions_id_seq'::regclass);


--
-- Name: id; Type: DEFAULT; Schema: spaapp; Owner: spauser
--

ALTER TABLE ONLY auth_permission ALTER COLUMN id SET DEFAULT nextval('auth_permission_id_seq'::regclass);


--
-- Name: id; Type: DEFAULT; Schema: spaapp; Owner: spauser
--

ALTER TABLE ONLY auth_user ALTER COLUMN id SET DEFAULT nextval('auth_user_id_seq'::regclass);


--
-- Name: id; Type: DEFAULT; Schema: spaapp; Owner: spauser
--

ALTER TABLE ONLY auth_user_groups ALTER COLUMN id SET DEFAULT nextval('auth_user_groups_id_seq'::regclass);


--
-- Name: id; Type: DEFAULT; Schema: spaapp; Owner: spauser
--

ALTER TABLE ONLY auth_user_user_permissions ALTER COLUMN id SET DEFAULT nextval('auth_user_user_permissions_id_seq'::regclass);


--
-- Name: id; Type: DEFAULT; Schema: spaapp; Owner: spauser
--

ALTER TABLE ONLY django_admin_log ALTER COLUMN id SET DEFAULT nextval('django_admin_log_id_seq'::regclass);


--
-- Name: id; Type: DEFAULT; Schema: spaapp; Owner: spauser
--

ALTER TABLE ONLY django_content_type ALTER COLUMN id SET DEFAULT nextval('django_content_type_id_seq'::regclass);


--
-- Name: id; Type: DEFAULT; Schema: spaapp; Owner: spauser
--

ALTER TABLE ONLY django_migrations ALTER COLUMN id SET DEFAULT nextval('django_migrations_id_seq'::regclass);


--
-- Name: id; Type: DEFAULT; Schema: spaapp; Owner: spauser
--

ALTER TABLE ONLY social_auth_association ALTER COLUMN id SET DEFAULT nextval('social_auth_association_id_seq'::regclass);


--
-- Name: id; Type: DEFAULT; Schema: spaapp; Owner: spauser
--

ALTER TABLE ONLY social_auth_code ALTER COLUMN id SET DEFAULT nextval('social_auth_code_id_seq'::regclass);


--
-- Name: id; Type: DEFAULT; Schema: spaapp; Owner: spauser
--

ALTER TABLE ONLY social_auth_nonce ALTER COLUMN id SET DEFAULT nextval('social_auth_nonce_id_seq'::regclass);


--
-- Name: id; Type: DEFAULT; Schema: spaapp; Owner: spauser
--

ALTER TABLE ONLY social_auth_usersocialauth ALTER COLUMN id SET DEFAULT nextval('social_auth_usersocialauth_id_seq'::regclass);


--
-- Name: id_actividad; Type: DEFAULT; Schema: spaapp; Owner: spauser
--

ALTER TABLE ONLY spaapp_actividadcomercial ALTER COLUMN id_actividad SET DEFAULT nextval('spaapp_actividadcomercial_id_actividad_seq'::regclass);


--
-- Name: id_estado; Type: DEFAULT; Schema: spaapp; Owner: spauser
--

ALTER TABLE ONLY spaapp_catalogoestado ALTER COLUMN id_estado SET DEFAULT nextval('spaapp_catalogoestado_id_estado_seq'::regclass);


--
-- Name: id_categoria; Type: DEFAULT; Schema: spaapp; Owner: spauser
--

ALTER TABLE ONLY spaapp_categoria ALTER COLUMN id_categoria SET DEFAULT nextval('spaapp_categoria_id_categoria_seq'::regclass);


--
-- Name: id_ciudad; Type: DEFAULT; Schema: spaapp; Owner: spauser
--

ALTER TABLE ONLY spaapp_ciudad ALTER COLUMN id_ciudad SET DEFAULT nextval('spaapp_ciudad_id_ciudad_seq'::regclass);


--
-- Name: id_cliente; Type: DEFAULT; Schema: spaapp; Owner: spauser
--

ALTER TABLE ONLY spaapp_cliente ALTER COLUMN id_cliente SET DEFAULT nextval('spaapp_cliente_id_cliente_seq'::regclass);


--
-- Name: id_contrato; Type: DEFAULT; Schema: spaapp; Owner: spauser
--

ALTER TABLE ONLY spaapp_contrato ALTER COLUMN id_contrato SET DEFAULT nextval('spaapp_contrato_id_contrato_seq'::regclass);


--
-- Name: id_coordenadas; Type: DEFAULT; Schema: spaapp; Owner: spauser
--

ALTER TABLE ONLY spaapp_coordenadas ALTER COLUMN id_coordenadas SET DEFAULT nextval('spaapp_coordenadas_id_coordenadas_seq'::regclass);


--
-- Name: id_detalle; Type: DEFAULT; Schema: spaapp; Owner: spauser
--

ALTER TABLE ONLY spaapp_detallepedido ALTER COLUMN id_detalle SET DEFAULT nextval('spaapp_detallepedido_id_detalle_seq'::regclass);


--
-- Name: id_direccion; Type: DEFAULT; Schema: spaapp; Owner: spauser
--

ALTER TABLE ONLY spaapp_direccion ALTER COLUMN id_direccion SET DEFAULT nextval('spaapp_direccion_id_direccion_seq'::regclass);


--
-- Name: id_horario; Type: DEFAULT; Schema: spaapp; Owner: spauser
--

ALTER TABLE ONLY spaapp_horariotransportista ALTER COLUMN id_horario SET DEFAULT nextval('spaapp_horariotransportista_id_horario_seq'::regclass);


--
-- Name: id_ingrediente; Type: DEFAULT; Schema: spaapp; Owner: spauser
--

ALTER TABLE ONLY spaapp_ingrediente ALTER COLUMN id_ingrediente SET DEFAULT nextval('spaapp_ingrediente_id_ingrediente_seq'::regclass);


--
-- Name: id_menu; Type: DEFAULT; Schema: spaapp; Owner: spauser
--

ALTER TABLE ONLY spaapp_menu ALTER COLUMN id_menu SET DEFAULT nextval('spaapp_menu_id_menu_seq'::regclass);


--
-- Name: id_modificardetallepedido; Type: DEFAULT; Schema: spaapp; Owner: spauser
--

ALTER TABLE ONLY spaapp_modificardetallepedido ALTER COLUMN id_modificardetallepedido SET DEFAULT nextval('spaapp_modificardetallepedido_id_modificardetallepedido_seq'::regclass);


--
-- Name: id_pedido; Type: DEFAULT; Schema: spaapp; Owner: spauser
--

ALTER TABLE ONLY spaapp_pedido ALTER COLUMN id_pedido SET DEFAULT nextval('spaapp_pedido_id_pedido_seq'::regclass);


--
-- Name: id_perfil; Type: DEFAULT; Schema: spaapp; Owner: spauser
--

ALTER TABLE ONLY spaapp_perfil ALTER COLUMN id_perfil SET DEFAULT nextval('spaapp_perfil_id_perfil_seq'::regclass);


--
-- Name: id_plato; Type: DEFAULT; Schema: spaapp; Owner: spauser
--

ALTER TABLE ONLY spaapp_plato ALTER COLUMN id_plato SET DEFAULT nextval('spaapp_plato_id_plato_seq'::regclass);


--
-- Name: id; Type: DEFAULT; Schema: spaapp; Owner: spauser
--

ALTER TABLE ONLY spaapp_plato_id_menu ALTER COLUMN id SET DEFAULT nextval('spaapp_plato_id_menu_id_seq'::regclass);


--
-- Name: id_platocategoria; Type: DEFAULT; Schema: spaapp; Owner: spauser
--

ALTER TABLE ONLY spaapp_platocategoria ALTER COLUMN id_platocategoria SET DEFAULT nextval('spaapp_platocategoria_id_platocategoria_seq'::regclass);


--
-- Name: id_plato_ingrediente; Type: DEFAULT; Schema: spaapp; Owner: spauser
--

ALTER TABLE ONLY spaapp_platoingrediente ALTER COLUMN id_plato_ingrediente SET DEFAULT nextval('spaapp_platoingrediente_id_plato_ingrediente_seq'::regclass);


--
-- Name: id_proveedor; Type: DEFAULT; Schema: spaapp; Owner: spauser
--

ALTER TABLE ONLY spaapp_proveedor ALTER COLUMN id_proveedor SET DEFAULT nextval('spaapp_proveedor_id_proveedor_seq'::regclass);


--
-- Name: id_red_social; Type: DEFAULT; Schema: spaapp; Owner: spauser
--

ALTER TABLE ONLY spaapp_redsocial ALTER COLUMN id_red_social SET DEFAULT nextval('spaapp_redsocial_id_red_social_seq'::regclass);


--
-- Name: id_sucursal; Type: DEFAULT; Schema: spaapp; Owner: spauser
--

ALTER TABLE ONLY spaapp_sucursal ALTER COLUMN id_sucursal SET DEFAULT nextval('spaapp_sucursal_id_sucursal_seq'::regclass);


--
-- Name: id_tamanio; Type: DEFAULT; Schema: spaapp; Owner: spauser
--

ALTER TABLE ONLY spaapp_tamanio ALTER COLUMN id_tamanio SET DEFAULT nextval('spaapp_tamanio_id_tamanio_seq'::regclass);


--
-- Name: id_tamanioplato; Type: DEFAULT; Schema: spaapp; Owner: spauser
--

ALTER TABLE ONLY spaapp_tamanioplato ALTER COLUMN id_tamanioplato SET DEFAULT nextval('spaapp_tamanioplato_id_tamanioplato_seq'::regclass);


--
-- Name: id_tipo_pago; Type: DEFAULT; Schema: spaapp; Owner: spauser
--

ALTER TABLE ONLY spaapp_tipopago ALTER COLUMN id_tipo_pago SET DEFAULT nextval('spaapp_tipopago_id_tipo_pago_seq'::regclass);


--
-- Name: id_tipo_pedido; Type: DEFAULT; Schema: spaapp; Owner: spauser
--

ALTER TABLE ONLY spaapp_tipopedido ALTER COLUMN id_tipo_pedido SET DEFAULT nextval('spaapp_tipopedido_id_tipo_pedido_seq'::regclass);


--
-- Name: id_transportista; Type: DEFAULT; Schema: spaapp; Owner: spauser
--

ALTER TABLE ONLY spaapp_transportista ALTER COLUMN id_transportista SET DEFAULT nextval('spaapp_transportista_id_transportista_seq'::regclass);


--
-- Name: id_valoracion; Type: DEFAULT; Schema: spaapp; Owner: spauser
--

ALTER TABLE ONLY spaapp_valoracion ALTER COLUMN id_valoracion SET DEFAULT nextval('spaapp_valoracion_id_valoracion_seq'::regclass);


--
-- Data for Name: administracionAPP_contacto; Type: TABLE DATA; Schema: spaapp; Owner: spauser
--

COPY "administracionAPP_contacto" (id, nombre_propietario, apellidos, ciudad, nombre_empresa, direccion, tipo_negocio, telefono, correo) FROM stdin;
11	Nadia	Paucar Cabrera	Loja	vsavas	Loja	dada	985116900	\N
12	Nadia	Paucar Cabrera	Loja	ttttttttt	Loja	ttttttttttt	985116900	\N
13	Nadia	Paucar Cabrera	Loja	bbbbbbbbbbb	Loja	bbbbbbbbbb	985116900	\N
14	Nadia	Paucar Cabrera	Loja	vvvvvvvvvvv	Loja	vvvvvvvvvvvv	985116900	\N
15	Nadia	Paucar Cabrera	Loja	xxxxxxxxx	Loja	xxxxxxxxxx	985116900	\N
16	Nadia	Paucar Cabrera	Loja	adADa	Loja	vsvasv	985116900	\N
17	Nadia	Paucar Cabrera	Loja	dsds	Loja	vsvasv	985116900	\N
18	Nadia	Paucar Cabrera	Loja	holaaaaaaa	Loja	dada	985116900	mmmm@c.com
19	qqqqqqq	qqqqqqqqq	qqqqqqq	qqqqqqq	qqqqqqq	qqqqqqqqqq	985116900	vvvaaa@aaa.com
20	Nnnnnn	nnnnnn	nnnnnnnn	nnnnnnnn	nnnnnnnnnn	nnnnnnnnnn	985116900	hhhha@a.com
21	nombre	apellido	loja	Loja	dir	tipo	46464874	pamefer.95@gmail.com
\.


--
-- Name: administracionAPP_contacto_id_seq; Type: SEQUENCE SET; Schema: spaapp; Owner: spauser
--

SELECT pg_catalog.setval('"administracionAPP_contacto_id_seq"', 21, true);


--
-- Data for Name: auth_group; Type: TABLE DATA; Schema: spaapp; Owner: spauser
--

COPY auth_group (id, name) FROM stdin;
2	Proveedor
3	Transportista
1	Cliente
\.


--
-- Name: auth_group_id_seq; Type: SEQUENCE SET; Schema: spaapp; Owner: spauser
--

SELECT pg_catalog.setval('auth_group_id_seq', 3, true);


--
-- Data for Name: auth_group_permissions; Type: TABLE DATA; Schema: spaapp; Owner: spauser
--

COPY auth_group_permissions (id, group_id, permission_id) FROM stdin;
1	1	116
2	1	117
3	1	120
4	2	116
5	2	115
6	2	117
7	2	118
8	2	119
9	2	122
10	3	115
11	3	118
12	3	119
13	3	121
\.


--
-- Name: auth_group_permissions_id_seq; Type: SEQUENCE SET; Schema: spaapp; Owner: spauser
--

SELECT pg_catalog.setval('auth_group_permissions_id_seq', 14, true);


--
-- Data for Name: auth_permission; Type: TABLE DATA; Schema: spaapp; Owner: spauser
--

COPY auth_permission (id, name, content_type_id, codename) FROM stdin;
1	Can add log entry	2	add_logentry
2	Can change log entry	2	change_logentry
3	Can delete log entry	2	delete_logentry
4	Can add permission	3	add_permission
5	Can change permission	3	change_permission
6	Can delete permission	3	delete_permission
7	Can add group	4	add_group
8	Can change group	4	change_group
9	Can delete group	4	delete_group
10	Can add user	5	add_user
11	Can change user	5	change_user
12	Can delete user	5	delete_user
13	Can add content type	6	add_contenttype
14	Can change content type	6	change_contenttype
15	Can delete content type	6	delete_contenttype
16	Can add session	7	add_session
17	Can change session	7	change_session
18	Can delete session	7	delete_session
19	Can add Actividad Comercial	8	add_actividadcomercial
20	Can change Actividad Comercial	8	change_actividadcomercial
21	Can delete Actividad Comercial	8	delete_actividadcomercial
22	Can add perfil	9	add_perfil
23	Can change perfil	9	change_perfil
24	Can delete perfil	9	delete_perfil
25	Can add categoria	10	add_categoria
26	Can change categoria	10	change_categoria
27	Can delete categoria	10	delete_categoria
28	Can add proveedor	11	add_proveedor
29	Can change proveedor	11	change_proveedor
30	Can delete proveedor	11	delete_proveedor
31	Can add ciudad	12	add_ciudad
32	Can change ciudad	12	change_ciudad
33	Can delete ciudad	12	delete_ciudad
34	Can add direccion	13	add_direccion
35	Can change direccion	13	change_direccion
36	Can delete direccion	13	delete_direccion
37	Can add cliente	14	add_cliente
38	Can change cliente	14	change_cliente
39	Can delete cliente	14	delete_cliente
40	Can add menu	15	add_menu
41	Can change menu	15	change_menu
42	Can delete menu	15	delete_menu
43	Can add sucursal	16	add_sucursal
44	Can change sucursal	16	change_sucursal
45	Can delete sucursal	16	delete_sucursal
46	Can add contrato	17	add_contrato
47	Can change contrato	17	change_contrato
48	Can delete contrato	17	delete_contrato
49	Can add transportista	18	add_transportista
50	Can change transportista	18	change_transportista
51	Can delete transportista	18	delete_transportista
52	Can add Coordenada	19	add_coordenadas
53	Can change Coordenada	19	change_coordenadas
54	Can delete Coordenada	19	delete_coordenadas
55	Can add tipo pago	20	add_tipopago
56	Can change tipo pago	20	change_tipopago
57	Can delete tipo pago	20	delete_tipopago
58	Can add tipo pedido	21	add_tipopedido
59	Can change tipo pedido	21	change_tipopedido
60	Can delete tipo pedido	21	delete_tipopedido
61	Can add pedido	22	add_pedido
62	Can change pedido	22	change_pedido
63	Can delete pedido	22	delete_pedido
64	Can add plato categoria	23	add_platocategoria
65	Can change plato categoria	23	change_platocategoria
66	Can delete plato categoria	23	delete_platocategoria
67	Can add plato	24	add_plato
68	Can change plato	24	change_plato
69	Can delete plato	24	delete_plato
70	Can add tamanio	25	add_tamanio
71	Can change tamanio	25	change_tamanio
72	Can delete tamanio	25	delete_tamanio
73	Can add tamanio plato	26	add_tamanioplato
74	Can change tamanio plato	26	change_tamanioplato
75	Can delete tamanio plato	26	delete_tamanioplato
76	Can add Detalle de pedido	27	add_detallepedido
77	Can change Detalle de pedido	27	change_detallepedido
78	Can delete Detalle de pedido	27	delete_detallepedido
79	Can add ingrediente	28	add_ingrediente
80	Can change ingrediente	28	change_ingrediente
81	Can delete ingrediente	28	delete_ingrediente
82	Can add Horario de transportista	29	add_horariotransportista
83	Can change Horario de transportista	29	change_horariotransportista
84	Can delete Horario de transportista	29	delete_horariotransportista
85	Can add modificardetallepedido	30	add_modificardetallepedido
86	Can change modificardetallepedido	30	change_modificardetallepedido
87	Can delete modificardetallepedido	30	delete_modificardetallepedido
88	Can add plato ingrediente	31	add_platoingrediente
89	Can change plato ingrediente	31	change_platoingrediente
90	Can delete plato ingrediente	31	delete_platoingrediente
91	Can add Red social	32	add_redsocial
92	Can change Red social	32	change_redsocial
93	Can delete Red social	32	delete_redsocial
94	Can add valoracion	33	add_valoracion
95	Can change valoracion	33	change_valoracion
96	Can delete valoracion	33	delete_valoracion
97	Can add contacto	34	add_contacto
98	Can change contacto	34	change_contacto
99	Can delete contacto	34	delete_contacto
100	Can add cors model	35	add_corsmodel
101	Can change cors model	35	change_corsmodel
102	Can delete cors model	35	delete_corsmodel
103	Can add user social auth	36	add_usersocialauth
104	Can change user social auth	36	change_usersocialauth
105	Can delete user social auth	36	delete_usersocialauth
106	Can add nonce	37	add_nonce
107	Can change nonce	37	change_nonce
108	Can delete nonce	37	delete_nonce
109	Can add association	38	add_association
110	Can change association	38	change_association
111	Can delete association	38	delete_association
112	Can add code	39	add_code
113	Can change code	39	change_code
114	Can delete code	39	delete_code
115	Read Profile Client Restricted	9	rpcr
116	Read Profile Transportista Acceso Total	9	rpta
117	Read Transportista Restricted	18	rtr
118	Read Client Restricted	14	rrc
119	Read Direccion Cliente Restricted	13	rdcr
120	Es Cliente	14	esCliente
121	Es Transportista	18	esTransportista
122	Es Proveedor	11	esProveedor
123	Can add catalogo estado	40	add_catalogoestado
124	Can change catalogo estado	40	change_catalogoestado
125	Can delete catalogo estado	40	delete_catalogoestado
\.


--
-- Name: auth_permission_id_seq; Type: SEQUENCE SET; Schema: spaapp; Owner: spauser
--

SELECT pg_catalog.setval('auth_permission_id_seq', 125, true);


--
-- Data for Name: auth_user; Type: TABLE DATA; Schema: spaapp; Owner: spauser
--

COPY auth_user (id, password, last_login, is_superuser, username, first_name, last_name, email, is_staff, is_active, date_joined) FROM stdin;
12	pbkdf2_sha256$24000$HtuXmxTeRqyL$Njr1uHceH9EZxGJiFe4gXIkGCJJbwCuqkh5M1yYPwJQ=	2016-08-05 09:50:32.752293-05	f	mileiva	Milton	Leiva	mileiva@utpl.edu.ec	f	t	2016-08-01 14:33:19.44345-05
8	pbkdf2_sha256$24000$qNZ7WHHyykAy$b2mSftD201hNXb7dyy+usYfMa4NDyAbC4NA8UwYgH9Y=	\N	f	chamelion				f	t	2016-07-28 20:11:47.163683-05
10	pbkdf2_sha256$24000$6bgVcVaYAXwS$NU+zXJH/GgDBbl2eWk0clCxHnqyM/IsVng1kGmyqiO4=	\N	f	tonys				f	t	2016-07-28 20:14:12.452188-05
29	pbkdf2_sha256$24000$rWQhXSVXEqUT$3jpAuJqbaHY9LeMWeSck5Xpwxw9fIv3w6HjLiiNfkws=	\N	f	posix	posix	posix	p@g.com	f	t	2016-08-08 11:24:41.153563-05
20	pbkdf2_sha256$24000$8tUyY5ocvtPb$6znCQT7l8mjDlh6lMs3iD50NraNTEYQ6NlpbFlmh/dg=	\N	f	hola1	hola	hola	hola@gmail.com	f	t	2016-08-05 19:52:01.007523-05
11	pbkdf2_sha256$24000$HrliZ4y5yUNX$fvKgnoXbuOxep2DR9fE6qicpX0UJLn3D/KONvwgjFvk=	2016-08-29 10:39:49.59904-05	f	cliente1				f	t	2016-07-28 20:46:07.635535-05
2	pbkdf2_sha256$24000$CnEi2a5F78Kt$jRxS7acwFsMmzBTO9idqsZvy17aloT9gFQbJoILvX0E=	2016-09-13 12:37:34.556928-05	t	admin			bsbnadiapc@hotmail.com	t	t	2016-07-28 19:56:26.739528-05
14	pbkdf2_sha256$24000$bdfVfg5iZZ9h$+fr24IGm0bACx/2yE0HqDS8W2TUoi/gLNeuk9MIXuf4=	2016-08-01 18:48:42.009257-05	f	hola	Hola	Hola	aaaa@hhh.com	f	t	2016-08-01 18:48:35.863843-05
40	pbkdf2_sha256$24000$eOm7DjXmgPYw$OrH6LjYQkEJo0GAKVV9pQAzSkJE3oanSQ2h1OHJ8Mh4=	\N	f	ggggg	ggggg	ggg	byjose007@gmailk.com	f	t	2016-08-09 16:39:52.722905-05
3	pbkdf2_sha256$24000$KqApxeOZFuHb$j6umz0UhXih1KqOfFr2BFm3XiPWfeRKsZ/KPE3rNarU=	2016-09-13 12:49:08.686703-05	f	transportista				f	t	2016-07-28 19:59:20-05
32	pbkdf2_sha256$24000$LaYbtKRE4P65$yLVi3uaj2ms5M4uhq1aFgaehGO1MKZawJqQuxSD1XRs=	2016-08-08 12:43:57.56415-05	f	pameliz	pameliz	pameliz	pam@gmail.com	f	t	2016-08-08 12:37:23.399844-05
6	pbkdf2_sha256$24000$0j2DG22e2YHH$fo/V5vWPWU3iIhWUaQbJp6KoUAHlH9ethCCPyD7N7fg=	2016-07-28 20:44:49-05	f	chino				f	t	2016-07-28 20:08:58-05
13	pbkdf2_sha256$24000$Sz60GFfE1kLG$zH+oz3wOIk5vxngO0xey67vJUU0pPD0nYQUp1g4WnCY=	2016-08-09 15:24:26.1701-05	f	nadia	Nadia	aaaa	aaaa@hhh.com	f	t	2016-08-01 17:28:47.462339-05
116	pbkdf2_sha256$24000$XZDkvE5FmgpC$GmUy4DXWPqXLIrN8gX/6EL5Z1Wa9GbQ4EXNTnGGCM7g=	2016-08-25 19:31:40.590024-05	f	ricox	ricox	ricox	ricox@gmail.com	f	t	2016-08-25 19:31:40.390314-05
41	pbkdf2_sha256$24000$l6JJUJQbiFht$tHibNZFFB+BFkCNdICFE8T/qAVn1la8za62urt/Pq1I=	\N	f	dickson	1234	á	a@b.com	f	t	2016-08-09 19:15:59.095716-05
4	pbkdf2_sha256$24000$5ZHhHx4zX14I$uQnhxFIWQ+IITdD+6555IIiBWJAGlz54eQeP78tO+SA=	2016-09-13 13:19:31.81116-05	f	pizza				f	t	2016-07-28 20:05:40-05
45	pbkdf2_sha256$24000$4ph6pyXiCrVq$Lxk6rWRH0654OjCAapN8CG57YjFzcs0FWd093MGQ5aQ=	\N	f	hfh	hdhd	hshs	hs@vdv.es	f	t	2016-08-09 19:51:32.811464-05
5	pbkdf2_sha256$24000$F1q2Wtmz8Z8x$xcJvaoWzQAI6DgNkzuiLDBKS3C+U+0+/SQAb3C4XuSg=	2016-09-05 12:48:42.068752-05	f	chinito				f	t	2016-07-28 20:07:12-05
16	pbkdf2_sha256$24000$7lmMQlLRKqBQ$SThCWqPoo2ib/S0qlzjhqFmkUJyo+i6WsJWWtj5+AXE=	2016-08-02 17:37:56.387539-05	f	pppp	PPPP	pPPP	aaaa@hhh.com	f	t	2016-08-01 18:59:59.33102-05
42	pbkdf2_sha256$24000$vLAIcswLW1fo$TgdujnhcrX/XPF2Z1kPRA58VgNfHP9JIp7duyLoJQz8=	\N	f	dickson2	123456	12345	dk@armijos.es	f	t	2016-08-09 19:23:18.809872-05
7	pbkdf2_sha256$24000$Y2i7bGayjd5J$VeG6xu3ek/0efjYyfU2RTGJugYU6rC+dOSTHzSQpReo=	2016-08-23 16:39:28.700675-05	f	icecreamsocial				f	t	2016-07-28 20:11:05-05
22	pbkdf2_sha256$24000$fdoln7v3p3bP$D38T5HjBaxf5MvSvbpR1AbYUQjxjp93km/gKCG0oxQc=	\N	f	armijos	armijos	armijos	a@gmail.com	f	t	2016-08-08 10:50:45.620835-05
23	pbkdf2_sha256$24000$x4K27HieSbIh$sFomLx85rsa3PfT0KrnyvWkU0iVRThXO3l3xFzwgQn8=	\N	f	lola	lola	lola	lola@gmail.com	f	t	2016-08-08 10:52:35.311279-05
17	pbkdf2_sha256$24000$DAf1nJvKiWCU$zPIhLzMZCbL/52Z19+Xd268H0gxhzhrJql2Yj5yZ104=	2016-08-04 18:13:43.618189-05	f	nadia2	nnnnn	ppppp	aaaa@hhh.com	f	t	2016-08-02 16:25:32.907172-05
24	pbkdf2_sha256$24000$YzyCSIGo4tBx$nFiqksbSwNhADVVyTcMFhRF1rHgZPvP636Sy9GgoLjc=	\N	f	n	n	n	ne@gmail.com	f	t	2016-08-08 10:53:29.428634-05
33	pbkdf2_sha256$24000$qRL4JaadYyuz$jlvcSlYhwPyaQFkLjRtAMnYuUOAy74ISYygZjquDkd0=	2016-08-08 13:23:02.567125-05	f	prueba	prueba	prueba	prueba@g.com	f	t	2016-08-08 13:22:57.470733-05
35	pbkdf2_sha256$24000$IXj7etw1ymAT$3qabLqp5xjZyRAzxgFOJIIuLpbmKTUyawOOclD5WDoA=	2016-08-09 06:53:43.881826-05	f	pamm	pam	pam	p@g.com	f	t	2016-08-09 05:54:02.815123-05
18	pbkdf2_sha256$24000$WrOICHZliOuI$CO/04wIW2F7rgpBDggBQarA7iJwSIxqMYaQpwB9qvEY=	2016-08-03 17:33:18.90328-05	f	nadia3	aaaaa	bbbbb	aaaa@hhh.com	f	t	2016-08-02 18:42:59.561961-05
27	pbkdf2_sha256$24000$D1LoQwU5rAnh$Q7TzJlxWCbdNTvXMCtJAke73gGtGfxJOn+dAsucmVHQ=	\N	f	lik	lik	lik	lik@gm.com	f	t	2016-08-08 11:12:57.590545-05
28	pbkdf2_sha256$24000$dVQdyT5holv8$dW9bat1mwUjjHS4aqu9tUqEOSgagLdT5qj9mv+l+pWc=	\N	f	lim	lim	lim	lim@g.com	f	t	2016-08-08 11:13:51.257095-05
47	pbkdf2_sha256$24000$nm3Uz6fJlo1s$uLkw8KZXzOJSO6pird2uqnLlcBfN0XROOhyyYkA5l1Y=	2016-08-11 10:07:48.26449-05	f	clienete2	test	test	test@sds.com	f	t	2016-08-10 13:39:43.598523-05
30	pbkdf2_sha256$24000$f8ilTqq8jFyM$IymYONPv/IGCfmi5WOIZCR/O5hIr5PGwScPS+DuYkRs=	2016-08-09 05:15:08.683906-05	f	nich	nic	nic	nic@gmail.com	f	t	2016-08-08 11:30:51.859126-05
43	pbkdf2_sha256$24000$j5lgTTFcK6Zs$KPpLm7wUkw0DX7zG6R2wcedBRxId5tvH6gxljIH/Izk=	2016-08-09 19:32:14.658534-05	f	dickson4	dickson	armijos	darmijos@cid.com	f	t	2016-08-09 19:32:04.80755-05
46	pbkdf2_sha256$24000$XTM2ANtKeOJ9$ggptbuv/HwKT/k+skv+TZAlSBvy9zR3zbY/+HGJAFHQ=	\N	f	jiplaza	cheo	plaza	jiplaza@hotmail.com	f	t	2016-08-10 10:53:59.921709-05
44	pbkdf2_sha256$24000$GnDI7xJh3AvU$3j6CZHtiWbze5pJRax2hCH5PYc+PYKYYgfCM+mMlksQ=	\N	f	:Carlos	huds	hsus	lala@lala.com	f	t	2016-08-09 19:44:30.674755-05
19	pbkdf2_sha256$24000$pfB7o1M68V2N$w6wC7s6FnZAel49w/8iiaCuf5QD7z+WDkIm1sOvMsVA=	2016-08-17 19:10:05.036627-05	f	cliente3	nico	git	nico@git.com	f	t	2016-08-03 15:13:07.92167-05
48	pbkdf2_sha256$24000$5rrscuA7H6Xx$mAa5n5eRRe9mFNALSnDw+De1Wwgcx/PBKZoyiml3dPI=	\N	f	fsfds	fsdfs	fsdfs	admin@gmal.com	f	t	2016-08-10 13:56:30.11389-05
55	pbkdf2_sha256$24000$2ypgkkhYXxxY$jp02ldBZKDXz7jEa8gTV0k0RJR9pFSaiplOaCn8d484=	\N	f	fruques				f	t	2016-08-10 18:35:16.025117-05
34	pbkdf2_sha256$24000$EEoyJFCTc35v$4yonVwLoOl2bMffGVIBrMi7WdCPMavNE3UrU0/vt0ho=	2016-08-10 12:49:58.637184-05	f	pam	pam	pam	pam@g.com	f	t	2016-08-08 13:47:18.679485-05
49	pbkdf2_sha256$24000$ECZLlIV3CBFY$tyaEGp1c14a8x7talemqFUhY+iLd96dEbwwjNdkM51A=	\N	f	jiplaza123	julio	julio	jiplaza123@gmail.com	f	t	2016-08-10 14:15:05.821013-05
50	pbkdf2_sha256$24000$g2O02VcFzgzy$ge+D8ISpcV8nKJGpgwJa193vxEZ6LFXYSSPnNjDy86M=	\N	f	usuario	ggfg	ggfg	usaurio@g.com	f	t	2016-08-10 14:16:56.515237-05
51	pbkdf2_sha256$24000$DlXBalScBeN5$xkHOObPYobCG43/DDrjwgKNxTDVbikjhBEQX6LXDGPI=	\N	f	usuario100	usuario	usuario	usuario100@gmail.com	f	t	2016-08-10 14:20:50.565852-05
52	pbkdf2_sha256$24000$JQsCPwoMigxa$UN+TUp1A4c7WCw86L5Q+Jjw9zYQtaYX/FxKIXPm1ZGM=	2016-08-10 14:23:00.398317-05	f	otro	otro	otro	otro@g.com	f	t	2016-08-10 14:23:00.225131-05
53	pbkdf2_sha256$24000$6Q0sQ1aAgsUj$mHHyAU3cY38zdUt0aBaDpyamPDTYPNhsM8Ip95QZBMA=	2016-08-10 14:26:40.038601-05	f	lili90	lili	lili	lili90@gmial.com	f	t	2016-08-10 14:26:39.878526-05
54	pbkdf2_sha256$24000$YYQIee4Cn5LH$pYpRA+scdS60DuoGhI76HMLgP9LnpqYFW9zWl78uMS4=	2016-08-10 16:22:07.788335-05	f	John	John	Ramirez	john@gmail.com	f	t	2016-08-10 16:21:50.189036-05
56	pbkdf2_sha256$24000$1abfbcTbPOaN$mRS0jHdIMvzkHgQuWq3mxT8kK4z04pjvIT1+qrruGr8=	\N	f	fruques2				f	t	2016-08-10 18:35:39.383756-05
9	pbkdf2_sha256$24000$ey7AkLLlNEzT$TtYnVywsZikZa1yFunbtK8q2xwXJ+yJLCWXR3ooS5IE=	2016-08-18 10:00:32.619914-05	f	papalogo				f	t	2016-07-28 20:13:21-05
77	pbkdf2_sha256$24000$xO3TbUc8yF3x$0TTzQGzFLfyzwaEvJUr96mEaCH2QIgQJpjD1Bx5EIp4=	2016-08-16 17:47:29.027042-05	f	chochi	Rosa	Cañar	rosa@gmail.com	f	t	2016-08-16 16:59:35.98184-05
57	pbkdf2_sha256$24000$QinbjW8Hl45T$QQe5i6ZzJviAx07ls8SGze3MIU/Rj43aNkn0yGY6ywA=	2016-08-10 18:35:37.735577-05	f	joselo	josel	joselo	jo@gmail.com	f	t	2016-08-10 18:35:26.383901-05
58	pbkdf2_sha256$24000$sQCrglD5MIya$/NXgFDVXfFSJ+ouzRRtIUmNqrCNJtTbZkMBTrMCEJpQ=	2016-08-10 18:46:15.316144-05	f	hhhh	hhhh	hhhh	hhh@gmail.com	f	t	2016-08-10 18:46:15.09987-05
90		2016-08-17 13:52:13.735058-05	f	ee	ee	ee	ee@g.com	f	t	2016-08-17 13:52:08.401997-05
68	pbkdf2_sha256$24000$VQ4PjZ1MfcSb$b/fAadFAv86RCQk+vAxxVmP28PTLG21uYgpIiSd6wJM=	2016-08-16 18:01:43.392105-05	f	pamelix	pame	guaman	pab@g.com	f	t	2016-08-11 17:11:43.549756-05
60	pbkdf2_sha256$24000$sJv3oB5slz05$tk5qVPLrkIWIiua9cMEAskdlWpM5UH1MSIj5sNAyxb4=	2016-08-10 19:06:34.980909-05	f	geantonxx	Jorge Antonio	Jorge Antonio	geantonxx@gmail.com	f	t	2016-08-10 19:02:25.13738-05
73	pbkdf2_sha256$24000$lcKcmZNCnGE6$SkUA3OYQm0wl/nX/iaSp4YzbeCUEGX6XHFcxMTG90pA=	2016-08-15 10:27:31.46194-05	f	otro2	otro	otro	otro@gmil.com	f	t	2016-08-15 10:27:31.091866-05
61	pbkdf2_sha256$24000$wT8KRWyOoFQ8$Me/1U4w54Yu3ImCI8BMj+EJDbrp8LChnJfqxKTVpgng=	2016-08-11 12:02:07.011236-05	f	fdfdfdas	gdgdf	gdgdf	fdf@dd.com	f	t	2016-08-11 12:02:06.750506-05
103	pbkdf2_sha256$24000$6oJMqZ5mNHYp$G+c/7/GJ9kSiXavnOlR7RfNLAJkG/I4N+RxhujYgTzw=	2016-09-12 10:22:27.348919-05	f	pizzaHut				f	t	2016-08-19 16:32:15-05
62	pbkdf2_sha256$24000$akP8z4yyn4Zh$SlW3NVuE1vb5UkRj6UcD3bgJFrDYTiRNg6XZ2bMzd+s=	\N	f	gusy2				f	t	2016-08-11 14:05:00-05
63	pbkdf2_sha256$24000$ps0kXBqbRyF9$alEIcmLTh1D/GXxNNl/IPioEdPKrU+RyPZB0xLJVan0=	\N	f	gusy				f	t	2016-08-11 14:09:37.346277-05
64	pbkdf2_sha256$24000$JsKK6QbPPJLi$2zc3pzkVGewVl5kZn8xQpgn4B6M1DTnhsYAxpGmFQ4s=	2016-08-11 16:13:44.685119-05	f	rosi	rosi	rosi	rosi@gmail.com	f	t	2016-08-11 16:13:31.550396-05
65	pbkdf2_sha256$24000$GKJ8bIMqcOpE$y+7f75xx3xLwBfMG0RxcruW7slTy0KfkUYLl8FPD54k=	\N	f	roch	roch	roch	ro@g.com	f	t	2016-08-11 16:23:58.503125-05
87		2016-08-17 13:37:14.762244-05	f	polo	polo2	polo	polo@g.com	f	t	2016-08-17 13:37:09.258242-05
66	pbkdf2_sha256$24000$yKS3s9YMXd0X$Rhmvk8P9FvBCGPk4J8rYfZKBIhy/wtbOKnoEUSsQ8e8=	2016-08-11 16:24:30.246739-05	f	patch	patch	patch	p@g.com	f	t	2016-08-11 16:24:21.562072-05
67	pbkdf2_sha256$24000$BiqNQiNbd52W$I2kKmg5sXbB7gUgUneXvnDTYB54C9Nr+QGRr80g8fIg=	\N	f	pfguaman	pfguaman	pfguaman	pfguaman95@gmail.com	f	t	2016-08-11 16:28:59.908207-05
76	pbkdf2_sha256$24000$7PgqsVMVQeEi$/3SSR/5v+9vYzA6Z8IZltUWoVLhMqD2QOo5ewkujREM=	2016-09-08 00:53:31.92219-05	f	cliente5	cliente5	cliente5	cliente5@fdf.com	f	t	2016-08-15 13:28:16.772061-05
83		2016-08-17 12:33:59.289641-05	f	cosme	cosme	guerrero	cosme@gmail.com	f	t	2016-08-17 12:23:14.151109-05
69	pbkdf2_sha256$24000$Nt5i51EwJk79$jZP8VL6LKCm/CckwOd/3fmsV5tB+d/zzxBNIa1e6TFE=	\N	f	pamelixx	pam	gu	alex@gmail.com	f	t	2016-08-11 17:28:56.902664-05
59	pbkdf2_sha256$24000$SxK81uzqt4jw$Vt/f6qFiX0ZF+tkckIMsMBofauRjtCS0Bnc4N+HmqBQ=	2016-08-11 17:43:50.003002-05	f	rommac	Rommel	Macas	rommelmacas@gmail.com	f	t	2016-08-10 19:00:10.588523-05
70	pbkdf2_sha256$24000$294T1AdjiXX1$fPlN6Wcxbj/6t1t4yP/k4He1PiZFShbbFpYS0DmtBVo=	\N	f	pamellix	pam	gu	g@gm.com	f	t	2016-08-11 18:05:37.296967-05
71	pbkdf2_sha256$24000$6QzuAg8lkEtT$xz8IZSpDh7PcTWWq0O/JzvK5v8FJB3coZXSwSSoOwSY=	\N	f	pal	@po	kl	kl@gm.com	f	t	2016-08-11 18:06:13.507026-05
74	pbkdf2_sha256$24000$Xzurdb4dbU4s$rF35AH4iWpscNMa2xRCRC+DF+zkqtS8BK+w1SKbNy44=	2016-09-12 17:10:51.283106-05	f	otro3	otro3	otro3	otro3@gmai.com	f	t	2016-08-15 10:33:26.014883-05
98	pbkdf2_sha256$24000$zQNxhXpohsMr$XdWdzkZiVB3+mrr01xi1RN5pm7GziuPZ9vPwqM+BayA=	2016-08-17 17:22:00.057227-05	f	loxadance	loxadance	loxadance	loxa@gml.com	f	t	2016-08-17 17:21:59.859358-05
75	pbkdf2_sha256$24000$HcHRy2pGSCdX$4zgvzfDXdsQaRWA7OZWQH06C5zZDJJUtuBl36pXC/ZA=	2016-08-15 13:26:21.082385-05	f	cliente4	cliente4	cliente4	ette@sds.com	f	t	2016-08-15 13:26:01.48519-05
85	pbkdf2_sha256$24000$S1fN5qCpz4bf$5/4Y6bmxLAhwtZPn+jheYtRGdpyQ8KKdTy6Xq2QoVL4=	2016-08-17 13:27:54.953883-05	f	medicenter	medicenter	medicenter	med@gmail.com	f	t	2016-08-17 13:27:44.280023-05
36	pbkdf2_sha256$24000$YCwFQVUB2gl5$eT7TGNW6XdwtEBgKaJnXFfQV4Itrx9aIrXleFPw2f5I=	2016-08-17 13:30:26.789991-05	f	alex	Alex	Guaman	alex@gmail.com	f	t	2016-08-09 07:19:20.199137-05
81	pbkdf2_sha256$24000$kld08MuZ7Kb2$+yjYkLlQc5iQPn7h+WRoRBIPYWx5gdZZz7K+/QB0CN0=	2016-08-17 11:07:53.013739-05	f	loxad	loxa	loxa	adf@gmail.com	f	t	2016-08-17 11:07:45.900051-05
78	pbkdf2_sha256$24000$izytqEXwRxJp$hRQMIute0qTHGjzuWoSNjZw13jvm5QzV0vyH+cwQiGw=	2016-08-16 17:10:38.308729-05	f	milton13	milton	milton	mil@g.com	f	t	2016-08-16 17:10:38.160711-05
97	pbkdf2_sha256$24000$dln396v7L9Iq$wQQWfrqyi0CbZWCm2T0BME0JpqFAHTRkq9U+SJMnd2k=	2016-08-17 17:23:37.712393-05	f	rolax	rolax	rolax	rolax@g.com	f	t	2016-08-17 16:38:22.549634-05
80	pbkdf2_sha256$24000$ziqaGsSjpLwf$FihbbrhhTy0Iw+VrT1ag3FJxBs/L6Ty2H6M7vCZ3xxI=	2016-09-13 12:36:24.76059-05	t	by-default	Dickson	Armijos	by-default@hotmail.com	f	t	2016-08-17 09:28:57.627684-05
91		2016-08-17 13:54:04.609421-05	f	tt	tt	tt	tt@g.com	f	t	2016-08-17 13:53:59.444435-05
88		2016-08-17 13:47:07.060031-05	f	loco	loco2	loco	loco@g.com	f	t	2016-08-17 13:46:58.691684-05
86		2016-08-17 13:31:12.237169-05	f	aaa	aaa2	aaa	aa@gmail.commm	f	t	2016-08-17 13:31:05.632706-05
82	pbkdf2_sha256$24000$ZZVzdkZivBhp$1rBrrZgNeAGniOeCVYBYQb7ezG5RXbdNq3mYzG99eMI=	2016-08-19 14:38:01.000449-05	f	rosax	Pamela	Guamán	rosa_1994@gmail.com	f	t	2016-08-17 12:09:27.225927-05
89		2016-08-17 13:50:02.738196-05	f	qq	qq	qq	qq@gm.com	f	t	2016-08-17 13:49:56.987566-05
92		2016-08-17 13:55:24.831058-05	f	jj	jj	jj	jud@g.com	f	t	2016-08-17 13:55:15.208017-05
93	pbkdf2_sha256$24000$U4EbsGSEEjD7$z1k2QY/Ofk7GGKcZVW31ODO2A5lPDSEI9fUP2TL3muI=	2016-08-17 13:56:54.716878-05	f	re	re	re	aee@g.com	f	t	2016-08-17 13:56:50.164547-05
96	pbkdf2_sha256$24000$coLrLFHdGxiv$wzlwbEd3WAUZsmPZp2epZKPoOLnUTnBbPq1M9K5w/ZE=	2016-08-17 16:30:52.396154-05	f	puedes-borrarlo	pudes	borrarlo	puedes-borrarlos@hotmail.com	f	t	2016-08-17 16:30:28.522798-05
94	pbkdf2_sha256$24000$rs5fk0vK8GOL$YsRxL0TnqwXUzzFSRZld9CN9S0VK4GTKNs2hBZd/nW8=	2016-08-17 14:49:48.459335-05	f	david	Pame	Guaman	pame@gmail.com	f	t	2016-08-17 14:49:33.798918-05
102	pbkdf2_sha256$24000$91XPbAUIia1F$QTHNfeKt6W/KFRqUfKiWyA7CxbnLDw5U4lJLr14Gvpg=	2016-08-23 16:26:51.485008-05	f	cosmesin	perrys	guerrero	guerreo@g.com	f	t	2016-08-19 16:05:22.681992-05
95	!4s1gr75OB2RZ70EsJzHNDsALMN35kNQSzzK3aYG2	2016-08-17 17:50:09.428881-05	f	MiltonLeiva	Milton	Leiva		f	t	2016-08-17 16:09:54.325305-05
101	pbkdf2_sha256$24000$ZPYHiMZr7CoR$0gdQBSo72H+/bAM0/iURvVX2ovut6bZXgr4xGMDOZXo=	2016-08-19 14:28:26.415053-05	f	Posix	Posix Linux	Unix	po@six.unix	f	t	2016-08-19 13:42:43.03774-05
100	pbkdf2_sha256$24000$tN9MlIDjAlXX$ZZIbxJbPcuvFmh4VxsLulzUi8hrRnLck/VjqQNlka+w=	2016-08-19 12:32:19.280567-05	f	gia	Gianela	Patinio	gia@g.com	f	t	2016-08-19 12:29:10.931578-05
99	pbkdf2_sha256$24000$QIJCR0dPFA8W$Tqp34sFNlSN2KaAMuxK+k5UNcKXLM5j/ygLwpAcF97M=	2016-08-22 11:23:35.928789-05	f	ChifaBeijing				f	t	2016-08-18 10:10:18-05
117	pbkdf2_sha256$24000$QlBkXoEUeCME$cIlw9IN5Ydo6bFduNoR3VNNSG3fmAx8tc5zDPjQw+io=	2016-08-25 20:36:12.283751-05	f	mamita	mamita	mamita	mamita@g.com	f	t	2016-08-25 20:36:12.082386-05
79	pbkdf2_sha256$24000$E9Yhk6qcg52f$xboRaxEhWcqIolBzyhbJuX3O77/FRwL9KmD+FKyTI8Q=	2016-08-29 14:06:52.261197-05	f	cheo22	cheo22	cheo22	cheo@g.com	f	t	2016-08-16 17:13:48.497496-05
104	pbkdf2_sha256$24000$NRq1cxGeeOwA$LmF2sW7ygsb01d+FR7BZWZ1ylm1OXcesG6pvaoJ1VKw=	2016-08-19 17:51:27.52627-05	f	pepito	pepito	pepito	pepitp@gmail.com	f	t	2016-08-19 17:10:24.973265-05
105	pbkdf2_sha256$24000$dRNqLLHF41aK$lrX3AVMGuHw/FuXFjt3KJK0Hpzifze5JC2h00+VQysI=	\N	f	jonas	josue	rivero	rivero@gmail.com	f	t	2016-08-23 16:54:59.680199-05
140	pbkdf2_sha256$24000$wBRTW1aNwDop$6ubfjxsPlNirAC4U44xWAXEkV76wisroZOs/aLpuRrY=	2016-09-05 15:18:20.679703-05	f	nicolas12345	nicol	poli	pameferl.95@gmail.com	f	t	2016-09-05 15:18:20.401766-05
135	pbkdf2_sha256$24000$0BR3KgdAdTN5$PvZXajr7Y7oZjUX1mTtzpyqJnqYVoOcNwNf2isyDquw=	2016-09-02 18:34:59.699978-05	f	pipa	pipa	pipa	pipa@g.com	f	t	2016-09-02 18:34:59.493887-05
124	pbkdf2_sha256$24000$3z4O0IdBbz8v$S0Sdl3gKgL3KeJInGwDTQnGHGHI82PccZLCmX7oTxrc=	2016-08-29 11:16:19.561676-05	f	jiplaza4	Julio	Plaza	jiplaza3@utpl.edu.ec	f	t	2016-08-29 10:53:29.4453-05
106	pbkdf2_sha256$24000$GqFh8wNW4jSr$P5VcXdWQqb+tyUyTaG+nG2dBjCJ4Spo0g+3qD4OlkaQ=	2016-08-23 17:36:19.966631-05	f	unixx	nix	gua	gua@g.com	f	t	2016-08-23 16:55:41.497047-05
125	pbkdf2_sha256$24000$FUDZ7VItuZZ0$dZJcK+nUltO9Q6nwBvjXm9vhJX2eGvodqH5Gpp3Xgrw=	2016-08-29 11:49:07.630429-05	f	popito45	popo	popo	polo@g.com	f	t	2016-08-29 11:49:07.457514-05
107	pbkdf2_sha256$24000$cyMgBYUxkd1l$KUoW8G1P4JHV/ZxEebhW4FTHmY0gwpEWKYTei9iLkIg=	2016-08-23 17:47:31.059955-05	f	brother	MAmi	Papi	papito@gmail.com	f	t	2016-08-23 17:47:21.986633-05
108	pbkdf2_sha256$24000$Gklm24DnaKwb$aj1wg2iEF3+vuigR4WcXXPJKcEkNZR3Y852RNHsBKiU=	\N	f	pamelix95	pame	guaman	pam@gm.com	f	t	2016-08-24 11:12:57.550788-05
147	pbkdf2_sha256$24000$W7sZSyp7ex1Y$rW9DnixmWxbRDTvtXt3cuzBEqyWno3ncXqhGvZct1YU=	2016-09-08 01:46:41.521187-05	f	alexander	alex	guaman	skldjj@fjk.com	f	t	2016-09-08 01:44:01.694862-05
126	pbkdf2_sha256$24000$rMUaEqjIIOv1$4XNMHSZ/sG+wETYM7JJ7z8KroIj8Jbqe1Tfflgq9pho=	2016-08-29 12:07:27.328294-05	f	jiplaza5	Julio	Plaza	jiplaza1@utpl.edu.e5	f	t	2016-08-29 12:07:26.895389-05
129	pbkdf2_sha256$24000$A9x2ddoZSttN$yahKCvruyG/3yYDdr8xbnrGYCaJvjWayuF32Hbdv924=	2016-08-29 14:10:46.192517-05	f	sas45	popi	popi	poiokl@G.com	f	t	2016-08-29 14:09:08.731965-05
113	pbkdf2_sha256$24000$qURCUQYBVGrD$KI7PtfwL6zxkj7GP8KNsKMY3a7/FIUjhIA2YPS/c1KU=	2016-08-31 13:02:21-05	f	pelito	Clemencio	Verde	cleverde@gmail.com	f	t	2016-08-24 16:46:26-05
130	pbkdf2_sha256$24000$5okPgbvXBv8m$y+/yNib/t08aIN+s7PrX52el8rOLPrkh4T9PLii9c24=	2016-08-29 16:41:22.869944-05	f	cheo10	cheo	ch	cheo10@g.com	f	t	2016-08-29 14:17:01.417342-05
110	pbkdf2_sha256$24000$0HwAEqTz742F$PniySTXrz3JB0IHhwcbyK6mChYv4es3P95FB1nJsb8o=	\N	f	Pedido	Pedido	Pedido	pedio@gmail.com	f	t	2016-08-24 13:25:44.524607-05
109	pbkdf2_sha256$24000$YFO6naiLOIYt$xqcmRMQVEQTlTVAltlEvj7HzMXKNQtOu0ypylhaYRcA=	2016-08-24 13:26:19.558978-05	f	pedido	Pedido	Pedido	pedido@gmail.com	f	t	2016-08-24 11:48:44.196806-05
118	pbkdf2_sha256$24000$KRlhOCKJGFcX$adbD8AINPE+jnIL27PRXzvSs5j3/c0OkPWG4pVCFB1s=	2016-08-25 20:38:11.725233-05	f	jiplaza2	Julio	Julio	jiplaza1@utpl.edu.ec	f	t	2016-08-25 20:38:11.522649-05
119	pbkdf2_sha256$24000$3DE32FZJXNdO$qaSrOKrACxK5qv8iSAs2hJgwj8JjRngK3Nw/1OCsNsI=	2016-08-25 20:40:31.90401-05	f	jiplaza3	Julio	Julio	jiplaza3@utpl.edu.ec	f	t	2016-08-25 20:40:31.677956-05
128	pbkdf2_sha256$24000$xsyzyuxQBtiB$c58ovOSxqWwgW8LLrlEwGqfAjrAm2ra96hJ2q2VkrZk=	2016-08-29 14:08:30.894964-05	f	jiplaza6	Julio	Plaza	jiplaza1@utpl.edu.e6	f	t	2016-08-29 14:08:30.714361-05
120	pbkdf2_sha256$24000$ZTLMicUm46PD$TMbVdWiWG8kEUp7ie/FGlMbu6WDCPsSpSqI1BWGCuv8=	2016-08-25 20:44:29.862875-05	f	loja	loja	loja	loja@gmail.co	f	t	2016-08-25 20:42:04.178256-05
111	pbkdf2_sha256$24000$WagaIABo4p3W$m2DVmYDhXdnJlEaWveo2pnzNa2HVjMN3BKCwKbH4zyQ=	2016-08-24 13:58:54.883936-05	f	guaicha	guaicha	guaicha	guaich@g.com	f	t	2016-08-24 13:55:43.110645-05
121	pbkdf2_sha256$24000$WviclUPjfxc6$QsVGcf0E32V1JC99xrBKppT01RIKMLaxSRziJcTDXhA=	\N	f	!@#$%^&*()	poi	poi	pooop@gmail.com	f	t	2016-08-25 20:45:47.484771-05
122	pbkdf2_sha256$24000$T7emX2OxoxPm$yf5NDqFGV8IkIGiKZo3aKIM5m8G6Gss5C1hTz5bkgr8=	2016-08-26 20:34:17.749371-05	f	fernanda	fer	fer	fer@g.com	f	t	2016-08-26 20:34:17.406248-05
137	pbkdf2_sha256$24000$NhPkh4nHy8wS$bmJVUIkxwF1GdkQyU7tqoX9ZpFTZDE7ezurNqhayRoE=	2016-09-05 13:22:04-05	f	pamefer955	pamela	guaaman	pamefer.aaa95@gmail.com	f	t	2016-09-05 13:22:04-05
123	pbkdf2_sha256$24000$uhoNLtxDIHaE$hzzxSuKcYc3Z3ryTSd+Cm6CyAC+EnmNGhqK1jWtPZok=	2016-08-27 11:40:25.791745-05	f	prueba1	prueba	prueba	prueba@gmail.com	f	t	2016-08-27 11:40:25.09273-05
132	pbkdf2_sha256$24000$hVn3Cpd6x9wI$FuQBAJh57U6VJQYercyjxDQrwkkk9jTvNXrhL70UyFA=	2016-08-29 20:17:51.72462-05	f	cliente10	hola	hola	nspaucarc@unl.edu.ec	f	t	2016-08-29 20:17:51.545484-05
141	pbkdf2_sha256$24000$KP88CoRSLg6a$ZyltsPgUOm7VNPATKmcw/YhPaNuX6CEMtoHmUeXhk2g=	2016-09-06 16:45:19.010824-05	f	anonimo	anonimo	anonimo	anonimo@hotmail.com	f	t	2016-09-06 16:45:18.75446-05
139	pbkdf2_sha256$24000$fAXLV3TVaDj8$MrZxoSFv2BF2B1JMx2++YWL4JuqUleJpXJ6KQLVQ+bY=	2016-09-05 15:09:17.45684-05	f	nico12345	nico	guaman	nico@gmail.com	f	t	2016-09-05 15:09:17.246397-05
133	pbkdf2_sha256$24000$hB2403Nc7GQW$XQG+Y3nfenZea1RbRwWkAZl9jr/71o1YpkOhnkAWflk=	2016-09-01 10:10:58.940751-05	f	ciente11	bbbbb	cccccc	nspaucarc@unl.edu.ec	f	t	2016-09-01 10:10:58.594541-05
127	pbkdf2_sha256$24000$sXUOk4R01HHK$3KrUNRm8Eh8dKcci9UX3xijuLBHpeDIBjY4E1632efU=	2016-08-30 18:27:22.574024-05	f	milton50	milton	leiva	byjose008@gmail.com	f	t	2016-08-29 14:07:59.529011-05
131	pbkdf2_sha256$24000$N7qISgruz843$yCqXnmVuv6TF4yEvM8JvzOUwBcO9kvDcYFJPKo7D5Xc=	2016-08-29 20:17:49.181391-05	f	login	lo	lo	loooo@g.com	f	t	2016-08-29 20:17:48.978186-05
143	pbkdf2_sha256$24000$3J6T3uNvYm2e$9rrrqLknUkNgG0UF/RHrUfjuqYdAeDuE/L78sP46pF8=	2016-09-07 18:50:31.751862-05	f	popiss	pokliiiii	yttytpopkm	pohfgfgfkj@f.co	f	t	2016-09-07 18:50:30.912858-05
138	pbkdf2_sha256$24000$t7WRmzXxaIpY$D06Nf/L5KwNj33n4fa4pjxQYg7H7W2Ao1LgM3HXM/eg=	2016-09-05 13:28:42.764157-05	f	loco123	loc	loc	pamefer.95555@gmail.com	f	t	2016-09-05 13:28:42.58006-05
112	pbkdf2_sha256$24000$t6GmrWJdbJiO$prJH42CwmnCW/mtsG7V3i2hzYRl7H4pYpL55lMJaWXQ=	2016-09-08 01:38:43.456417-05	f	nadia28	Nadia	PC	nspaucarc@unl.edu.ec	f	t	2016-08-24 16:14:45-05
142	pbkdf2_sha256$24000$308ez2Qj3HYE$+wzU4Nduy7NsUK2rAHyYX3Qsw+xH24UnI4i+JUHcEro=	2016-09-07 17:58:58.196912-05	f	rosittax	pame	guam	pamefer.9543@gmail.com	f	t	2016-09-07 17:58:57.323374-05
144	pbkdf2_sha256$24000$EzaqiJtHIHD0$XcS4JeXF72p6oC33xKGHDLpMCuKozNI8WE5FIk1QZt0=	2016-09-07 18:54:30.236709-05	f	rosita	rodi	ghjgj	poi@g.com	f	t	2016-09-07 18:54:29.932211-05
148	pbkdf2_sha256$24000$nppzEMgD4NOy$mHC5JZ5lkhbaFZURKF4s6e5+l0BJTcYDIxawv16EL98=	\N	f	npc123	Nadia	Cabrera	gcnadiapc@gmail.com	f	t	2016-09-09 17:36:26.414406-05
145	pbkdf2_sha256$24000$2qCOhRrCcKdz$VY5WiSi7rWTAZVo6Y+4lodEX3I42S9LUsb2pjN+hX2w=	\N	f	pruebarestau				f	t	2016-09-07 19:21:04-05
146	pbkdf2_sha256$24000$gIwEtxdfJbh3$1tdiK/vNkGv6kUXocZhcQiQXg4hSysrRRsMW0IaIfCg=	2016-09-07 23:45:04.920889-05	f	beatriz	be	atriz	oppi@g.com	f	t	2016-09-07 23:45:04.674312-05
115	pbkdf2_sha256$24000$pNrJ36Xb6GZp$aJcodnjvjHwEehBydQAFjLitlsoibrmyd+/dxRZ5/bU=	2016-09-13 11:17:29.988423-05	f	locochavez				f	t	2016-08-25 11:17:50-05
114	pbkdf2_sha256$24000$UPS4cBWOAQfR$vRPvtrsFhlAAGyZWyTaqJutn5f6Iw7xiU+QMWcOdFaM=	2016-09-13 13:37:14.731127-05	f	soyard				f	t	2016-08-24 20:09:11-05
15	pbkdf2_sha256$24000$15er2yUp4cxP$TxuVkRicv1cqvIgbZ+fpmDe40+wy3GDlqWgFXAasHwQ=	2016-09-13 13:28:26.802984-05	f	cliente2	Cliente2	Cliente	aqqqadsddssaa@gmail.com	f	t	2016-08-01 18:53:25-05
136	pbkdf2_sha256$24000$Qhvc7CDDDza4$AkFGrEun8/JeHan9qhgMw1VTTPLYPFkqvXd0+jJIS4g=	2016-09-12 17:09:44.248941-05	f	pamefer95	Pamela	Guam'in	pamefer.95@gmail.com	f	t	2016-09-05 13:06:29-05
149	pbkdf2_sha256$24000$ZjeWuNBnSOG8$IEU1cnntUYbdfYipjh8Nh7z0yLAp25QKjPLX6y9atRE=	2016-09-09 17:39:54.17489-05	f	npc1234	Nadia	Cabrera	nadiapc_@outlook.com	f	t	2016-09-09 17:39:49.377429-05
\.


--
-- Data for Name: auth_user_groups; Type: TABLE DATA; Schema: spaapp; Owner: spauser
--

COPY auth_user_groups (id, user_id, group_id) FROM stdin;
75	116	1
2	29	1
3	30	1
4	32	1
5	33	1
6	34	1
7	15	1
8	35	1
9	4	2
10	3	3
11	6	2
12	5	2
13	36	1
14	41	1
15	42	1
16	43	1
17	44	1
18	45	1
19	47	1
20	54	1
21	57	1
22	59	1
23	62	2
24	64	1
25	65	1
26	66	1
27	67	1
28	68	1
29	69	1
30	70	1
31	71	1
33	74	1
34	75	1
35	76	1
36	77	1
37	78	1
38	79	1
39	80	1
40	81	1
41	82	1
42	83	1
43	85	1
44	86	1
45	87	1
46	88	1
47	89	1
48	90	1
49	91	1
50	92	1
51	93	1
52	94	1
53	96	1
54	97	1
55	98	1
56	9	2
57	7	2
58	99	2
59	100	1
60	101	1
61	102	1
62	103	2
63	104	1
64	105	1
65	106	1
66	107	1
67	108	1
68	109	1
69	110	1
70	111	1
71	112	1
72	113	1
73	114	2
74	115	2
76	117	1
77	118	1
78	119	1
79	120	1
80	121	1
81	122	1
82	123	1
83	124	1
84	125	1
85	126	1
86	127	1
87	128	1
88	129	1
89	130	1
90	131	1
91	132	1
92	133	1
94	135	1
95	136	1
96	137	1
97	138	1
98	139	1
99	140	1
100	141	1
101	142	1
102	143	1
103	144	1
104	145	2
105	146	1
106	147	1
107	148	1
108	149	1
\.


--
-- Name: auth_user_groups_id_seq; Type: SEQUENCE SET; Schema: spaapp; Owner: spauser
--

SELECT pg_catalog.setval('auth_user_groups_id_seq', 108, true);


--
-- Name: auth_user_id_seq; Type: SEQUENCE SET; Schema: spaapp; Owner: spauser
--

SELECT pg_catalog.setval('auth_user_id_seq', 149, true);


--
-- Data for Name: auth_user_user_permissions; Type: TABLE DATA; Schema: spaapp; Owner: spauser
--

COPY auth_user_user_permissions (id, user_id, permission_id) FROM stdin;
\.


--
-- Name: auth_user_user_permissions_id_seq; Type: SEQUENCE SET; Schema: spaapp; Owner: spauser
--

SELECT pg_catalog.setval('auth_user_user_permissions_id_seq', 1, false);


--
-- Data for Name: django_admin_log; Type: TABLE DATA; Schema: spaapp; Owner: spauser
--

COPY django_admin_log (id, action_time, object_id, object_repr, action_flag, change_message, content_type_id, user_id) FROM stdin;
1	2016-07-28 19:59:20.390682-05	3	transportista	1	Añadido.	5	2
2	2016-07-28 19:59:23.662164-05	1	1	1	Añadido.	9	2
3	2016-07-28 19:59:25.000849-05	1	1	1	Añadido.	18	2
4	2016-07-28 20:01:23.543102-05	1	Loja	1	Añadido.	12	2
5	2016-07-28 20:01:23.231307-05	2	Loja	1	Añadido.	12	2
6	2016-07-28 20:05:40.805126-05	4	pizza	1	Añadido.	5	2
7	2016-07-28 20:05:44.135955-05	2	pizza	1	Añadido.	9	2
8	2016-07-28 20:05:45.592826-05	1	Guaranda - Tulcan	1	Añadido.	13	2
9	2016-07-28 20:06:16.423005-05	1	Restaurante	1	Añadido.	8	2
10	2016-07-28 20:06:27.333526-05	1	Restaurante	1	Añadido.	10	2
11	2016-07-28 20:06:39.26334-05	1	Pizza	2	Modificado/a categoria.	10	2
12	2016-07-28 20:06:58.370523-05	1	Pizza	1	Añadido.	11	2
13	2016-07-28 20:07:03.652279-05	1	Pizza	1	Añadido.	15	2
14	2016-07-28 20:07:19.515262-05	1	Pizza	1	Añadido.	16	2
15	2016-07-28 20:07:12.08977-05	5	chinito	1	Añadido.	5	2
16	2016-07-28 20:07:16.552552-05	3	chinito	1	Añadido.	9	2
17	2016-07-28 20:07:21.834778-05	2	sucre - miguel riofrío	1	Añadido.	13	2
18	2016-07-28 20:08:00.869683-05	2	Chinito	1	Añadido.	11	2
19	2016-07-28 20:08:09.773635-05	2	Chinito	1	Añadido.	15	2
20	2016-07-28 20:08:18.043651-05	2	Chinito	1	Añadido.	16	2
21	2016-07-28 20:08:58.307718-05	6	chino	1	Añadido.	5	2
22	2016-07-28 20:09:00.811683-05	4	chino	1	Añadido.	9	2
23	2016-07-28 20:09:03.001269-05	3	Vince - Ambato	1	Añadido.	13	2
24	2016-07-28 20:09:25.161411-05	2	Comida Asiática	1	Añadido.	10	2
25	2016-07-28 20:09:59.543746-05	3	Casa China	1	Añadido.	11	2
26	2016-07-28 20:10:07.490487-05	3	Casa China	1	Añadido.	15	2
27	2016-07-28 20:10:13.315091-05	3	Casa china	1	Añadido.	16	2
28	2016-07-28 20:09:54.330835-05	3	Heladería	1	Añadido.	10	2
29	2016-07-28 20:11:05.998379-05	7	icecreamsocial	1	Añadido.	5	2
30	2016-07-28 20:11:47.204706-05	8	chamelion	1	Añadido.	5	2
31	2016-07-28 20:11:11.395078-05	5	icecreamsocial	1	Añadido.	9	2
32	2016-07-28 20:11:49.769628-05	6	chamelion	1	Añadido.	9	2
33	2016-07-28 20:11:51.730859-05	4	Latacunga - Bolivar	1	Añadido.	13	2
34	2016-07-28 20:11:15.29552-05	4	Ice Cream Social	1	Añadido.	11	2
35	2016-07-28 20:11:24.471836-05	4	Ice Cream Social	1	Añadido.	15	2
36	2016-07-28 20:11:26.747109-05	4	Ice Cream Social	1	Añadido.	16	2
37	2016-07-28 20:12:11.435858-05	4	Comida Casera	1	Añadido.	10	2
38	2016-07-28 20:12:55.152681-05	5	Chamelion	1	Añadido.	11	2
39	2016-07-28 20:13:01.261927-05	5	Chamelion	1	Añadido.	15	2
40	2016-07-28 20:13:02.643552-05	5	Chamelion	1	Añadido.	16	2
41	2016-07-28 20:12:45.508447-05	5	Comida rápida	1	Añadido.	10	2
42	2016-07-28 20:13:21.348026-05	9	papalogo	1	Añadido.	5	2
43	2016-07-28 20:13:24.568677-05	7	papalogo	1	Añadido.	9	2
44	2016-07-28 20:13:28.421589-05	6	PapaLogo	1	Añadido.	11	2
45	2016-07-28 20:14:12.495246-05	10	tonys	1	Añadido.	5	2
46	2016-07-28 20:14:16.354245-05	8	tonys	1	Añadido.	9	2
47	2016-07-28 20:14:22.382596-05	7	Tony's	1	Añadido.	11	2
48	2016-07-28 20:14:28.926592-05	6	Tony's	1	Añadido.	15	2
49	2016-07-28 20:14:30.19485-05	6	Tony's	1	Añadido.	16	2
50	2016-07-28 20:13:55.29901-05	7	PapaLogo	1	Añadido.	15	2
51	2016-07-28 20:13:57.573875-05	7	PapaLogo	1	Añadido.	16	2
52	2016-07-28 20:19:15.815955-05	1	Helados	1	Añadido.	23	2
53	2016-07-28 20:19:18.781995-05	1	Helado napolitano	1	Añadido.	24	2
54	2016-07-28 20:19:43.678705-05	2	Helado de chocolate	1	Añadido.	24	2
55	2016-07-28 20:21:43.90168-05	2	Pizza	1	Añadido.	23	2
56	2016-07-28 20:21:59.823934-05	3	Hawaiana	1	Añadido.	24	2
57	2016-07-28 20:23:00.670329-05	4	Napolitana	1	Añadido.	24	2
58	2016-07-28 20:22:23.470628-05	3	Hamburguesa	1	Añadido.	23	2
59	2016-07-28 20:22:28.21659-05	5	Hamburguesa	1	Añadido.	24	2
60	2016-07-28 20:23:19.996509-05	1	Standard	1	Añadido.	25	2
61	2016-07-28 20:23:32.471793-05	2	Mediana	1	Añadido.	25	2
62	2016-07-28 20:23:37.969029-05	3	Grande	1	Añadido.	25	2
63	2016-07-28 20:23:31.223306-05	4	Bebida	1	Añadido.	23	2
64	2016-07-28 20:24:09.793627-05	1	Helado napolitano : Standard - 1.0	1	Añadido.	26	2
65	2016-07-28 20:23:33.036534-05	6	bebida	1	Añadido.	24	2
66	2016-07-28 20:24:16.638918-05	2	Helado de chocolate : Mediana - 1.5	1	Añadido.	26	2
67	2016-07-28 20:24:24.723157-05	3	Helado de chocolate : Grande - 2.0	1	Añadido.	26	2
68	2016-07-28 20:24:07.1025-05	7	refresco	1	Añadido.	24	2
69	2016-07-28 20:24:49.665641-05	4	Normal	1	Añadido.	25	2
70	2016-07-28 20:24:56.158889-05	4	Hawaiana : Normal - 3.5	1	Añadido.	26	2
71	2016-07-28 20:25:13.03056-05	5	Hawaiana : Grande - 5.5	1	Añadido.	26	2
72	2016-07-28 20:25:21.62963-05	6	Hawaiana : Grande - 12.5	1	Añadido.	26	2
73	2016-07-28 20:25:30.330695-05	7	Napolitana : Mediana - 3.0	1	Añadido.	26	2
74	2016-07-28 20:25:42.471823-05	8	Napolitana : Grande - 12.0	1	Añadido.	26	2
75	2016-07-28 20:25:58.157964-05	9	Hamburguesa : Normal - 2.5	1	Añadido.	26	2
76	2016-07-28 20:26:53.376773-05	10	Hamburguesa : Mediana - 6.0	1	Añadido.	26	2
77	2016-07-28 20:27:05.899275-05	11	bebida : Normal - 5.0	1	Añadido.	26	2
78	2016-07-28 20:27:19.880165-05	12	bebida : Grande - 3.0	1	Añadido.	26	2
79	2016-07-28 20:27:40.220621-05	13	refresco : Grande - 4.0	1	Añadido.	26	2
80	2016-07-28 20:45:24.074742-05	3	chinito	2	No ha cambiado ningún campo.	9	2
81	2016-07-28 20:46:07.67556-05	11	cliente1	1	Añadido.	5	2
82	2016-07-28 20:46:48.647758-05	9	cliente1	1	Añadido.	9	2
83	2016-07-29 10:58:24.935239-05	1	Efectivo	1	Añadido.	20	2
84	2016-07-29 10:58:50.507783-05	2	Dinero Electrónico	1	Añadido.	20	2
85	2016-07-29 11:14:11.749621-05	1	A domicilio	1	Añadido.	21	2
86	2016-07-29 11:23:20.446587-05	2	Para recoger	1	Añadido.	21	2
87	2016-07-29 11:33:13.840393-05	4	Napolitana	2	Modificado/a ruta_foto.	24	2
88	2016-07-29 11:33:33.020604-05	5	Hamburguesa	2	Modificado/a ruta_foto.	24	2
89	2016-07-29 11:33:54.048344-05	6	Coca Cola	2	Modificado/a nombre_producto y ruta_foto.	24	2
90	2016-07-29 11:34:05.715615-05	7	Fanta naranja	2	Modificado/a nombre_producto y ruta_foto.	24	2
91	2016-07-29 11:34:42.278738-05	10	admin	1	Añadido.	9	2
92	2016-08-02 10:12:13.135851-05	1	2016-07-29 15:45:42.091906+00:00 - bueno - 5.0	3		22	2
93	2016-08-02 10:13:59.614327-05	15	2016-08-02 15:02:16+00:00 - pendiente - 3.5	3		22	2
94	2016-08-02 10:13:59.620334-05	14	2016-08-02 15:01:53+00:00 - pendiente - 15.5	3		22	2
95	2016-08-02 10:13:59.623329-05	13	2016-08-01 14:56:05+00:00 - pendiente - 4.5	3		22	2
96	2016-08-02 10:13:59.626329-05	12	2016-06-29 17:09:53+00:00 - pendiente - 16.5	3		22	2
97	2016-08-02 10:13:59.629329-05	11	2016-06-29 17:09:42+00:00 - pendiente - 11.5	3		22	2
98	2016-08-02 10:13:59.633329-05	10	2016-07-29 17:09:02+00:00 - pendiente - 34.5	3		22	2
99	2016-08-02 10:13:59.636329-05	9	2016-07-29 16:25:20+00:00 - confirmado - 8.0	3		22	2
100	2016-08-03 13:03:27.252154-05	42	cliente1	3		9	2
101	2016-08-03 13:03:27.28951-05	41	cliente1	3		9	2
102	2016-08-03 13:03:27.292022-05	9	cliente1	3		9	2
103	2016-08-03 13:03:27.294013-05	0	cliente1	3		9	2
104	2016-08-03 13:14:22.114097-05	43	cliente1	3		9	2
105	2016-08-08 12:55:43.791906-05	49	cliente1	1	Añadido.	9	2
106	2016-08-08 07:58:02.886167-05	21	nicholas	1	Añadido.	5	2
107	2016-08-08 07:58:11.009641-05	21	nicholas	2	Modificado/a groups.	5	2
108	2016-08-08 18:15:26.946411-05	8	Helado oreo	1	Añadido.	24	2
109	2016-08-08 18:16:20.860469-05	14	Helado oreo : Normal - 1.5	1	Añadido.	26	2
110	2016-08-09 10:08:51.017187-05	15	cliente2	2	Modificado/a groups.	5	2
111	2016-08-09 10:27:52.031728-05	1	Cliente	2	Modificado/a permissions.	4	2
112	2016-08-09 10:29:37.790904-05	1	Cliente	2	No ha cambiado ningún campo.	4	2
113	2016-08-09 10:30:12.46179-05	1	Cliente	2	Modificado/a permissions.	4	2
114	2016-08-09 06:01:02.689397-05	4	pizza	2	Modificado/a groups.	5	2
115	2016-08-09 06:25:24.149953-05	3	transportista	2	Modificado/a groups.	5	2
116	2016-08-09 06:50:05.400948-05	6	chino	2	Modificado/a groups.	5	2
117	2016-08-09 06:51:04.49793-05	5	chinito	2	Modificado/a groups.	5	2
118	2016-08-09 14:27:41.198696-05	2	pizza	2	Modificado/a ruta_foto.	9	2
119	2016-08-09 15:43:57.601132-05	10	pollo	2	No ha cambiado ningún campo.	24	2
120	2016-08-09 15:44:39.387203-05	18	pollo : Mediana - 12.0	1	Añadido.	26	2
121	2016-08-09 16:30:18.107677-05	38	bbbbbbb	3		5	2
122	2016-08-09 16:30:18.134171-05	31	byjose007	3		5	2
123	2016-08-09 16:30:18.137675-05	37	ggggg	3		5	2
124	2016-08-09 16:30:18.140745-05	26	ni	3		5	2
125	2016-08-09 16:30:18.144237-05	21	nicholas	3		5	2
126	2016-08-09 16:30:18.148239-05	25	q	3		5	2
127	2016-08-09 16:46:50.928489-05	19	aaaaaaaaa : Mediana - 2.0	1	Añadido.	26	2
128	2016-08-09 16:48:14.967534-05	11	popi	3		24	2
129	2016-08-09 16:48:32.56696-05	20	aaaaaaaaa : Mediana - 12.0	1	Añadido.	26	2
130	2016-08-09 16:48:56.610075-05	20	aaaaaaaaa : Mediana - 12.0	3		26	2
131	2016-08-09 17:43:23.253083-05	14	zanahoria	3		28	2
132	2016-08-09 17:43:23.283525-05	13	Arroz	3		28	2
133	2016-08-09 17:43:23.304724-05	12	Cebolla	3		28	2
134	2016-08-09 17:43:23.31773-05	11	Pollo	3		28	2
135	2016-08-09 17:44:24.115457-05	4	Cebolla	3		28	2
136	2016-08-09 17:44:24.14272-05	2	Pescado	3		28	2
137	2016-08-09 17:44:24.153308-05	1	Arroz	3		28	2
138	2016-08-09 18:27:57.983382-05	5	Marisco	1	Añadido.	23	2
139	2016-08-09 18:28:15.612142-05	6	Pescado	1	Añadido.	23	2
140	2016-08-09 18:29:06.834228-05	7	Pollo	1	Añadido.	23	2
141	2016-08-09 18:29:12.41578-05	8	Carnes	1	Añadido.	23	2
142	2016-08-10 17:30:56.563683-05	116	2016-08-10 22:29:33+00:00 - pendiente - 8.5	3		22	2
143	2016-08-10 17:30:56.617106-05	115	2016-08-10 22:26:37+00:00 - pendiente - 4.5	3		22	2
144	2016-08-10 17:30:56.630524-05	114	2016-08-10 22:24:03+00:00 - pendiente - 12.5	3		22	2
145	2016-08-10 17:30:56.649959-05	113	2016-08-10 22:23:25+00:00 - pendiente - 12.5	3		22	2
146	2016-08-10 17:30:56.659284-05	112	2016-08-10 22:23:22+00:00 - pendiente - 12.5	3		22	2
147	2016-08-10 17:30:56.667474-05	111	2016-08-10 22:22:00+00:00 - pendiente - 12.5	3		22	2
148	2016-08-10 17:30:56.675305-05	110	2016-08-10 22:20:07+00:00 - pendiente - 2.5	3		22	2
149	2016-08-10 17:30:56.707886-05	109	2016-08-10 22:18:28+00:00 - pendiente - 11.5	3		22	2
150	2016-08-10 17:30:56.724567-05	108	2016-08-10 22:16:25+00:00 - pendiente - 59.5	3		22	2
151	2016-08-10 17:30:56.741252-05	107	2016-08-10 22:15:57+00:00 - pendiente - 31.5	3		22	2
152	2016-08-10 17:30:56.758082-05	106	2016-08-10 22:15:15+00:00 - pendiente - 11.5	3		22	2
153	2016-08-10 17:30:56.774884-05	105	2016-08-10 22:14:44+00:00 - pendiente - 21.5	3		22	2
154	2016-08-10 17:30:56.807825-05	104	2016-08-10 22:14:18+00:00 - pendiente - 21.5	3		22	2
155	2016-08-10 17:30:56.835433-05	103	2016-08-10 22:13:18+00:00 - pendiente - 16.5	3		22	2
156	2016-08-10 17:30:56.857968-05	102	2016-08-10 22:12:04+00:00 - pendiente - 41.5	3		22	2
157	2016-08-10 17:30:56.887552-05	101	2016-08-10 22:10:49+00:00 - pendiente - 41.5	3		22	2
158	2016-08-10 17:30:56.895467-05	100	2016-08-10 22:04:13+00:00 - pendiente - 11.5	3		22	2
159	2016-08-10 17:30:56.907666-05	99	2016-08-10 21:51:38+00:00 - pendiente - 29.5	3		22	2
160	2016-08-10 17:30:56.918046-05	98	2016-08-10 21:51:27+00:00 - pendiente - 29.5	3		22	2
161	2016-08-10 17:30:56.932541-05	97	2016-08-10 21:46:55+00:00 - pendiente - 15.5	3		22	2
162	2016-08-10 17:30:56.944276-05	96	2016-08-10 21:44:43+00:00 - pendiente - 21.0	3		22	2
163	2016-08-10 17:30:56.957556-05	95	2016-08-10 21:43:12+00:00 - pendiente - 7.0	3		22	2
164	2016-08-10 17:30:56.966383-05	94	2016-08-10 21:42:30+00:00 - pendiente - 4.5	3		22	2
165	2016-08-10 17:30:56.974936-05	93	2016-08-10 21:41:06+00:00 - pendiente - 4.5	3		22	2
166	2016-08-10 17:30:56.983074-05	92	2016-08-10 21:39:01+00:00 - pendiente - 4.5	3		22	2
167	2016-08-10 17:30:56.995683-05	91	2016-08-10 21:38:41+00:00 - pendiente - 15.5	3		22	2
168	2016-08-10 17:30:57.009319-05	90	2016-08-10 21:38:41+00:00 - pendiente - 15.5	3		22	2
169	2016-08-10 17:30:57.017449-05	89	2016-08-10 21:38:40+00:00 - pendiente - 15.5	3		22	2
170	2016-08-10 17:30:57.03254-05	88	2016-08-10 21:38:40+00:00 - pendiente - 15.5	3		22	2
171	2016-08-10 17:30:57.045248-05	87	2016-08-10 21:37:01+00:00 - pendiente - 17.0	3		22	2
172	2016-08-10 17:30:57.059528-05	86	2016-08-10 21:37:01+00:00 - pendiente - 17.0	3		22	2
173	2016-08-10 17:30:57.076904-05	85	2016-08-10 21:37:01+00:00 - pendiente - 17.0	3		22	2
174	2016-08-10 17:30:57.092472-05	84	2016-08-10 21:36:57+00:00 - pendiente - 17.0	3		22	2
175	2016-08-10 17:30:57.100376-05	83	2016-08-10 21:36:57+00:00 - pendiente - 17.0	3		22	2
176	2016-08-10 17:30:57.111697-05	82	2016-08-10 21:36:57+00:00 - pendiente - 17.0	3		22	2
177	2016-08-10 17:30:57.119474-05	81	2016-08-10 21:36:56+00:00 - pendiente - 17.0	3		22	2
178	2016-08-10 17:30:57.135455-05	80	2016-08-10 21:36:56+00:00 - pendiente - 17.0	3		22	2
179	2016-08-10 17:30:57.149248-05	79	2016-08-10 21:36:56+00:00 - pendiente - 17.0	3		22	2
180	2016-08-10 17:30:57.156701-05	78	2016-08-10 21:36:55+00:00 - pendiente - 17.0	3		22	2
181	2016-08-10 17:30:57.165946-05	77	2016-08-10 21:36:21+00:00 - pendiente - 17.0	3		22	2
182	2016-08-10 17:30:57.183579-05	76	2016-08-10 21:36:20+00:00 - pendiente - 17.0	3		22	2
596	2016-09-05 13:15:03.841901-05	72	nicolll	3		5	2
183	2016-08-10 17:30:57.199855-05	75	2016-08-10 21:36:02+00:00 - pendiente - 17.0	3		22	2
184	2016-08-10 17:30:57.216601-05	74	2016-08-10 21:33:34+00:00 - pendiente - 6.5	3		22	2
185	2016-08-10 17:30:57.245069-05	73	2016-08-10 21:33:07+00:00 - pendiente - 19.0	3		22	2
186	2016-08-10 17:30:57.266318-05	72	2016-08-10 21:33:07+00:00 - pendiente - 19.0	3		22	2
187	2016-08-10 17:30:57.283009-05	71	2016-08-10 21:33:07+00:00 - pendiente - 19.0	3		22	2
188	2016-08-10 17:30:57.299752-05	70	2016-08-10 21:33:06+00:00 - pendiente - 19.0	3		22	2
189	2016-08-10 17:30:57.316609-05	69	2016-08-10 21:33:06+00:00 - pendiente - 19.0	3		22	2
190	2016-08-10 17:30:57.341257-05	68	2016-08-10 21:33:06+00:00 - pendiente - 19.0	3		22	2
191	2016-08-10 17:30:57.358362-05	67	2016-08-10 21:33:06+00:00 - pendiente - 19.0	3		22	2
192	2016-08-10 17:30:57.369999-05	66	2016-08-10 21:33:06+00:00 - pendiente - 19.0	3		22	2
193	2016-08-10 17:30:57.376659-05	65	2016-08-10 21:31:25+00:00 - pendiente - 19.0	3		22	2
194	2016-08-10 17:30:57.383204-05	64	2016-08-10 21:30:10+00:00 - pendiente - 15.5	3		22	2
195	2016-08-10 17:30:57.399581-05	63	2016-08-10 21:27:54+00:00 - pendiente - 6.5	3		22	2
196	2016-08-10 17:30:57.407432-05	62	2016-08-10 21:24:22+00:00 - pendiente - 17.0	3		22	2
197	2016-08-10 17:30:57.418838-05	61	2016-08-10 21:19:18+00:00 - pendiente - 29.5	3		22	2
198	2016-08-10 17:30:57.426159-05	60	2016-08-10 21:18:15+00:00 - pendiente - 29.5	3		22	2
199	2016-08-10 17:30:57.440484-05	59	2016-08-10 21:07:16+00:00 - pendiente - 20.0	3		22	2
200	2016-08-10 17:30:57.449994-05	58	2016-08-10 20:59:14+00:00 - pendiente - 28.5	3		22	2
201	2016-08-10 17:30:57.465775-05	57	2016-08-10 20:58:53+00:00 - pendiente - 35.5	3		22	2
202	2016-08-10 17:30:57.474079-05	56	2016-08-10 20:58:44+00:00 - pendiente - 30.5	3		22	2
203	2016-08-10 17:30:57.482438-05	55	2016-08-10 20:57:11+00:00 - pendiente - 35.5	3		22	2
204	2016-08-10 17:30:57.488862-05	54	2016-08-10 18:45:34+00:00 - pendiente - 27.5	3		22	2
205	2016-08-10 17:30:57.495384-05	53	2016-08-10 16:27:17+00:00 - pendiente - 3.0	3		22	2
206	2016-08-10 17:30:57.507564-05	52	2016-08-10 00:33:46+00:00 - confirmado - 21.5	3		22	2
207	2016-08-10 17:30:57.514402-05	51	2016-08-10 00:31:06+00:00 - pendiente - 3.5	3		22	2
208	2016-08-10 17:30:57.525592-05	50	2016-08-09 21:22:06+00:00 - enviado - 28.5	3		22	2
209	2016-08-10 17:30:57.533579-05	49	2016-08-09 21:21:25+00:00 - pendiente - 28.5	3		22	2
210	2016-08-10 17:30:57.54383-05	48	2016-08-09 21:20:56+00:00 - pendiente - 28.5	3		22	2
211	2016-08-10 17:30:57.55744-05	47	2016-08-09 21:20:04+00:00 - pendiente - 28.5	3		22	2
212	2016-08-10 17:30:57.564322-05	46	2016-08-09 21:17:43+00:00 - pendiente - 13.5	3		22	2
213	2016-08-10 17:30:57.574102-05	45	2016-08-09 20:41:10+00:00 - pendiente - 43.5	3		22	2
214	2016-08-10 17:30:57.582318-05	44	2016-08-09 19:21:06+00:00 - pendiente - 6.5	3		22	2
215	2016-08-10 17:30:57.588592-05	43	2016-08-09 19:21:02+00:00 - pendiente - 6.5	3		22	2
216	2016-08-10 17:30:57.615824-05	42	2016-08-09 19:19:43+00:00 - pendiente - 6.5	3		22	2
217	2016-08-10 17:30:57.632788-05	41	2016-08-09 18:50:26+00:00 - enviado - 41.5	3		22	2
218	2016-08-10 17:30:57.649493-05	40	2016-08-09 18:50:12+00:00 - pendiente - 11.5	3		22	2
219	2016-08-10 17:30:57.666589-05	39	2016-08-09 13:04:46+00:00 - pendiente - 105.5	3		22	2
220	2016-08-10 17:30:57.683007-05	38	2016-08-09 13:03:26+00:00 - pendiente - 5.5	3		22	2
221	2016-08-10 17:30:57.700877-05	37	2016-08-09 13:02:10+00:00 - pendiente - 5.5	3		22	2
222	2016-08-10 17:30:57.727871-05	36	2016-08-09 13:01:33+00:00 - pendiente - 5.5	3		22	2
223	2016-08-10 17:30:57.743856-05	35	2016-08-09 12:57:57+00:00 - pendiente - 5.5	3		22	2
224	2016-08-10 17:30:57.758098-05	34	2016-08-09 12:46:45+00:00 - pendiente - 11.5	3		22	2
225	2016-08-10 17:30:57.777238-05	33	2016-08-09 12:31:23+00:00 - pendiente - 14.5	3		22	2
226	2016-08-10 17:30:57.784851-05	32	2016-08-09 12:28:38+00:00 - pendiente - 14.5	3		22	2
227	2016-08-10 17:30:57.791659-05	31	2016-08-09 12:00:11+00:00 - pendiente - 11.5	3		22	2
228	2016-08-10 17:30:57.810147-05	30	2016-08-09 11:08:10+00:00 - enviado - 6.5	3		22	2
229	2016-08-10 17:30:57.817697-05	29	2016-08-09 11:03:05+00:00 - enviado - 7.5	3		22	2
230	2016-08-10 17:30:57.832586-05	28	2016-08-09 10:59:52+00:00 - enviado - 2.5	3		22	2
231	2016-08-10 17:30:57.847138-05	27	2016-08-09 15:44:32+00:00 - enviado - 11.5	3		22	2
232	2016-08-10 17:30:57.860094-05	26	2016-08-06 00:39:28+00:00 - pendiente - 2.5	3		22	2
233	2016-08-10 17:30:57.869979-05	25	2016-08-04 20:07:15+00:00 - pendiente - 2.5	3		22	2
234	2016-08-10 17:30:57.88288-05	24	2016-08-04 18:31:03+00:00 - pendiente - 21.5	3		22	2
235	2016-08-10 17:30:57.891491-05	23	2016-08-03 22:35:21+00:00 - enviado - 2.5	3		22	2
236	2016-08-10 17:30:57.899672-05	22	2016-08-03 21:45:47+00:00 - enviado - 2.5	3		22	2
237	2016-08-10 17:30:57.911899-05	21	2016-08-03 19:40:33+00:00 - enviado - 4.5	3		22	2
238	2016-08-10 17:30:57.920193-05	20	2016-08-03 19:39:29+00:00 - enviado - 2.5	3		22	2
239	2016-08-10 17:30:57.934156-05	19	2016-08-03 17:29:53+00:00 - enviado - 2.5	3		22	2
240	2016-08-10 18:34:31.506326-05	6	Frutas y Jugos	1	Añadido.	10	2
241	2016-08-10 18:35:16.079128-05	55	fruques	1	Añadido.	5	2
242	2016-08-10 18:35:39.428714-05	56	fruques2	1	Añadido.	5	2
243	2016-08-10 18:36:59.705463-05	8	Fruques	1	Añadido.	11	2
244	2016-08-10 18:37:07.462498-05	9	Fruques	1	Añadido.	15	2
245	2016-08-10 18:37:11.299691-05	8	Fruques	1	Añadido.	16	2
246	2016-08-10 18:37:51.821612-05	86	fruques	2	Modificado/a ruta_foto.	9	2
247	2016-08-10 18:37:53.055749-05	8	Fruques	2	No ha cambiado ningún campo.	11	2
248	2016-08-10 18:37:55.144419-05	8	Fruques	2	No ha cambiado ningún campo.	16	2
249	2016-08-10 18:42:44.121248-05	8	Fruques	3		16	2
250	2016-08-10 18:43:06.854409-05	6	Frutas y Jugos	3		10	2
251	2016-08-11 09:45:37.54196-05	122	2016-08-10 22:48:45+00:00 - pendiente - 30.0	3		22	2
252	2016-08-11 09:45:37.56597-05	121	2016-08-10 22:47:55+00:00 - pendiente - 6.0	3		22	2
253	2016-08-11 09:45:37.58389-05	120	2016-08-10 22:46:48+00:00 - pendiente - 2.5	3		22	2
254	2016-08-11 09:45:37.596208-05	119	2016-08-10 22:39:44+00:00 - pendiente - 11.5	3		22	2
255	2016-08-11 09:45:37.622398-05	118	2016-08-10 22:32:53+00:00 - pendiente - 19.5	3		22	2
256	2016-08-11 09:45:37.630836-05	117	2016-08-10 22:31:33+00:00 - pendiente - 6.5	3		22	2
257	2016-08-11 09:50:10.554505-05	1	4	1	Añadido.	33	2
258	2016-08-11 09:52:04.331675-05	2	3	1	Añadido.	33	2
259	2016-08-11 09:53:19.163716-05	3	5	1	Añadido.	33	2
260	2016-08-11 09:57:59.479413-05	4	4	1	Añadido.	33	2
261	2016-08-11 11:49:37.018911-05	139	2016-08-11 16:21:52+00:00 - pendiente - 10.0	3		22	2
597	2016-09-05 13:15:41.728544-05	134	pamela	3		5	2
262	2016-08-11 11:49:37.048401-05	138	2016-08-11 16:12:09+00:00 - pendiente - 10.0	3		22	2
263	2016-08-11 11:49:37.078803-05	137	2016-08-11 16:11:45+00:00 - pendiente - 4.5	3		22	2
264	2016-08-11 11:49:37.087521-05	136	2016-08-11 15:48:27+00:00 - pendiente - 3.5	3		22	2
265	2016-08-11 11:49:37.103426-05	135	2016-08-11 15:38:50+00:00 - pendiente - 3.5	3		22	2
266	2016-08-11 11:49:37.122096-05	134	2016-08-11 15:27:02+00:00 - enviado - 37.5	3		22	2
267	2016-08-11 11:49:37.135019-05	133	2016-08-11 00:11:38+00:00 - enviado - 17.0	3		22	2
268	2016-08-11 11:49:37.156985-05	132	2016-08-11 00:09:28+00:00 - pendiente - 9.0	3		22	2
269	2016-08-11 11:49:37.165883-05	131	2016-08-11 00:04:55+00:00 - pendiente - 81.5	3		22	2
270	2016-08-11 11:49:37.18034-05	130	2016-08-11 00:04:51+00:00 - pendiente - 81.5	3		22	2
271	2016-08-11 11:49:37.188706-05	129	2016-08-11 00:03:59+00:00 - pendiente - 81.5	3		22	2
272	2016-08-11 11:49:37.196671-05	128	2016-08-10 23:36:26+00:00 - pendiente - 3.0	3		22	2
273	2016-08-11 11:49:37.208086-05	127	2016-08-10 23:36:32+00:00 - pendiente - 42.5	3		22	2
274	2016-08-11 11:49:37.222485-05	126	2016-08-10 23:36:21+00:00 - pendiente - 3.0	3		22	2
275	2016-08-11 11:49:37.230231-05	125	2016-08-10 23:35:51+00:00 - pendiente - 7.0	3		22	2
276	2016-08-11 11:49:37.245423-05	124	2016-08-10 22:50:36+00:00 - pendiente - 41.0	3		22	2
277	2016-08-11 11:49:37.25511-05	123	2016-08-10 22:50:06+00:00 - pendiente - 41.0	3		22	2
278	2016-08-11 12:01:42.39682-05	5	3	1	Añadido.	33	2
279	2016-08-11 12:04:20.107037-05	6	4	1	Añadido.	33	2
280	2016-08-11 12:04:58.646755-05	7	3	1	Añadido.	33	2
281	2016-08-11 14:02:36.530052-05	7	Pollos	1	Añadido.	10	2
282	2016-08-11 14:05:00.915294-05	62	gusy	1	Añadido.	5	2
283	2016-08-11 14:06:04.483602-05	62	gusy2	2	Modificado/a username.	5	2
284	2016-08-11 14:06:40.824247-05	62	gusy2	2	Modificado/a groups.	5	2
285	2016-08-11 14:09:37.41132-05	63	gusy	1	Añadido.	5	2
286	2016-08-11 14:11:26.034102-05	94	gusy	2	Modificado/a ruta_foto.	9	2
287	2016-08-11 14:12:02.742939-05	9	Gusy	1	Añadido.	11	2
288	2016-08-11 14:12:28.228425-05	11	Gusy	1	Añadido.	15	2
289	2016-08-11 14:12:30.760267-05	9	Gusy	1	Añadido.	16	2
290	2016-08-11 16:06:37.128618-05	43	Helado de chocolate	1	Añadido.	31	2
291	2016-08-11 16:07:15.503629-05	19	chocolate	1	Añadido.	28	2
292	2016-08-11 16:07:30.591689-05	43	Helado de chocolate	2	Modificado/a id_ingrediente y requerido.	31	2
293	2016-08-15 15:19:25.45368-05	203	2016-08-15 20:17:49+00:00 - En Espera - 17.0	3		22	2
294	2016-08-15 15:19:25.490655-05	202	2016-08-15 20:16:34+00:00 - En Espera - 7.0	3		22	2
295	2016-08-15 15:19:25.494613-05	201	2016-08-15 20:16:17+00:00 - En Espera - 7.0	3		22	2
296	2016-08-15 15:19:25.497692-05	200	2016-08-15 20:12:28+00:00 - En Espera - 13.5	3		22	2
297	2016-08-15 15:19:25.500612-05	199	2016-08-15 20:11:23+00:00 - En Espera - 11.5	3		22	2
298	2016-08-15 15:19:25.503652-05	198	2016-08-15 20:11:01+00:00 - En Espera - 11.5	3		22	2
299	2016-08-15 15:19:25.507612-05	197	2016-08-15 20:10:38+00:00 - En Espera - 20.06	3		22	2
300	2016-08-15 15:19:25.510612-05	196	2016-08-15 20:10:06+00:00 - En Espera - 20.06	3		22	2
301	2016-08-15 15:19:25.513612-05	195	2016-08-15 20:09:59+00:00 - En Espera - 28.5	3		22	2
302	2016-08-15 15:19:25.516612-05	194	2016-08-15 20:06:04+00:00 - En Espera - 7.0	3		22	2
303	2016-08-15 15:19:25.519613-05	193	2016-08-15 20:05:50+00:00 - En Espera - 7.0	3		22	2
304	2016-08-15 15:19:25.522613-05	192	2016-08-15 20:05:37+00:00 - En Espera - 11.5	3		22	2
305	2016-08-15 15:19:25.525673-05	191	2016-08-15 20:05:11+00:00 - En Espera - 16.5	3		22	2
306	2016-08-15 15:19:25.528658-05	190	2016-08-15 20:04:45+00:00 - En Espera - 21.5	3		22	2
307	2016-08-15 15:19:25.531618-05	189	2016-08-15 20:04:50+00:00 - En Espera - 13.5	3		22	2
308	2016-08-15 15:19:25.534635-05	188	2016-08-15 20:02:08+00:00 - En Espera - 31.5	3		22	2
309	2016-08-15 15:19:25.537616-05	187	2016-08-15 20:01:57+00:00 - En Espera - 31.5	3		22	2
310	2016-08-15 15:19:25.540656-05	186	2016-08-15 19:59:33+00:00 - En Espera - 31.5	3		22	2
311	2016-08-15 15:19:25.543644-05	185	2016-08-15 20:00:18+00:00 - En Espera - 13.5	3		22	2
312	2016-08-15 15:19:25.546632-05	184	2016-08-15 19:59:24+00:00 - En Espera - 31.5	3		22	2
313	2016-08-15 15:19:25.573653-05	183	2016-08-15 19:59:18+00:00 - En Espera - 31.5	3		22	2
314	2016-08-15 15:19:25.590665-05	182	2016-08-15 19:59:24+00:00 - En Espera - 4.5	3		22	2
315	2016-08-15 15:19:25.607618-05	181	2016-08-15 19:58:07+00:00 - En Espera - 11.5	3		22	2
316	2016-08-15 15:19:25.623728-05	180	2016-08-15 19:53:59+00:00 - En Espera - 10.5	3		22	2
317	2016-08-15 15:19:25.640663-05	179	2016-08-15 19:52:43+00:00 - En Espera - 11.5	3		22	2
318	2016-08-15 15:19:25.656649-05	178	2016-08-15 19:51:39+00:00 - En Espera - 11.5	3		22	2
319	2016-08-15 15:19:25.673644-05	177	2016-08-15 19:50:25+00:00 - En Espera - 15.5	3		22	2
320	2016-08-15 15:19:25.690623-05	176	2016-08-15 19:50:21+00:00 - En Espera - 15.5	3		22	2
321	2016-08-15 15:19:25.707643-05	175	2016-08-15 19:50:46+00:00 - En Espera - 185.7	3		22	2
322	2016-08-15 15:19:25.710623-05	174	2016-08-15 19:49:56+00:00 - En Espera - 11.5	3		22	2
323	2016-08-15 15:19:25.714625-05	173	2016-08-15 19:49:14+00:00 - En Espera - 11.5	3		22	2
324	2016-08-15 15:19:25.717647-05	172	2016-08-15 19:48:42+00:00 - En Espera - 185.7	3		22	2
325	2016-08-15 15:19:25.721626-05	171	2016-08-15 19:43:29+00:00 - En Espera - 11.5	3		22	2
326	2016-08-15 15:19:25.724645-05	170	2016-08-15 19:42:37+00:00 - En Espera - 11.5	3		22	2
327	2016-08-15 15:19:25.729671-05	169	2016-08-15 18:35:19+00:00 - En Espera - 13.5	3		22	2
328	2016-08-15 15:19:25.732655-05	168	2016-08-15 18:10:37+00:00 - Transportista en Espera - 11.5	3		22	2
329	2016-08-15 15:19:25.736625-05	167	2016-08-15 18:01:56+00:00 - En Espera - 11.5	3		22	2
330	2016-08-15 15:19:25.739642-05	166	2016-08-15 18:00:55+00:00 - En Espera - 11.5	3		22	2
331	2016-08-15 15:19:25.742658-05	165	2016-08-15 17:40:55+00:00 - En Espera - 11.5	3		22	2
332	2016-08-15 15:19:25.745627-05	164	2016-08-15 15:14:55+00:00 - En Espera - 21.56	3		22	2
333	2016-08-15 15:19:25.749627-05	163	2016-08-15 15:06:57+00:00 - En Proceso - 10.0	3		22	2
334	2016-08-15 15:19:25.75367-05	162	2016-08-12 18:04:57+00:00 - En Espera - 13.5	3		22	2
335	2016-08-15 15:19:25.757669-05	161	2016-08-12 16:22:07+00:00 - En Espera - 14.5	3		22	2
336	2016-08-15 15:19:25.760652-05	160	2016-08-12 15:45:18+00:00 - Transportista en Espera - 11.5	3		22	2
337	2016-08-15 15:19:25.76467-05	159	2016-08-12 15:42:38+00:00 - En Espera - 11.5	3		22	2
338	2016-08-15 15:19:25.76767-05	158	2016-08-12 15:39:39+00:00 - En Proceso - 34.5	3		22	2
339	2016-08-15 15:19:25.771639-05	157	2016-08-12 15:35:37+00:00 - En Espera - 42.5	3		22	2
788	2016-09-08 12:35:02.924988-05	12	Ofertas	3		23	2
340	2016-08-15 15:19:25.774635-05	156	2016-08-12 15:32:50+00:00 - En Espera - 101.5	3		22	2
341	2016-08-15 15:19:25.777646-05	155	2016-08-12 15:23:11+00:00 - En Proceso - 82.5	3		22	2
342	2016-08-15 15:19:25.781664-05	154	2016-08-12 15:19:24+00:00 - En Espera - 45.5	3		22	2
343	2016-08-15 15:19:25.785668-05	153	2016-08-12 15:16:39+00:00 - En Espera - 24.5	3		22	2
344	2016-08-15 15:19:25.788646-05	152	2016-08-12 15:13:15+00:00 - En Espera - 13.0	3		22	2
345	2016-08-15 15:19:25.791646-05	151	2016-08-12 01:08:04+00:00 - En Espera - 23.5	3		22	2
346	2016-08-15 15:19:25.823632-05	150	2016-08-11 22:08:20+00:00 - En Espera - 3.0	3		22	2
347	2016-08-15 15:19:25.840633-05	149	2016-08-11 21:54:50+00:00 - En Proceso - 24.5	3		22	2
348	2016-08-15 17:56:12.384505-05	277	2016-08-15 22:54:24+00:00 - En Espera - 25.5	3		22	2
349	2016-08-15 17:56:12.40752-05	276	2016-08-15 22:53:54+00:00 - En Espera - 25.5	3		22	2
350	2016-08-15 17:56:12.411518-05	275	2016-08-15 22:53:19+00:00 - En Espera - 25.5	3		22	2
351	2016-08-15 17:56:12.414478-05	274	2016-08-15 22:52:54+00:00 - En Espera - 25.5	3		22	2
352	2016-08-15 17:56:12.418478-05	273	2016-08-15 22:52:11+00:00 - En Espera - 49.5	3		22	2
353	2016-08-15 17:56:12.422525-05	272	2016-08-15 22:51:31+00:00 - En Espera - 49.5	3		22	2
354	2016-08-15 17:56:12.425538-05	271	2016-08-15 22:47:35+00:00 - En Espera - 31.5	3		22	2
355	2016-08-15 17:56:12.429526-05	270	2016-08-15 22:46:55+00:00 - En Espera - 61.5	3		22	2
356	2016-08-15 17:56:12.432544-05	269	2016-08-15 22:45:27+00:00 - En Espera - 31.5	3		22	2
357	2016-08-15 17:56:12.435508-05	268	2016-08-15 22:43:40+00:00 - En Espera - 25.5	3		22	2
358	2016-08-15 17:56:12.438483-05	267	2016-08-15 22:43:09+00:00 - En Espera - 46.5	3		22	2
359	2016-08-15 17:56:12.441503-05	266	2016-08-15 22:42:19+00:00 - En Espera - 43.5	3		22	2
360	2016-08-15 17:56:12.445514-05	265	2016-08-15 22:20:24+00:00 - En Espera - 47.56	3		22	2
361	2016-08-15 17:56:12.44848-05	264	2016-08-15 22:18:14+00:00 - En Espera - 26.85	3		22	2
362	2016-08-15 17:56:25.339248-05	263	2016-08-15 22:16:59+00:00 - En Espera - 5.0	3		22	2
363	2016-08-15 17:56:25.356255-05	262	2016-08-15 22:16:53+00:00 - En Espera - 30.06	3		22	2
364	2016-08-15 17:56:25.374214-05	261	2016-08-15 22:15:53+00:00 - En Espera - 20.06	3		22	2
365	2016-08-15 17:56:25.383265-05	260	2016-08-15 22:09:49+00:00 - En Espera - 35.06	3		22	2
366	2016-08-15 17:56:25.391211-05	259	2016-08-15 22:09:11+00:00 - En Espera - 30.06	3		22	2
367	2016-08-15 17:56:25.398268-05	258	2016-08-15 22:08:24+00:00 - En Espera - 34.06	3		22	2
368	2016-08-15 17:56:25.406269-05	257	2016-08-15 22:07:22+00:00 - En Espera - 21.5	3		22	2
369	2016-08-15 17:56:25.423287-05	256	2016-08-15 22:06:32+00:00 - En Espera - 40.06	3		22	2
370	2016-08-15 17:56:25.431268-05	255	2016-08-15 22:05:39+00:00 - En Espera - 36.85	3		22	2
371	2016-08-15 17:56:25.439281-05	254	2016-08-15 22:04:58+00:00 - En Espera - 15.0	3		22	2
372	2016-08-15 17:56:25.447261-05	253	2016-08-15 22:03:46+00:00 - En Espera - 15.5	3		22	2
373	2016-08-15 17:56:25.456271-05	252	2016-08-15 22:03:17+00:00 - En Espera - 15.5	3		22	2
374	2016-08-15 17:56:25.465271-05	251	2016-08-15 22:01:48+00:00 - En Espera - 31.5	3		22	2
375	2016-08-15 17:56:25.472273-05	250	2016-08-15 22:01:05+00:00 - En Espera - 11.5	3		22	2
376	2016-08-15 17:56:25.481274-05	249	2016-08-15 22:00:22+00:00 - En Espera - 11.5	3		22	2
377	2016-08-15 17:56:25.490233-05	248	2016-08-15 21:59:11+00:00 - En Espera - 32.35	3		22	2
378	2016-08-15 17:56:25.495223-05	247	2016-08-15 21:58:07+00:00 - En Espera - 26.5	3		22	2
379	2016-08-15 17:56:25.50022-05	246	2016-08-15 21:13:08+00:00 - En Espera - 11.5	3		22	2
380	2016-08-15 17:56:25.505251-05	245	2016-08-15 21:10:55+00:00 - En Espera - 25.5	3		22	2
381	2016-08-15 17:56:25.510247-05	244	2016-08-15 21:10:15+00:00 - En Espera - 16.5	3		22	2
382	2016-08-15 17:56:25.515218-05	243	2016-08-15 21:09:32+00:00 - En Espera - 11.5	3		22	2
383	2016-08-15 17:56:25.520218-05	242	2016-08-15 20:50:10+00:00 - En Espera - 16.5	3		22	2
384	2016-08-15 17:56:25.52425-05	241	2016-08-15 20:49:04+00:00 - En Espera - 85.5	3		22	2
385	2016-08-15 17:56:25.528221-05	240	2016-08-15 20:48:20+00:00 - En Espera - 76.5	3		22	2
386	2016-08-15 17:56:25.53122-05	239	2016-08-15 20:47:21+00:00 - En Espera - 11.5	3		22	2
387	2016-08-15 17:56:25.535262-05	238	2016-08-15 20:46:24+00:00 - En Espera - 11.5	3		22	2
388	2016-08-16 15:58:33.289047-05	371	2016-08-16 20:51:04+00:00 - En Espera - 13.5	3		22	2
389	2016-08-16 15:58:33.336402-05	369	2016-08-16 20:47:24+00:00 - En Espera - 5.0	3		22	2
390	2016-08-16 15:58:33.351897-05	363	2016-08-16 20:30:07+00:00 - En Proceso - 17.0	3		22	2
391	2016-08-16 15:58:33.359898-05	360	2016-08-16 18:33:10+00:00 - En Espera - 5.0	3		22	2
392	2016-08-16 15:58:33.3687-05	357	2016-08-16 18:22:33+00:00 - En Espera - 5.0	3		22	2
393	2016-08-16 15:58:33.385322-05	349	2016-08-16 18:16:13+00:00 - En Espera - 5.0	3		22	2
394	2016-08-16 15:58:33.393937-05	345	2016-08-16 18:06:41+00:00 - En Espera - 5.0	3		22	2
395	2016-08-16 15:58:33.412865-05	342	2016-08-16 18:04:30+00:00 - En Espera - 13.5	3		22	2
396	2016-08-16 15:58:33.421671-05	334	2016-08-16 17:53:26+00:00 - En Espera - 5.0	3		22	2
397	2016-08-16 15:58:33.437816-05	324	2016-08-16 16:52:05+00:00 - En Espera - 13.5	3		22	2
398	2016-08-16 15:58:33.447397-05	321	2016-08-16 16:42:58+00:00 - En Espera - 21.5	3		22	2
399	2016-08-16 15:58:33.460043-05	317	2016-08-16 16:00:06+00:00 - En Espera - 5.0	3		22	2
400	2016-08-16 15:58:33.470878-05	313	2016-08-16 15:31:17+00:00 - En Espera - 11.5	3		22	2
401	2016-08-16 15:58:33.485025-05	309	2016-08-16 15:28:02+00:00 - En Espera - 5.0	3		22	2
402	2016-08-16 15:58:33.493333-05	306	2016-08-16 15:25:24+00:00 - En Espera - 15.5	3		22	2
403	2016-08-16 15:58:33.502952-05	303	2016-08-16 15:18:43+00:00 - En Espera - 5.0	3		22	2
404	2016-08-16 15:58:33.51519-05	300	2016-08-16 15:13:24+00:00 - En Espera - 5.0	3		22	2
405	2016-08-16 15:58:33.5271-05	294	2016-08-16 14:46:43+00:00 - En Espera - 5.0	3		22	2
406	2016-08-16 15:58:33.542577-05	290	2016-08-15 23:08:27+00:00 - Transportista en Espera - 69.5	3		22	2
407	2016-08-16 15:58:33.555691-05	286	2016-08-15 23:03:56+00:00 - En Espera - 57.5	3		22	2
408	2016-08-16 15:58:33.563709-05	282	2016-08-15 23:01:03+00:00 - En Proceso - 81.62	3		22	2
409	2016-08-16 15:58:33.577689-05	279	2016-08-15 22:57:36+00:00 - En Espera - 52.5	3		22	2
410	2016-08-16 15:58:33.585313-05	236	2016-08-15 20:44:40+00:00 - En Espera - 15.5	3		22	2
411	2016-08-16 15:58:33.593386-05	234	2016-08-15 20:39:15+00:00 - En Espera - 15.5	3		22	2
412	2016-08-16 15:59:27.582367-05	370	2016-08-16 20:49:52+00:00 - En Espera - 5.0	3		22	2
413	2016-08-16 15:59:27.597506-05	367	2016-08-16 20:41:25+00:00 - En Espera - 5.0	3		22	2
414	2016-08-16 15:59:27.617678-05	362	2016-08-16 18:43:33+00:00 - En Espera - 5.0	3		22	2
415	2016-08-16 15:59:27.625995-05	356	2016-08-16 18:21:44+00:00 - En Espera - 5.0	3		22	2
416	2016-08-16 15:59:27.632324-05	353	2016-08-16 18:18:28+00:00 - En Espera - 5.0	3		22	2
417	2016-08-16 15:59:27.639581-05	351	2016-08-16 18:17:16+00:00 - En Espera - 5.0	3		22	2
418	2016-08-16 15:59:27.650652-05	347	2016-08-16 18:11:17+00:00 - En Espera - 5.0	3		22	2
419	2016-08-16 15:59:27.657404-05	341	2016-08-16 18:02:26+00:00 - En Espera - 11.5	3		22	2
420	2016-08-16 15:59:27.67134-05	337	2016-08-16 17:57:47+00:00 - En Espera - 5.0	3		22	2
421	2016-08-16 15:59:27.68452-05	332	2016-08-16 17:52:21+00:00 - En Espera - 5.0	3		22	2
422	2016-08-16 15:59:27.695473-05	330	2016-08-16 17:51:30+00:00 - En Espera - 5.0	3		22	2
423	2016-08-16 15:59:27.709189-05	327	2016-08-16 17:42:47+00:00 - En Espera - 7.0	3		22	2
424	2016-08-16 15:59:27.719039-05	322	2016-08-16 16:46:06+00:00 - En Espera - 29.5	3		22	2
425	2016-08-16 15:59:27.725508-05	318	2016-08-16 16:01:10+00:00 - Enviado - 5.0	3		22	2
426	2016-08-16 15:59:27.735125-05	314	2016-08-16 15:35:12+00:00 - En Espera - 5.0	3		22	2
427	2016-08-16 15:59:27.744521-05	311	2016-08-16 15:29:22+00:00 - En Espera - 5.0	3		22	2
428	2016-08-16 15:59:27.758957-05	308	2016-08-16 15:26:01+00:00 - En Espera - 15.5	3		22	2
429	2016-08-16 15:59:27.777756-05	304	2016-08-16 15:23:58+00:00 - En Espera - 5.0	3		22	2
430	2016-08-16 15:59:27.795551-05	301	2016-08-16 15:14:16+00:00 - En Espera - 5.0	3		22	2
431	2016-08-16 15:59:27.805912-05	293	2016-08-16 14:44:46+00:00 - En Espera - 5.0	3		22	2
432	2016-08-16 15:59:27.817493-05	288	2016-08-15 23:05:29+00:00 - En Espera - 66.62	3		22	2
433	2016-08-16 15:59:27.847387-05	287	2016-08-15 23:05:57+00:00 - En Espera - 20.06	3		22	2
434	2016-08-16 15:59:27.859203-05	283	2016-08-15 23:01:57+00:00 - En Espera - 40.5	3		22	2
435	2016-08-16 15:59:27.870038-05	278	2016-08-15 22:57:16+00:00 - En Espera - 20.06	3		22	2
436	2016-08-16 15:59:27.88977-05	233	2016-08-15 20:39:02+00:00 - En Espera - 15.5	3		22	2
437	2016-08-16 15:59:27.900188-05	229	2016-08-15 20:37:18+00:00 - En Espera - 13.5	3		22	2
438	2016-08-16 15:59:27.911256-05	227	2016-08-15 20:36:50+00:00 - En Espera - 21.5	3		22	2
439	2016-08-16 15:59:27.918037-05	224	2016-08-15 20:35:13+00:00 - En Espera - 15.5	3		22	2
440	2016-08-16 15:59:27.926623-05	220	2016-08-15 20:34:03+00:00 - En Espera - 15.5	3		22	2
441	2016-08-16 15:59:27.934213-05	218	2016-08-15 20:33:56+00:00 - En Espera - 15.5	3		22	2
442	2016-08-16 15:59:27.945018-05	214	2016-08-15 20:33:38+00:00 - En Espera - 15.5	3		22	2
443	2016-08-16 16:00:03.274469-05	368	2016-08-16 20:45:26+00:00 - En Espera - 5.0	3		22	2
444	2016-08-16 16:00:03.285051-05	364	2016-08-16 20:31:35+00:00 - En Espera - 17.0	3		22	2
445	2016-08-16 16:00:03.299557-05	355	2016-08-16 18:20:04+00:00 - En Espera - 5.0	3		22	2
446	2016-08-16 16:00:03.309155-05	346	2016-08-16 18:10:45+00:00 - En Espera - 5.0	3		22	2
447	2016-08-16 16:00:03.326074-05	340	2016-08-16 18:01:48+00:00 - En Espera - 20.06	3		22	2
448	2016-08-16 16:00:03.333328-05	335	2016-08-16 17:53:59+00:00 - En Espera - 5.0	3		22	2
449	2016-08-16 16:00:03.343213-05	328	2016-08-16 17:49:49+00:00 - En Espera - 5.0	3		22	2
450	2016-08-16 16:00:03.358791-05	323	2016-08-16 16:47:32+00:00 - En Espera - 21.5	3		22	2
451	2016-08-16 16:00:03.366436-05	316	2016-08-16 15:40:55+00:00 - En Espera - 11.5	3		22	2
452	2016-08-16 16:00:03.37685-05	310	2016-08-16 15:28:40+00:00 - En Espera - 5.0	3		22	2
453	2016-08-16 16:00:03.391155-05	291	2016-08-16 13:59:33+00:00 - En Espera - 18.5	3		22	2
454	2016-08-16 16:00:03.409153-05	284	2016-08-15 23:02:49+00:00 - En Espera - 57.5	3		22	2
455	2016-08-16 16:00:03.421456-05	235	2016-08-15 20:40:15+00:00 - En Espera - 20.06	3		22	2
456	2016-08-16 16:00:03.428407-05	230	2016-08-15 20:38:25+00:00 - En Espera - 13.5	3		22	2
457	2016-08-16 16:00:03.441492-05	223	2016-08-15 20:34:54+00:00 - En Espera - 5.0	3		22	2
458	2016-08-16 16:00:03.449691-05	215	2016-08-15 20:33:42+00:00 - En Espera - 15.5	3		22	2
459	2016-08-16 16:00:03.457808-05	209	2016-08-15 20:32:30+00:00 - Enviado - 5.0	3		22	2
460	2016-08-16 16:00:03.465987-05	206	2016-08-15 20:20:34+00:00 - Enviado - 19.5	3		22	2
461	2016-08-16 16:46:32.977963-05	395	2016-08-16 21:45:05+00:00 - En Espera - 5.0	3		22	2
462	2016-08-16 16:46:32.991182-05	394	2016-08-16 21:31:58+00:00 - En Espera - 5.0	3		22	2
463	2016-08-16 16:46:33.00794-05	393	2016-08-16 21:26:33+00:00 - En Espera - 5.0	3		22	2
464	2016-08-16 16:46:33.023172-05	392	2016-08-16 21:26:10+00:00 - En Espera - 15.5	3		22	2
465	2016-08-16 16:46:33.031524-05	391	2016-08-16 21:25:58+00:00 - En Espera - 15.5	3		22	2
466	2016-08-16 16:46:33.046951-05	390	2016-08-16 21:25:16+00:00 - En Espera - 5.0	3		22	2
467	2016-08-16 16:46:33.057018-05	389	2016-08-16 21:24:49+00:00 - En Espera - 5.0	3		22	2
468	2016-08-16 16:46:33.071949-05	388	2016-08-16 21:21:54+00:00 - En Espera - 98.5	3		22	2
469	2016-08-16 16:46:33.080835-05	387	2016-08-16 21:20:52+00:00 - En Espera - 5.0	3		22	2
470	2016-08-16 16:46:33.093739-05	386	2016-08-16 21:19:51+00:00 - En Espera - 15.5	3		22	2
471	2016-08-16 16:46:33.112771-05	385	2016-08-16 21:19:08+00:00 - En Espera - 33.5	3		22	2
472	2016-08-16 16:46:33.123541-05	384	2016-08-16 21:18:41+00:00 - En Espera - 5.0	3		22	2
473	2016-08-16 16:46:33.136829-05	383	2016-08-16 21:18:10+00:00 - En Espera - 5.0	3		22	2
474	2016-08-16 16:46:33.149478-05	382	2016-08-16 21:18:01+00:00 - En Espera - 33.5	3		22	2
475	2016-08-16 16:46:33.163832-05	381	2016-08-16 21:16:44+00:00 - En Espera - 11.5	3		22	2
476	2016-08-16 16:46:33.172023-05	380	2016-08-16 21:16:32+00:00 - En Espera - 5.0	3		22	2
477	2016-08-16 16:46:33.18138-05	379	2016-08-16 21:13:33+00:00 - En Espera - 5.0	3		22	2
478	2016-08-16 16:46:33.193708-05	378	2016-08-16 21:06:04+00:00 - En Espera - 5.0	3		22	2
479	2016-08-16 16:46:33.211933-05	377	2016-08-16 21:05:40+00:00 - En Espera - 5.0	3		22	2
480	2016-08-16 16:46:33.225316-05	376	2016-08-16 21:05:08+00:00 - En Espera - 5.0	3		22	2
481	2016-08-16 16:46:33.239102-05	375	2016-08-16 21:04:26+00:00 - En Espera - 5.0	3		22	2
482	2016-08-16 16:46:33.253151-05	374	2016-08-16 21:04:10+00:00 - En Espera - 16.5	3		22	2
483	2016-08-16 16:46:33.264254-05	373	2016-08-16 21:01:26+00:00 - En Espera - 5.0	3		22	2
484	2016-08-16 16:46:33.272254-05	372	2016-08-16 20:51:21+00:00 - En Espera - 5.0	3		22	2
485	2016-08-16 16:46:33.281215-05	366	2016-08-16 20:41:02+00:00 - En Espera - 7.0	3		22	2
486	2016-08-16 16:46:33.289096-05	365	2016-08-16 20:40:57+00:00 - En Espera - 7.0	3		22	2
487	2016-08-16 16:46:33.301575-05	361	2016-08-16 18:35:14+00:00 - En Espera - 4.5	3		22	2
488	2016-08-16 16:46:33.319634-05	359	2016-08-16 18:23:42+00:00 - Transportista en Espera - 11.5	3		22	2
489	2016-08-16 16:46:33.331841-05	358	2016-08-16 18:23:01+00:00 - En Espera - 5.0	3		22	2
490	2016-08-16 16:46:33.347292-05	354	2016-08-16 18:19:42+00:00 - En Espera - 5.0	3		22	2
491	2016-08-16 16:46:33.359864-05	352	2016-08-16 18:17:54+00:00 - En Espera - 5.0	3		22	2
492	2016-08-16 16:46:33.37235-05	350	2016-08-16 18:16:29+00:00 - En Espera - 5.0	3		22	2
493	2016-08-16 16:46:33.382334-05	348	2016-08-16 18:11:52+00:00 - En Espera - 5.0	3		22	2
494	2016-08-16 16:46:33.390115-05	344	2016-08-16 18:06:31+00:00 - En Espera - 5.0	3		22	2
495	2016-08-16 16:46:33.404013-05	343	2016-08-16 18:06:01+00:00 - En Espera - 5.0	3		22	2
496	2016-08-16 16:46:33.424488-05	339	2016-08-16 17:59:35+00:00 - En Espera - 5.0	3		22	2
497	2016-08-16 16:46:33.436729-05	338	2016-08-16 17:58:32+00:00 - En Espera - 5.0	3		22	2
498	2016-08-16 16:46:33.455543-05	336	2016-08-16 17:57:02+00:00 - En Espera - 5.0	3		22	2
499	2016-08-16 16:46:33.467455-05	333	2016-08-16 17:52:50+00:00 - En Espera - 5.0	3		22	2
500	2016-08-16 16:46:33.480961-05	331	2016-08-16 17:52:14+00:00 - En Espera - 5.0	3		22	2
501	2016-08-16 16:46:33.492288-05	329	2016-08-16 17:50:42+00:00 - En Espera - 5.0	3		22	2
502	2016-08-16 16:46:33.508276-05	326	2016-08-16 16:52:05+00:00 - En Espera - 25.5	3		22	2
503	2016-08-16 16:46:33.528008-05	325	2016-08-16 16:51:28+00:00 - En Espera - 37.5	3		22	2
504	2016-08-16 16:46:33.542303-05	320	2016-08-16 16:42:21+00:00 - En Espera - 8.5	3		22	2
505	2016-08-16 16:46:33.557148-05	319	2016-08-16 16:41:10+00:00 - En Espera - 21.5	3		22	2
506	2016-08-16 16:46:33.571322-05	315	2016-08-16 15:39:33+00:00 - En Espera - 5.0	3		22	2
507	2016-08-16 16:46:33.580811-05	312	2016-08-16 15:30:19+00:00 - En Espera - 5.0	3		22	2
508	2016-08-16 16:46:33.589686-05	307	2016-08-16 15:25:50+00:00 - En Espera - 15.5	3		22	2
509	2016-08-16 16:46:33.606023-05	305	2016-08-16 15:24:27+00:00 - En Espera - 5.0	3		22	2
510	2016-08-16 16:46:33.621095-05	302	2016-08-16 15:16:46+00:00 - En Espera - 5.0	3		22	2
511	2016-08-16 16:46:33.633962-05	299	2016-08-16 15:11:21+00:00 - En Espera - 5.0	3		22	2
512	2016-08-16 16:46:33.649642-05	298	2016-08-16 14:53:56+00:00 - En Espera - 5.0	3		22	2
513	2016-08-16 16:46:33.668806-05	297	2016-08-16 14:53:03+00:00 - En Espera - 5.0	3		22	2
514	2016-08-16 16:46:33.680462-05	296	2016-08-16 14:52:30+00:00 - En Espera - 5.0	3		22	2
515	2016-08-16 16:46:33.693191-05	295	2016-08-16 14:47:45+00:00 - En Espera - 5.0	3		22	2
516	2016-08-16 16:46:33.702266-05	292	2016-08-16 14:44:25+00:00 - En Espera - 5.0	3		22	2
517	2016-08-16 16:46:33.718646-05	289	2016-08-15 23:06:55+00:00 - En Espera - 66.62	3		22	2
518	2016-08-16 16:46:33.731043-05	285	2016-08-15 23:04:42+00:00 - En Espera - 16.5	3		22	2
519	2016-08-16 16:46:33.742859-05	281	2016-08-15 23:01:30+00:00 - En Espera - 63.5	3		22	2
520	2016-08-16 16:46:33.755651-05	280	2016-08-15 22:57:36+00:00 - En Espera - 52.5	3		22	2
521	2016-08-16 16:46:33.771153-05	237	2016-08-15 20:45:35+00:00 - En Espera - 16.5	3		22	2
522	2016-08-16 16:46:33.780468-05	232	2016-08-15 20:38:46+00:00 - En Espera - 5.0	3		22	2
523	2016-08-16 16:46:33.789188-05	231	2016-08-15 20:38:26+00:00 - En Espera - 13.5	3		22	2
524	2016-08-16 16:46:33.801251-05	228	2016-08-15 20:36:58+00:00 - En Espera - 11.5	3		22	2
525	2016-08-16 16:46:33.814288-05	226	2016-08-15 20:35:51+00:00 - En Espera - 13.5	3		22	2
526	2016-08-16 16:46:33.83391-05	225	2016-08-15 20:35:49+00:00 - En Espera - 13.5	3		22	2
527	2016-08-16 16:46:33.848436-05	222	2016-08-15 20:34:17+00:00 - En Espera - 29.5	3		22	2
528	2016-08-16 16:46:33.864754-05	221	2016-08-15 20:34:16+00:00 - En Espera - 11.5	3		22	2
529	2016-08-16 16:46:33.881529-05	219	2016-08-15 20:34:00+00:00 - En Espera - 15.5	3		22	2
530	2016-08-16 16:46:33.892023-05	217	2016-08-15 20:33:50+00:00 - En Espera - 15.5	3		22	2
531	2016-08-16 16:46:33.908131-05	216	2016-08-15 20:33:45+00:00 - En Espera - 20.06	3		22	2
532	2016-08-16 16:46:33.926333-05	213	2016-08-15 20:33:32+00:00 - En Espera - 15.5	3		22	2
533	2016-08-16 16:46:33.937621-05	212	2016-08-15 20:33:30+00:00 - En Espera - 11.5	3		22	2
534	2016-08-16 16:46:33.949973-05	211	2016-08-15 20:33:22+00:00 - En Espera - 15.5	3		22	2
535	2016-08-16 16:46:33.966074-05	210	2016-08-15 20:33:19+00:00 - En Espera - 15.5	3		22	2
536	2016-08-16 16:46:33.980476-05	208	2016-08-15 20:21:43+00:00 - Transportista en Espera - 23.5	3		22	2
537	2016-08-16 16:46:33.989103-05	207	2016-08-15 20:20:06+00:00 - En Proceso - 11.5	3		22	2
538	2016-08-16 16:46:33.997716-05	205	2016-08-15 20:19:03+00:00 - En Proceso - 11.5	3		22	2
539	2016-08-16 16:46:34.014939-05	204	2016-08-15 20:18:48+00:00 - En Espera - 27.0	3		22	2
540	2016-08-17 08:34:54.903704-05	3	Casa china	2	Modificado/a me_gusta.	16	2
541	2016-08-17 08:35:03.578748-05	9	Gusy	2	Modificado/a me_gusta.	16	2
542	2016-08-17 08:35:11.735949-05	7	PapaLogo	2	Modificado/a me_gusta.	16	2
543	2016-08-17 08:35:20.806316-05	5	Chamelion	2	Modificado/a me_gusta.	16	2
544	2016-08-17 08:35:29.461491-05	3	Casa china	2	No ha cambiado ningún campo.	16	2
545	2016-08-17 08:35:38.456287-05	1	Pizzaa	2	Modificado/a me_gusta.	16	2
546	2016-08-17 10:27:40.470208-05	9	Gusy	2	Modificado/a me_gusta.	16	2
547	2016-08-17 15:41:34.231239-05	1	Pizzaa	2	Modificado/a descripcion y precio_envio.	16	2
548	2016-08-18 09:59:36.13953-05	9	papalogo	2	Modificado/a groups.	5	2
549	2016-08-18 09:59:56.112283-05	7	icecreamsocial	2	Modificado/a groups.	5	2
550	2016-08-18 10:10:18.979329-05	99	ChifaBeijing	1	Añadido.	5	2
551	2016-08-18 10:10:30.14378-05	99	ChifaBeijing	2	Modificado/a groups.	5	2
552	2016-08-18 10:25:07.591438-05	130	ChifaBeijing	2	Modificado/a cedula, fecha_nacimiento, telefono, genero y ruta_foto.	9	2
553	2016-08-18 10:29:36.26573-05	10	Chifa Beijing	1	Añadido.	11	2
554	2016-08-18 10:36:56.307153-05	95	24 de Mayo - Miguel Riofrio. Frente a escueka. Número de casa: N/A	1	Añadido.	13	2
555	2016-08-18 10:37:16.826924-05	10	Chifa Beijing - Norte	1	Añadido.	16	2
556	2016-08-18 11:12:14.572136-05	99	ChifaBeijing	2	No ha cambiado ningún campo.	5	2
557	2016-08-18 16:40:39.905377-05	95	24 de Mayo - Miguel Riofrio. Frente a escueka. Número de casa: N/A	2	Modificado/a latitud y longitud.	13	2
558	2016-08-18 16:41:33.560797-05	95	24 de Mayo - Miguel Riofrio. Frente a escueka. Número de casa: N/A	2	Modificado/a latitud.	13	2
559	2016-08-18 16:42:53.936231-05	1	Av. Universitariaaaaaaaa - Mercadillo. Frente al León. Número de casa: 25-65	2	Modificado/a latitud y longitud.	13	2
560	2016-08-19 13:57:44.854944-05	101	Posix	2	Modificado/a password.	5	2
561	2016-08-19 16:32:15.591094-05	103	pizzaHut	1	Añadido.	5	2
562	2016-08-19 16:32:26.666919-05	103	pizzaHut	2	Modificado/a groups.	5	2
563	2016-08-19 16:36:53.03975-05	134	pizzaHut	2	Modificado/a cedula, fecha_nacimiento, telefono, genero y ruta_foto.	9	2
564	2016-08-19 16:37:46.066761-05	11	PizzaHut	1	Añadido.	11	2
565	2016-08-19 16:39:44.249303-05	11	PizzaHut - Zamora	1	Añadido.	16	2
566	2016-08-19 17:11:31.628567-05	98	Av. 18 de Noviembre - MErcadillo. Esquina. Número de casa: 12-89	1	Añadido.	13	2
567	2016-08-19 17:11:39.927858-05	11	PizzaHut - Zamora	2	Modificado/a id_direccion.	16	2
568	2016-08-22 16:12:04.375255-05	5	Simple	1	Añadido.	25	2
569	2016-08-22 16:12:13.819817-05	6	Doble	1	Añadido.	25	2
570	2016-08-22 16:20:00.71473-05	33	Pastel Tres Leches	2	Modificado/a ruta_foto.	24	2
571	2016-08-22 16:30:25.793383-05	9	Pasteles	1	Añadido.	23	2
572	2016-08-22 16:38:14.808345-05	2	sucre - miguel riofrío. 1312321. Número de casa: 	2	Modificado/a id_perfil.	13	2
573	2016-08-22 16:38:16.547911-05	4	Ice Cream Social	2	No ha cambiado ningún campo.	16	2
574	2016-08-24 16:44:58.852769-05	112	nadia28	2	Modificado/a email.	5	2
575	2016-08-24 20:09:11.269157-05	114	soyard	1	Añadido.	5	2
576	2016-08-24 20:09:18.400471-05	114	soyard	2	Modificado/a groups.	5	2
577	2016-08-24 20:10:56.090899-05	8	Bebidas	1	Añadido.	10	2
578	2016-08-24 20:11:07.003295-05	12	Soyard	1	Añadido.	11	2
579	2016-08-24 20:13:43.719868-05	12	Soyard	1	Añadido.	16	2
580	2016-08-24 20:15:10.522809-05	57	be	1	Añadido.	24	2
581	2016-08-25 10:20:19.425285-05	162	Paris - Paris. En Prendho. Número de casa: 12-89	1	Añadido.	13	2
582	2016-08-25 10:20:22.714245-05	12	Soyard	2	Modificado/a id_direccion.	16	2
583	2016-08-25 10:30:00.908536-05	10	Bebidas	1	Añadido.	23	2
584	2016-08-25 10:30:04.300939-05	57	Bebida de Maracuyá	2	Modificado/a ruta_foto y id_platocategoria.	24	2
585	2016-08-25 11:17:50.635036-05	115	locochavez	1	Añadido.	5	2
586	2016-08-25 11:17:57.845121-05	115	locochavez	2	Modificado/a groups.	5	2
587	2016-08-25 11:18:58.095872-05	13	Loco Chavez	1	Añadido.	11	2
588	2016-08-25 11:22:34.968581-05	164	Crisentemos - Anturios. En el HUB. Número de casa: N/A	1	Añadido.	13	2
589	2016-08-25 11:22:45.964677-05	13	Loco Chavez	1	Añadido.	16	2
590	2016-08-29 16:15:21.759227-05	11	Plato Fuerte	1	Añadido.	23	2
591	2016-08-29 16:15:57.777773-05	38	Chaulafan especial	2	Modificado/a id_menu y id_platocategoria.	24	2
592	2016-09-05 10:35:00.819554-05	15	cliente2	2	Modificado/a password.	5	2
593	2016-09-05 10:37:52.173601-05	203	LOL - LOL. Frente. Número de casa: 123	1	Añadido.	13	2
594	2016-09-05 10:37:55.82436-05	2	Chinito	2	Modificado/a id_direccion.	16	2
595	2016-09-05 12:48:20.381599-05	5	chinito	2	Modificado/a password.	5	2
598	2016-09-05 13:17:22.306197-05	113	pelito	2	Modificado/a email.	5	2
599	2016-09-05 13:19:19.186968-05	136	pamefer95	2	Modificado/a email.	5	2
600	2016-09-05 13:49:54.314378-05	137	pamefer955	2	Modificado/a email.	5	2
601	2016-09-06 12:37:32.559853-05	167	pamefer95	2	Modificado/a ruta_foto.	9	2
602	2016-09-06 12:52:04.645798-05	167	pamefer95	2	Modificado/a genero.	9	2
603	2016-09-06 15:36:19.408622-05	167	pamefer95	2	Modificado/a telefono.	9	2
604	2016-09-07 10:47:06.35155-05	286	2016-09-07 09:43:37+00:00 - En Espera - 4.7	3		22	2
605	2016-09-07 10:47:06.409111-05	285	2016-09-07 09:42:56+00:00 - En Espera - 19.5	3		22	2
606	2016-09-07 10:47:06.423619-05	284	2016-09-06 18:11:17+00:00 - En Espera - 143.0	3		22	2
607	2016-09-07 10:47:06.435346-05	283	2016-09-06 12:34:22+00:00 - En Espera - 13.1	3		22	2
608	2016-09-07 10:47:06.460417-05	282	2016-09-05 17:14:42+00:00 - En Espera - 11.2	3		22	2
609	2016-09-07 10:47:06.468825-05	281	2016-09-05 16:14:28+00:00 - En Espera - 19.5	3		22	2
610	2016-09-07 10:47:06.482809-05	280	2016-09-05 15:41:56+00:00 - Enviado - 16.8	3		22	2
611	2016-09-07 10:47:06.496805-05	279	2016-09-05 15:29:16+00:00 - Transportista en Espera - 16.8	3		22	2
612	2016-09-07 10:47:06.524473-05	278	2016-09-05 15:26:08+00:00 - Entregado - 16.8	3		22	2
613	2016-09-07 10:47:06.540698-05	277	2016-09-05 12:47:14+00:00 - Enviado - 16.0	3		22	2
614	2016-09-07 10:47:06.556832-05	276	2016-09-05 12:43:35+00:00 - Enviado - 36.8	3		22	2
615	2016-09-07 10:47:06.576067-05	275	2016-09-05 12:41:33+00:00 - Entregado - 31.2	3		22	2
616	2016-09-07 10:47:06.593001-05	274	2016-09-05 12:39:22+00:00 - En Espera - 19.2	3		22	2
617	2016-09-07 10:47:06.602704-05	273	2016-09-05 12:38:41+00:00 - En Espera - 16.8	3		22	2
618	2016-09-07 10:47:06.618491-05	272	2016-09-05 12:38:11+00:00 - Enviado - 16.8	3		22	2
619	2016-09-07 10:47:06.625346-05	271	2016-09-05 12:37:39+00:00 - En Espera - 11.2	3		22	2
620	2016-09-07 10:47:06.633971-05	270	2016-09-05 12:37:28+00:00 - En Espera - 12.7	3		22	2
621	2016-09-07 10:47:06.648561-05	269	2016-09-05 12:37:14+00:00 - En Espera - 12.7	3		22	2
622	2016-09-07 10:47:06.67265-05	268	2016-09-05 12:36:57+00:00 - En Espera - 19.5	3		22	2
623	2016-09-07 10:47:06.687239-05	267	2016-09-05 12:36:13+00:00 - En Espera - 12.7	3		22	2
624	2016-09-07 10:47:06.699383-05	266	2016-09-05 12:35:57+00:00 - En Espera - 12.7	3		22	2
625	2016-09-07 10:47:06.707197-05	265	2016-09-05 12:35:42+00:00 - Enviado - 12.7	3		22	2
626	2016-09-07 10:47:06.732995-05	264	2016-09-02 12:19:27+00:00 - Entregado - 64.1	3		22	2
627	2016-09-07 10:47:06.75662-05	263	2016-09-02 12:03:01+00:00 - Entregado - 16.2	3		22	2
628	2016-09-07 10:47:06.766748-05	262	2016-09-02 11:26:12+00:00 - Entregado - 16.8	3		22	2
629	2016-09-07 10:47:06.796356-05	261	2016-09-01 11:56:34+00:00 - En Espera - 19.5	3		22	2
630	2016-09-07 10:47:06.811687-05	260	2016-09-01 11:37:46+00:00 - En Espera - 16.2	3		22	2
631	2016-09-07 10:47:06.822493-05	259	2016-09-01 11:33:11+00:00 - Transportista en Espera - 11.2	3		22	2
632	2016-09-07 10:47:06.830737-05	258	2016-09-01 11:31:44+00:00 - En Espera - 19.5	3		22	2
633	2016-09-07 10:47:06.863684-05	257	2016-09-01 10:06:00+00:00 - En Espera - 13.6	3		22	2
634	2016-09-07 10:47:06.886506-05	256	2016-08-31 18:50:23+00:00 - En Proceso - 2.0	3		22	2
635	2016-09-07 10:47:06.895409-05	255	2016-08-31 18:49:14+00:00 - Entregado - 2.0	3		22	2
636	2016-09-07 10:47:06.908316-05	254	2016-08-31 18:29:52+00:00 - Entregado - 2.1	3		22	2
637	2016-09-07 10:47:06.917436-05	253	2016-08-31 17:34:15+00:00 - En Espera - 2.1	3		22	2
638	2016-09-07 10:47:06.925309-05	252	2016-08-31 15:14:59+00:00 - En Espera - 13.1	3		22	2
639	2016-09-07 10:47:06.934184-05	251	2016-08-31 15:11:10+00:00 - En Espera - 13.1	3		22	2
640	2016-09-07 10:47:06.942355-05	250	2016-08-31 15:10:59+00:00 - En Espera - 13.1	3		22	2
641	2016-09-07 10:47:06.95568-05	249	2016-08-31 15:10:41+00:00 - En Espera - 13.1	3		22	2
642	2016-09-07 10:47:06.975341-05	248	2016-08-31 13:03:27+00:00 - Entregado - 92.7	3		22	2
643	2016-09-07 10:47:06.99426-05	247	2016-08-31 12:43:34+00:00 - Entregado - 37.8	3		22	2
644	2016-09-07 10:47:07.002669-05	246	2016-08-31 10:18:09+00:00 - En Espera - 2.1	3		22	2
645	2016-09-07 10:47:07.016001-05	245	2016-08-30 18:46:27+00:00 - Entregado - 11.2	3		22	2
646	2016-09-07 10:47:07.03341-05	244	2016-08-30 18:43:16+00:00 - Entregado - 12.2	3		22	2
647	2016-09-07 10:47:07.043519-05	243	2016-08-30 18:27:50+00:00 - Enviado - 19.5	3		22	2
648	2016-09-07 10:47:07.095179-05	242	2016-08-30 17:33:04+00:00 - Entregado - 16.3	3		22	2
649	2016-09-07 10:47:07.114215-05	241	2016-08-30 17:32:20+00:00 - Entregado - 29.2	3		22	2
650	2016-09-07 10:47:07.124247-05	240	2016-08-30 17:25:14+00:00 - En Espera - 8.5	3		22	2
651	2016-09-07 10:47:07.132724-05	239	2016-08-30 17:23:17+00:00 - En Espera - 16.0	3		22	2
652	2016-09-07 10:47:07.139361-05	238	2016-08-30 11:20:44+00:00 - En Espera - 19.5	3		22	2
653	2016-09-07 10:47:07.152048-05	237	2016-08-30 11:02:26+00:00 - En Espera - 19.5	3		22	2
654	2016-09-07 10:47:07.167375-05	236	2016-08-30 10:59:56+00:00 - En Espera - 19.5	3		22	2
655	2016-09-07 10:47:07.177233-05	235	2016-08-30 08:21:18+00:00 - Enviado - 16.8	3		22	2
656	2016-09-07 10:47:07.183571-05	234	2016-08-30 08:19:42+00:00 - Enviado - 19.5	3		22	2
657	2016-09-07 10:47:07.19741-05	233	2016-08-30 08:16:10+00:00 - Enviado - 16.8	3		22	2
658	2016-09-07 10:47:07.207711-05	232	2016-08-30 08:15:28+00:00 - En Espera - 2.1	3		22	2
659	2016-09-07 10:47:07.217695-05	231	2016-08-30 07:58:49+00:00 - Enviado - 16.8	3		22	2
660	2016-09-07 10:47:07.223762-05	230	2016-08-30 07:54:17+00:00 - Enviado - 19.5	3		22	2
661	2016-09-07 10:47:07.233711-05	229	2016-08-29 18:52:18+00:00 - En Espera - 13.6	3		22	2
662	2016-09-07 10:47:07.249341-05	228	2016-08-29 18:50:26+00:00 - En Espera - 16.58	3		22	2
663	2016-09-07 10:47:07.279237-05	227	2016-08-29 18:49:40+00:00 - En Espera - 16.58	3		22	2
664	2016-09-07 10:47:07.296666-05	226	2016-08-29 17:15:34+00:00 - En Espera - 13.6	3		22	2
665	2016-09-07 10:47:07.309503-05	225	2016-08-29 16:48:14+00:00 - En Espera - 13.6	3		22	2
666	2016-09-07 10:47:07.316806-05	224	2016-08-29 14:34:21+00:00 - En Espera - 19.4	3		22	2
667	2016-09-07 10:47:07.324436-05	223	2016-08-29 14:17:27+00:00 - En Espera - 16.2	3		22	2
668	2016-09-07 10:47:07.342172-05	222	2016-08-29 10:23:53+00:00 - En Espera - 16.8	3		22	2
669	2016-09-07 10:47:07.356908-05	221	2016-08-29 09:59:28+00:00 - En Espera - 2.1	3		22	2
670	2016-09-07 10:47:07.374248-05	220	2016-08-27 12:02:07+00:00 - En Espera - 2.1	3		22	2
671	2016-09-07 10:47:07.384451-05	219	2016-08-27 11:40:11+00:00 - En Espera - 18.0	3		22	2
672	2016-09-07 10:47:07.399591-05	218	2016-08-27 11:36:57+00:00 - En Espera - 16.58	3		22	2
673	2016-09-07 10:47:07.409781-05	217	2016-08-27 11:36:11+00:00 - En Espera - 56.6	3		22	2
674	2016-09-07 10:47:07.417639-05	216	2016-08-27 11:31:21+00:00 - En Espera - 3.5	3		22	2
675	2016-09-07 10:47:07.459695-05	215	2016-08-27 11:28:18+00:00 - En Espera - 18.3	3		22	2
676	2016-09-07 10:47:07.484154-05	214	2016-08-26 20:37:44+00:00 - En Espera - 13.6	3		22	2
677	2016-09-07 10:47:07.49178-05	213	2016-08-26 20:35:18+00:00 - En Espera - 13.6	3		22	2
678	2016-09-07 10:47:07.516269-05	212	2016-08-26 18:43:44+00:00 - Entregado - 18.3	3		22	2
679	2016-09-07 10:47:07.524675-05	211	2016-08-26 18:39:04+00:00 - En Espera - 15.6	3		22	2
680	2016-09-07 10:47:07.53275-05	210	2016-08-26 17:47:29+00:00 - En Espera - 2.1	3		22	2
681	2016-09-07 10:47:07.541067-05	209	2016-08-26 17:15:28+00:00 - En Proceso - 19.5	3		22	2
682	2016-09-07 10:47:07.548898-05	208	2016-08-26 16:49:44+00:00 - En Espera - 16.8	3		22	2
683	2016-09-07 10:47:07.561656-05	207	2016-08-26 16:48:03+00:00 - En Espera - 15.6	3		22	2
684	2016-09-07 10:47:07.58262-05	206	2016-08-26 15:58:34+00:00 - En Espera - 19.5	3		22	2
685	2016-09-07 10:47:07.595493-05	205	2016-08-26 14:17:15+00:00 - En Espera - 40.0	3		22	2
686	2016-09-07 10:47:07.617418-05	204	2016-08-26 12:47:13+00:00 - Enviado - 13.6	3		22	2
687	2016-09-07 10:47:07.62501-05	203	2016-08-26 12:44:45+00:00 - En Proceso - 136.98	3		22	2
688	2016-09-07 10:47:07.643112-05	202	2016-08-26 12:39:20+00:00 - En Espera - 34.52	3		22	2
689	2016-09-07 10:47:07.666622-05	201	2016-08-26 12:34:31+00:00 - Enviado - 83.6	3		22	2
690	2016-09-07 10:47:07.68295-05	200	2016-08-25 20:37:54+00:00 - En Espera - 35.3	3		22	2
691	2016-09-07 10:47:07.706237-05	199	2016-08-25 18:40:50+00:00 - En Espera - 32.4	3		22	2
692	2016-09-07 10:47:07.716281-05	198	2016-08-25 18:37:34+00:00 - En Espera - 18.3	3		22	2
693	2016-09-07 10:47:07.728056-05	197	2016-08-25 18:09:30+00:00 - En Espera - 19.5	3		22	2
694	2016-09-07 10:47:07.741532-05	196	2016-08-25 17:21:49+00:00 - En Espera - 19.5	3		22	2
695	2016-09-07 10:47:07.75112-05	195	2016-08-25 17:08:57+00:00 - En Espera - 41.2	3		22	2
696	2016-09-07 10:47:07.774696-05	194	2016-08-25 16:34:43+00:00 - Entregado - 16.8	3		22	2
697	2016-09-07 10:47:07.785936-05	193	2016-08-25 14:00:05+00:00 - Entregado - 29.5	3		22	2
698	2016-09-07 10:47:07.799525-05	192	2016-08-25 12:31:36+00:00 - En Espera - 19.5	3		22	2
699	2016-09-07 10:47:07.813236-05	191	2016-08-25 12:07:23+00:00 - Entregado - 16.8	3		22	2
700	2016-09-07 10:47:07.825345-05	190	2016-08-25 11:18:13+00:00 - Entregado - 16.8	3		22	2
701	2016-09-07 10:47:07.833031-05	189	2016-08-25 10:59:55+00:00 - Enviado - 16.8	3		22	2
702	2016-09-07 10:47:07.847116-05	188	2016-08-25 09:58:49+00:00 - En Espera - 3.2	3		22	2
703	2016-09-07 10:47:07.85434-05	187	2016-08-24 19:17:15+00:00 - En Espera - 59.2	3		22	2
704	2016-09-07 10:47:18.904787-05	186	2016-08-24 17:47:14+00:00 - En Proceso - 16.8	3		22	2
705	2016-09-07 10:47:18.921419-05	185	2016-08-24 17:46:47+00:00 - Transportista en Espera - 16.8	3		22	2
706	2016-09-07 10:47:18.943797-05	184	2016-08-24 17:46:06+00:00 - Entregado - 16.8	3		22	2
707	2016-09-07 10:47:18.957698-05	183	2016-08-24 17:44:50+00:00 - Transportista en Espera - 16.8	3		22	2
708	2016-09-07 10:47:18.975034-05	182	2016-08-24 17:44:09+00:00 - Transportista en Espera - 16.8	3		22	2
709	2016-09-07 10:47:18.984562-05	181	2016-08-24 17:42:44+00:00 - Entregado - 16.8	3		22	2
710	2016-09-07 10:47:18.999583-05	180	2016-08-24 17:41:27+00:00 - En Proceso - 4.4	3		22	2
711	2016-09-07 10:47:19.009828-05	179	2016-08-24 17:40:49+00:00 - Transportista en Espera - 16.8	3		22	2
712	2016-09-07 10:47:19.024478-05	178	2016-08-24 17:39:39+00:00 - Entregado - 9.2	3		22	2
713	2016-09-07 10:47:19.034523-05	177	2016-08-24 17:39:16+00:00 - Entregado - 4.7	3		22	2
714	2016-09-07 10:47:19.055374-05	176	2016-08-24 17:37:35+00:00 - Entregado - 16.8	3		22	2
715	2016-09-07 10:47:19.074623-05	175	2016-08-24 17:37:16+00:00 - Entregado - 16.8	3		22	2
716	2016-09-07 10:47:19.083272-05	174	2016-08-24 17:35:49+00:00 - Transportista en Espera - 7.5	3		22	2
717	2016-09-07 10:47:19.091306-05	173	2016-08-24 17:35:30+00:00 - Transportista en Espera - 5.2	3		22	2
718	2016-09-07 10:47:19.099481-05	172	2016-08-24 17:35:07+00:00 - En Proceso - 16.8	3		22	2
739	2016-09-07 11:09:43.933838-05	62	oippo	3		24	2
719	2016-09-07 10:47:19.108003-05	171	2016-08-24 17:31:11+00:00 - En Proceso - 16.8	3		22	2
720	2016-09-07 10:47:19.118332-05	170	2016-08-24 17:29:23+00:00 - Enviado - 10.76	3		22	2
721	2016-09-07 10:47:19.132707-05	169	2016-08-24 17:29:01+00:00 - Enviado - 4.7	3		22	2
722	2016-09-07 10:47:19.152747-05	168	2016-08-24 17:28:39+00:00 - Enviado - 21.2	3		22	2
723	2016-09-07 10:47:19.166555-05	167	2016-08-24 17:22:05+00:00 - Entregado - 16.8	3		22	2
724	2016-09-07 10:47:19.180006-05	166	2016-08-24 17:21:44+00:00 - Entregado - 16.55	3		22	2
725	2016-09-07 10:47:19.191311-05	165	2016-08-24 17:21:23+00:00 - Entregado - 12.8	3		22	2
726	2016-09-07 10:47:19.200869-05	164	2016-08-24 17:14:23+00:00 - En Espera - 16.0	3		22	2
727	2016-09-07 10:47:19.220488-05	163	2016-08-24 16:55:00+00:00 - Entregado - 16.8	3		22	2
728	2016-09-07 10:47:19.227311-05	162	2016-08-24 16:51:25+00:00 - Entregado - 6.5	3		22	2
729	2016-09-07 10:47:19.243626-05	161	2016-08-24 16:47:00+00:00 - Entregado - 16.8	3		22	2
730	2016-09-07 10:47:19.267566-05	160	2016-08-24 16:45:49+00:00 - En Proceso - 19.5	3		22	2
731	2016-09-07 10:47:19.282605-05	159	2016-08-24 16:45:00+00:00 - En Espera - 19.5	3		22	2
732	2016-09-07 10:47:19.291121-05	158	2016-08-24 16:44:10+00:00 - En Espera - 9.48	3		22	2
733	2016-09-07 10:47:19.299013-05	157	2016-08-24 15:36:40+00:00 - En Espera - 7.85	3		22	2
734	2016-09-07 10:47:19.316358-05	156	2016-08-24 15:33:11+00:00 - Entregado - 6.6	3		22	2
735	2016-09-07 10:47:19.324739-05	155	2016-08-24 15:32:47+00:00 - Entregado - 16.85	3		22	2
736	2016-09-07 10:47:19.333098-05	154	2016-08-24 15:22:21+00:00 - Transportista en Espera - 19.55	3		22	2
737	2016-09-07 10:47:19.350393-05	153	2016-08-24 15:21:57+00:00 - En Espera - 16.85	3		22	2
738	2016-09-07 10:47:19.363431-05	79	2016-08-23 11:02:52+00:00 - Entregado - 4.75	3		22	2
740	2016-09-07 19:17:07.529845-05	136	pamefer95	2	Modificado/a password.	5	2
741	2016-09-07 19:17:18.785207-05	136	pamefer95	2	No ha cambiado ningún campo.	5	2
742	2016-09-07 19:21:04.913653-05	145	pruebarestau	1	Añadido.	5	2
743	2016-09-07 19:21:12.934596-05	145	pruebarestau	2	Modificado/a groups.	5	2
744	2016-09-07 19:23:10.220653-05	14	Restauarnte 23	1	Añadido.	11	2
745	2016-09-07 19:24:34.352072-05	210	loja - okj. frente a. Número de casa: 797	1	Añadido.	13	2
746	2016-09-07 21:04:59.468095-05	39	byjose007	3		5	2
747	2016-09-07 21:06:02.059644-05	321	2016-09-07 21:04:03+00:00 - En Espera - 6.7	3		22	2
748	2016-09-07 21:06:02.063644-05	320	2016-09-07 21:03:04+00:00 - En Espera - 15.2	3		22	2
749	2016-09-07 21:06:02.066645-05	319	2016-09-07 21:03:01+00:00 - En Espera - 6.7	3		22	2
750	2016-09-07 21:06:02.070646-05	318	2016-09-07 21:02:37+00:00 - En Espera - 9.2	3		22	2
751	2016-09-07 21:06:02.072645-05	317	2016-09-07 21:02:13+00:00 - En Espera - 22.0	3		22	2
752	2016-09-07 21:06:02.075645-05	316	2016-09-07 21:02:11+00:00 - En Espera - 20.3	3		22	2
753	2016-09-07 21:06:02.078646-05	315	2016-09-07 21:02:04+00:00 - En Espera - 4.7	3		22	2
754	2016-09-07 21:06:02.081646-05	314	2016-09-07 21:01:32+00:00 - En Espera - 16.8	3		22	2
755	2016-09-07 21:06:02.083646-05	313	2016-09-07 21:00:23+00:00 - En Espera - 5.5	3		22	2
756	2016-09-07 21:06:02.086648-05	312	2016-09-07 21:00:19+00:00 - En Espera - 11.2	3		22	2
757	2016-09-07 21:06:02.089665-05	311	2016-09-07 21:00:06+00:00 - En Espera - 7.0	3		22	2
758	2016-09-07 21:06:02.120684-05	310	2016-09-07 20:59:34+00:00 - En Espera - 15.6	3		22	2
759	2016-09-07 21:06:02.123649-05	309	2016-09-07 20:59:31+00:00 - En Espera - 4.7	3		22	2
760	2016-09-07 21:06:02.126649-05	308	2016-09-07 20:58:48+00:00 - En Espera - 10.0	3		22	2
761	2016-09-07 21:06:02.128649-05	307	2016-09-07 20:58:34+00:00 - En Espera - 48.0	3		22	2
762	2016-09-07 21:06:02.131649-05	306	2016-09-07 20:57:59+00:00 - En Espera - 18.2	3		22	2
763	2016-09-07 21:06:02.134649-05	305	2016-09-07 20:58:07+00:00 - En Espera - 13.8	3		22	2
764	2016-09-07 21:06:02.13865-05	304	2016-09-07 20:57:22+00:00 - En Espera - 32.4	3		22	2
765	2016-09-07 21:06:02.141649-05	303	2016-09-07 20:57:18+00:00 - En Espera - 25.7	3		22	2
766	2016-09-07 21:06:02.14465-05	302	2016-09-07 20:56:45+00:00 - En Espera - 16.8	3		22	2
767	2016-09-07 21:06:02.14765-05	301	2016-09-07 20:57:25+00:00 - En Espera - 26.8	3		22	2
768	2016-09-07 21:06:02.150652-05	300	2016-09-07 20:54:37+00:00 - En Espera - 12.32	3		22	2
769	2016-09-07 21:06:02.15365-05	299	2016-09-07 20:54:46+00:00 - En Espera - 22.3	3		22	2
770	2016-09-07 21:06:02.15665-05	298	2016-09-07 20:41:42+00:00 - En Espera - 16.8	3		22	2
771	2016-09-07 21:06:02.161652-05	297	2016-09-07 17:28:58+00:00 - En Espera - 18.3	3		22	2
772	2016-09-07 21:06:02.163651-05	296	2016-09-07 17:26:31+00:00 - En Espera - 18.3	3		22	2
773	2016-09-07 21:06:02.166651-05	295	2016-09-07 17:26:03+00:00 - En Espera - 6.7	3		22	2
774	2016-09-07 21:06:02.170651-05	294	2016-09-07 17:22:57+00:00 - En Espera - 6.7	3		22	2
775	2016-09-07 21:06:02.174651-05	293	2016-09-07 17:04:33+00:00 - En Espera - 14.0	3		22	2
776	2016-09-07 21:06:02.177652-05	292	2016-09-07 10:56:56+00:00 - Enviado - 13.55	3		22	2
777	2016-09-07 21:06:02.180695-05	291	2016-09-07 10:54:46+00:00 - Entregado - 4.7	3		22	2
778	2016-09-07 21:06:02.183652-05	290	2016-09-07 10:53:51+00:00 - Entregado - 19.5	3		22	2
779	2016-09-07 21:06:02.186692-05	289	2016-09-07 10:52:36+00:00 - Entregado - 16.8	3		22	2
780	2016-09-07 21:06:02.189658-05	288	2016-09-07 10:49:37+00:00 - Entregado - 16.8	3		22	2
781	2016-09-07 21:06:02.228654-05	287	2016-09-07 10:48:47+00:00 - Entregado - 94.15	3		22	2
782	2016-09-07 21:06:10.660176-05	322	2016-09-07 21:04:41+00:00 - En Espera - 22.3	3		22	2
783	2016-09-08 12:20:00.135521-05	12	Ofertas	1	Añadido.	23	2
784	2016-09-08 12:21:51.082514-05	67	Plato Prueba Oferta	1	Añadido.	24	2
785	2016-09-08 12:30:48.076074-05	326	Plato Prueba Oferta : Standard - 2.0 - 1.0 	1	Añadido.	26	2
786	2016-09-08 12:34:08.012019-05	326	Plato Prueba Oferta : Standard - 2.0 - 1.0 	3		26	2
787	2016-09-08 12:34:34.816336-05	67	Plato Prueba Oferta	3		24	2
789	2016-09-09 11:10:51.39898-05	13	Ensaladas y Frutas	1	Añadido.	23	2
790	2016-09-12 12:04:45.659941-05	1	Pizza	2	Modificado/a precio_envio.	16	2
791	2016-09-12 12:18:42.159055-05	1	Av. Universitaria - Mercadillo. Frente al León. Número de casa: N/A	2	Modificado/a numero_casa.	13	2
792	2016-09-12 12:18:44.019116-05	1	Pizza	2	No ha cambiado ningún campo.	16	2
793	2016-09-13 12:36:01.60358-05	80	by-default	2	Modificado/a password.	5	2
\.


--
-- Name: django_admin_log_id_seq; Type: SEQUENCE SET; Schema: spaapp; Owner: spauser
--

SELECT pg_catalog.setval('django_admin_log_id_seq', 793, true);


--
-- Data for Name: django_content_type; Type: TABLE DATA; Schema: spaapp; Owner: spauser
--

COPY django_content_type (id, app_label, model) FROM stdin;
2	admin	logentry
3	auth	permission
4	auth	group
5	auth	user
6	contenttypes	contenttype
7	sessions	session
8	spaapp	actividadcomercial
9	spaapp	perfil
10	spaapp	categoria
11	spaapp	proveedor
12	spaapp	ciudad
13	spaapp	direccion
14	spaapp	cliente
15	spaapp	menu
16	spaapp	sucursal
17	spaapp	contrato
18	spaapp	transportista
19	spaapp	coordenadas
20	spaapp	tipopago
21	spaapp	tipopedido
22	spaapp	pedido
23	spaapp	platocategoria
24	spaapp	plato
25	spaapp	tamanio
26	spaapp	tamanioplato
27	spaapp	detallepedido
28	spaapp	ingrediente
29	spaapp	horariotransportista
30	spaapp	modificardetallepedido
31	spaapp	platoingrediente
32	spaapp	redsocial
33	spaapp	valoracion
34	administracionAPP	contacto
35	corsheaders	corsmodel
36	default	usersocialauth
37	default	nonce
38	default	association
39	default	code
40	spaapp	catalogoestado
\.


--
-- Name: django_content_type_id_seq; Type: SEQUENCE SET; Schema: spaapp; Owner: spauser
--

SELECT pg_catalog.setval('django_content_type_id_seq', 40, true);


--
-- Data for Name: django_migrations; Type: TABLE DATA; Schema: spaapp; Owner: spauser
--

COPY django_migrations (id, app, name, applied) FROM stdin;
1	contenttypes	0001_initial	2016-07-28 19:51:48.787104-05
2	auth	0001_initial	2016-07-28 19:51:49.5139-05
3	spaapp	0001_initial	2016-07-28 19:51:53.27189-05
4	admin	0001_initial	2016-07-28 19:54:38.535332-05
5	admin	0002_logentry_remove_auto_add	2016-07-28 19:54:38.590942-05
6	administracionAPP	0001_initial	2016-07-28 19:54:38.653486-05
7	contenttypes	0002_remove_content_type_name	2016-07-28 19:54:38.738091-05
8	auth	0002_alter_permission_name_max_length	2016-07-28 19:54:38.76934-05
9	auth	0003_alter_user_email_max_length	2016-07-28 19:54:38.807789-05
10	auth	0004_alter_user_username_opts	2016-07-28 19:54:38.83907-05
11	auth	0005_alter_user_last_login_null	2016-07-28 19:54:38.870279-05
12	auth	0006_require_contenttypes_0002	2016-07-28 19:54:38.889376-05
13	auth	0007_alter_validators_add_error_messages	2016-07-28 19:54:38.908148-05
14	default	0001_initial	2016-07-28 19:54:39.527389-05
15	default	0002_add_related_name	2016-07-28 19:54:39.675726-05
16	default	0003_alter_email_max_length	2016-07-28 19:54:39.697855-05
17	default	0004_auto_20160423_0400	2016-07-28 19:54:39.745077-05
18	sessions	0001_initial	2016-07-28 19:54:39.876252-05
19	spaapp	0002_detallepedido_tamanio	2016-08-04 13:29:59.024192-05
20	spaapp	1000_permisos	2016-08-08 07:42:38.729428-05
21	spaapp	1001_tamanioplato_activo	2016-08-09 10:08:05.982222-05
22	spaapp	1001_auto_20160809_2046	2016-08-09 15:46:49.71865-05
23	spaapp	1002_auto_20160809_2048	2016-08-09 15:49:04.468895-05
24	spaapp	1003_auto_20160809_2048	2016-08-09 15:51:40.288235-05
25	spaapp	1004_auto_20160809_2052	2016-08-09 15:52:33.585714-05
26	spaapp	0002_auto_20160809_1537	2016-08-11 14:00:24.587069-05
27	spaapp	1001_merge	2016-08-11 14:00:24.591069-05
28	spaapp	1002_auto_20160811_1355	2016-08-11 14:00:25.551934-05
29	spaapp	0500_catalogo_estados	2016-08-11 14:00:25.589216-05
30	spaapp	1003_merge	2016-08-11 14:00:25.592216-05
31	spaapp	1004_auto_20160815_1245	2016-08-15 12:46:22.105552-05
32	spaapp	1002_merge	2016-08-15 13:07:33.639963-05
33	spaapp	1005_plato_activo	2016-08-15 13:11:54.542186-05
34	spaapp	1006_auto_20160817_1508	2016-08-17 15:08:36.604499-05
35	spaapp	1007_auto_20160817_1845	2016-08-17 18:45:32.827616-05
36	spaapp	0502_auto_20160818_1215	2016-08-18 17:21:25.852132-05
37	spaapp	0503_auto_20160818_1615	2016-08-18 17:23:05.067657-05
38	spaapp	0504_merge	2016-08-18 17:23:05.090659-05
39	spaapp	1005_merge	2016-08-22 13:51:53.635316-05
40	spaapp	1006_auto_20160822_1351	2016-08-22 13:58:36.597302-05
41	spaapp	1001_auto_20160812_1614	2016-08-29 19:51:18.098373-05
42	spaapp	1003_auto_20160829_1951	2016-08-29 19:59:04.573672-05
43	spaapp	1004_auto_20160905_1730	2016-09-05 17:39:28.911363-05
44	spaapp	1007_auto_20160906_1109	2016-09-06 11:13:19.951824-05
45	spaapp	1008_auto_20160906_1339	2016-09-06 13:40:03.124686-05
46	spaapp	1008_auto_20160907_1334	2016-09-07 13:38:04.177077-05
47	administracionAPP	0002_auto_20160909_1617	2016-09-09 16:17:20.437128-05
\.


--
-- Name: django_migrations_id_seq; Type: SEQUENCE SET; Schema: spaapp; Owner: spauser
--

SELECT pg_catalog.setval('django_migrations_id_seq', 47, true);


--
-- Data for Name: django_session; Type: TABLE DATA; Schema: spaapp; Owner: spauser
--

COPY django_session (session_key, session_data, expire_date) FROM stdin;
ppj6kicf3jq9qp14in8osrwxyzvyeccb	ZDA1MzA1NDA1YjY2NzZlZGRmYjQxZWQwMTA3ZWY4MTQ5MjFjN2FiZDp7Il9hdXRoX3VzZXJfYmFja2VuZCI6ImRqYW5nby5jb250cmliLmF1dGguYmFja2VuZHMuTW9kZWxCYWNrZW5kIiwiX2F1dGhfdXNlcl9pZCI6IjIiLCJfYXV0aF91c2VyX2hhc2giOiIwYmNkMDg1OGZiM2UzMjhhZmRlZTIyZmMwMjcxYWNjMjMwZjNjZDhiIn0=	2016-08-11 19:56:47.864751-05
byyjg5tr2lz8a75b7c2mmliyrulhelmn	NDZkMTNkNjMzNWFiMjE3N2E0ZTA4MGUxYjAxMDg5OWMwZjE0YTI3Mzp7Il9hdXRoX3VzZXJfaGFzaCI6IjdmMGE4Mzc3YjQxMDdlNDU4ZDQzNWNjYzdhYjgxZGIxYTg1YmNmOTgiLCJfYXV0aF91c2VyX2lkIjoiMTEiLCJfYXV0aF91c2VyX2JhY2tlbmQiOiJkamFuZ28uY29udHJpYi5hdXRoLmJhY2tlbmRzLk1vZGVsQmFja2VuZCJ9	2016-08-16 15:50:25.121346-05
r8m0atiszs8wyzbm0pvq6m40y3kz8s7p	ZWMyZWIwZTJiYWFlMDczYzRhODhlMWU0Y2M2YzI2MGE5YTljMzUxNzp7Il9hdXRoX3VzZXJfaGFzaCI6IjBiY2QwODU4ZmIzZTMyOGFmZGVlMjJmYzAyNzFhY2MyMzBmM2NkOGIiLCJfYXV0aF91c2VyX2lkIjoiMiIsIl9hdXRoX3VzZXJfYmFja2VuZCI6ImRqYW5nby5jb250cmliLmF1dGguYmFja2VuZHMuTW9kZWxCYWNrZW5kIn0=	2016-08-11 20:20:31.486666-05
629ms707i92p3h9lxr6l82is7mprz3pi	ZjAxNDc5NWVkZTA1ZTE5ZjlhNDk5OGM1ZjZhYmU4ZjAyYjUzOTQ4NDp7Il9hdXRoX3VzZXJfaWQiOiIzIiwiX2F1dGhfdXNlcl9oYXNoIjoiN2QxOGI3ZTlkMWI3NzlkNDJmMmVjYmFhZmYwZjY4MTJlN2U1Y2FhOCIsIl9hdXRoX3VzZXJfYmFja2VuZCI6ImRqYW5nby5jb250cmliLmF1dGguYmFja2VuZHMuTW9kZWxCYWNrZW5kIn0=	2016-08-17 13:12:25.735389-05
p1ruep8o7eq076v57rzgybu0el5ocbot	Y2ZkZWQ4OTRlZDQwNTRhZjI5MDViMDE2NDFmYWJmNjM3MjJmYjNmZjp7Il9hdXRoX3VzZXJfaGFzaCI6IjQyM2YxNjM0YTgxMzM3ZDg2N2VmNmQxMjg0NmNhYzg3NDFmM2U0NWYiLCJfYXV0aF91c2VyX2JhY2tlbmQiOiJkamFuZ28uY29udHJpYi5hdXRoLmJhY2tlbmRzLk1vZGVsQmFja2VuZCIsIl9hdXRoX3VzZXJfaWQiOiI0In0=	2016-08-17 13:32:49.86211-05
ylf1lnnjy8djcgm278nff0s1z9ndn2z1	NDZkMTNkNjMzNWFiMjE3N2E0ZTA4MGUxYjAxMDg5OWMwZjE0YTI3Mzp7Il9hdXRoX3VzZXJfaGFzaCI6IjdmMGE4Mzc3YjQxMDdlNDU4ZDQzNWNjYzdhYjgxZGIxYTg1YmNmOTgiLCJfYXV0aF91c2VyX2lkIjoiMTEiLCJfYXV0aF91c2VyX2JhY2tlbmQiOiJkamFuZ28uY29udHJpYi5hdXRoLmJhY2tlbmRzLk1vZGVsQmFja2VuZCJ9	2016-08-16 15:51:54.426512-05
qicye6ty655n7h5d7hadcqg0ay3wm1wt	NDZkMTNkNjMzNWFiMjE3N2E0ZTA4MGUxYjAxMDg5OWMwZjE0YTI3Mzp7Il9hdXRoX3VzZXJfaGFzaCI6IjdmMGE4Mzc3YjQxMDdlNDU4ZDQzNWNjYzdhYjgxZGIxYTg1YmNmOTgiLCJfYXV0aF91c2VyX2lkIjoiMTEiLCJfYXV0aF91c2VyX2JhY2tlbmQiOiJkamFuZ28uY29udHJpYi5hdXRoLmJhY2tlbmRzLk1vZGVsQmFja2VuZCJ9	2016-08-16 15:54:26.189291-05
iqmq1opk3wwyfn1qrs1rpz8org64flh3	NDZkMTNkNjMzNWFiMjE3N2E0ZTA4MGUxYjAxMDg5OWMwZjE0YTI3Mzp7Il9hdXRoX3VzZXJfaGFzaCI6IjdmMGE4Mzc3YjQxMDdlNDU4ZDQzNWNjYzdhYjgxZGIxYTg1YmNmOTgiLCJfYXV0aF91c2VyX2lkIjoiMTEiLCJfYXV0aF91c2VyX2JhY2tlbmQiOiJkamFuZ28uY29udHJpYi5hdXRoLmJhY2tlbmRzLk1vZGVsQmFja2VuZCJ9	2016-08-12 09:47:28.13426-05
ll4fa4qy76k81x55mm3n6gnn4qpi35dk	NzU0NDI1NTE2ZmM2NTFkZTBjM2IxOWFjNGZlMGNmZDJkZGY5MGUxNTp7Il9hdXRoX3VzZXJfYmFja2VuZCI6ImRqYW5nby5jb250cmliLmF1dGguYmFja2VuZHMuTW9kZWxCYWNrZW5kIiwiX2F1dGhfdXNlcl9oYXNoIjoiZDg1Yjk4ZWJjZmMzYzk4Y2MzZjBiNDI2MTA0MTAwMjA5MTI3Yjc3OSIsIl9hdXRoX3VzZXJfaWQiOiI1In0=	2016-08-12 10:26:24.92008-05
agwowo7ygokt7301dv34pdwlw0c2avqe	MzA4NTZiZjhkNTQ4Mjc2OGM5NjUwOWY2YzFkMzgwOTE1ZmZlMGM5MTp7Il9hdXRoX3VzZXJfaWQiOiIxMSIsIl9hdXRoX3VzZXJfYmFja2VuZCI6ImRqYW5nby5jb250cmliLmF1dGguYmFja2VuZHMuTW9kZWxCYWNrZW5kIiwiX2F1dGhfdXNlcl9oYXNoIjoiN2YwYTgzNzdiNDEwN2U0NThkNDM1Y2NjN2FiODFkYjFhODViY2Y5OCJ9	2016-08-16 16:00:32.628856-05
jk1xb61xhok3bn9errznmbtripf8ziir	MzA4NTZiZjhkNTQ4Mjc2OGM5NjUwOWY2YzFkMzgwOTE1ZmZlMGM5MTp7Il9hdXRoX3VzZXJfaWQiOiIxMSIsIl9hdXRoX3VzZXJfYmFja2VuZCI6ImRqYW5nby5jb250cmliLmF1dGguYmFja2VuZHMuTW9kZWxCYWNrZW5kIiwiX2F1dGhfdXNlcl9oYXNoIjoiN2YwYTgzNzdiNDEwN2U0NThkNDM1Y2NjN2FiODFkYjFhODViY2Y5OCJ9	2016-08-16 16:01:26.54987-05
92jp9m02v310e1dbl3id5kqcihznnu3j	MzA4NTZiZjhkNTQ4Mjc2OGM5NjUwOWY2YzFkMzgwOTE1ZmZlMGM5MTp7Il9hdXRoX3VzZXJfaWQiOiIxMSIsIl9hdXRoX3VzZXJfYmFja2VuZCI6ImRqYW5nby5jb250cmliLmF1dGguYmFja2VuZHMuTW9kZWxCYWNrZW5kIiwiX2F1dGhfdXNlcl9oYXNoIjoiN2YwYTgzNzdiNDEwN2U0NThkNDM1Y2NjN2FiODFkYjFhODViY2Y5OCJ9	2016-08-16 16:02:37.675142-05
tef6cdhg87ijg2n3sesh6gt2fprypow5	MzA4NTZiZjhkNTQ4Mjc2OGM5NjUwOWY2YzFkMzgwOTE1ZmZlMGM5MTp7Il9hdXRoX3VzZXJfaWQiOiIxMSIsIl9hdXRoX3VzZXJfYmFja2VuZCI6ImRqYW5nby5jb250cmliLmF1dGguYmFja2VuZHMuTW9kZWxCYWNrZW5kIiwiX2F1dGhfdXNlcl9oYXNoIjoiN2YwYTgzNzdiNDEwN2U0NThkNDM1Y2NjN2FiODFkYjFhODViY2Y5OCJ9	2016-08-16 16:04:05.819932-05
8dt7o50nmaz51q0475x5hkkcf4s58ab2	MzA4NTZiZjhkNTQ4Mjc2OGM5NjUwOWY2YzFkMzgwOTE1ZmZlMGM5MTp7Il9hdXRoX3VzZXJfaWQiOiIxMSIsIl9hdXRoX3VzZXJfYmFja2VuZCI6ImRqYW5nby5jb250cmliLmF1dGguYmFja2VuZHMuTW9kZWxCYWNrZW5kIiwiX2F1dGhfdXNlcl9oYXNoIjoiN2YwYTgzNzdiNDEwN2U0NThkNDM1Y2NjN2FiODFkYjFhODViY2Y5OCJ9	2016-08-16 16:06:18.776876-05
ohyakvkhwhrg344rv1axf8vj33k9lvul	MzA4NTZiZjhkNTQ4Mjc2OGM5NjUwOWY2YzFkMzgwOTE1ZmZlMGM5MTp7Il9hdXRoX3VzZXJfaWQiOiIxMSIsIl9hdXRoX3VzZXJfYmFja2VuZCI6ImRqYW5nby5jb250cmliLmF1dGguYmFja2VuZHMuTW9kZWxCYWNrZW5kIiwiX2F1dGhfdXNlcl9oYXNoIjoiN2YwYTgzNzdiNDEwN2U0NThkNDM1Y2NjN2FiODFkYjFhODViY2Y5OCJ9	2016-08-16 16:07:33.506678-05
xmqm3z1nwcshedj2j3rmrfoaqqxgo7z9	ZWY5MWMzMDczYzY5YjkzMTg1Y2ZkYTBmOTc2NjRlOTYwODkyODk1Njp7Il9hdXRoX3VzZXJfYmFja2VuZCI6ImRqYW5nby5jb250cmliLmF1dGguYmFja2VuZHMuTW9kZWxCYWNrZW5kIiwiX2F1dGhfdXNlcl9pZCI6IjE2IiwiX2F1dGhfdXNlcl9oYXNoIjoiMjQ1MGJiYmU3ZTAxYzkwNzE0NDFlN2UwOGVkNmIyZDg1NzA0MWZmMyJ9	2016-08-15 19:00:06.442762-05
fbfmnokg6ds0n6v2b77md75kro2zxhgv	MzA4NTZiZjhkNTQ4Mjc2OGM5NjUwOWY2YzFkMzgwOTE1ZmZlMGM5MTp7Il9hdXRoX3VzZXJfaWQiOiIxMSIsIl9hdXRoX3VzZXJfYmFja2VuZCI6ImRqYW5nby5jb250cmliLmF1dGguYmFja2VuZHMuTW9kZWxCYWNrZW5kIiwiX2F1dGhfdXNlcl9oYXNoIjoiN2YwYTgzNzdiNDEwN2U0NThkNDM1Y2NjN2FiODFkYjFhODViY2Y5OCJ9	2016-08-16 16:08:33.922357-05
69931dblja1ngvaqaablty4dic7mnekf	ZWE5MGJiZThiY2Y5Y2U0YTA2YmYyZjhkMDNiMjI2YmRlYjg1NjM5OTp7Il9hdXRoX3VzZXJfaGFzaCI6IjQyM2YxNjM0YTgxMzM3ZDg2N2VmNmQxMjg0NmNhYzg3NDFmM2U0NWYiLCJfYXV0aF91c2VyX2lkIjoiNCIsIl9hdXRoX3VzZXJfYmFja2VuZCI6ImRqYW5nby5jb250cmliLmF1dGguYmFja2VuZHMuTW9kZWxCYWNrZW5kIn0=	2016-08-12 11:46:15.503914-05
hieocm5ufi9vr9mn2uakge9nklm0or51	Y2ZkZWQ4OTRlZDQwNTRhZjI5MDViMDE2NDFmYWJmNjM3MjJmYjNmZjp7Il9hdXRoX3VzZXJfaGFzaCI6IjQyM2YxNjM0YTgxMzM3ZDg2N2VmNmQxMjg0NmNhYzg3NDFmM2U0NWYiLCJfYXV0aF91c2VyX2JhY2tlbmQiOiJkamFuZ28uY29udHJpYi5hdXRoLmJhY2tlbmRzLk1vZGVsQmFja2VuZCIsIl9hdXRoX3VzZXJfaWQiOiI0In0=	2016-08-16 16:44:17.221614-05
c77q8j8lpupnnhfwctjq06v47dmnncib	MzA4NTZiZjhkNTQ4Mjc2OGM5NjUwOWY2YzFkMzgwOTE1ZmZlMGM5MTp7Il9hdXRoX3VzZXJfaWQiOiIxMSIsIl9hdXRoX3VzZXJfYmFja2VuZCI6ImRqYW5nby5jb250cmliLmF1dGguYmFja2VuZHMuTW9kZWxCYWNrZW5kIiwiX2F1dGhfdXNlcl9oYXNoIjoiN2YwYTgzNzdiNDEwN2U0NThkNDM1Y2NjN2FiODFkYjFhODViY2Y5OCJ9	2016-08-16 16:09:32.99599-05
dmuyidbk4yjiar7zoekt9r8euit3yc5o	MzA4NTZiZjhkNTQ4Mjc2OGM5NjUwOWY2YzFkMzgwOTE1ZmZlMGM5MTp7Il9hdXRoX3VzZXJfaWQiOiIxMSIsIl9hdXRoX3VzZXJfYmFja2VuZCI6ImRqYW5nby5jb250cmliLmF1dGguYmFja2VuZHMuTW9kZWxCYWNrZW5kIiwiX2F1dGhfdXNlcl9oYXNoIjoiN2YwYTgzNzdiNDEwN2U0NThkNDM1Y2NjN2FiODFkYjFhODViY2Y5OCJ9	2016-08-16 16:11:20.387611-05
60a28po4ajzfi64lcuy4yl2oaxt3exka	YjlhZTcyNmUyNjcyNWZkNjMzZWM0MmFjYWE4MzVmYzI5ZDNhNTc3Zjp7Il9hdXRoX3VzZXJfYmFja2VuZCI6ImRqYW5nby5jb250cmliLmF1dGguYmFja2VuZHMuTW9kZWxCYWNrZW5kIiwiX2F1dGhfdXNlcl9oYXNoIjoiN2YwYTgzNzdiNDEwN2U0NThkNDM1Y2NjN2FiODFkYjFhODViY2Y5OCIsIl9hdXRoX3VzZXJfaWQiOiIxMSJ9	2016-08-16 16:13:40.970215-05
60yv4yb71z7j5gpkfcunhuhksx87ny4z	NzBkNDRkZmQwZThkMzgxNTg0NTY4ZDkxMjdiNGQ2YzBlZGQ5NWEyNDp7Il9hdXRoX3VzZXJfaGFzaCI6IjIxMjZkNzBlY2Q4NGI4MzdlMTJkODUwMDRhNWNmYTU3YTg0YTJiMTEiLCJfYXV0aF91c2VyX2lkIjoiMTgiLCJfYXV0aF91c2VyX2JhY2tlbmQiOiJkamFuZ28uY29udHJpYi5hdXRoLmJhY2tlbmRzLk1vZGVsQmFja2VuZCJ9	2016-08-16 18:47:39.240926-05
4i86no7b1ec4wewwws5bdgr2wpo3ans9	NThiMTUyMGQxNGEzNjNhZmI0NzdjNGYzMTk0NzQ4ZDg0OTU0N2QyZjp7Il9hdXRoX3VzZXJfaWQiOiI0IiwiX2F1dGhfdXNlcl9iYWNrZW5kIjoiZGphbmdvLmNvbnRyaWIuYXV0aC5iYWNrZW5kcy5Nb2RlbEJhY2tlbmQiLCJfYXV0aF91c2VyX2hhc2giOiI0MjNmMTYzNGE4MTMzN2Q4NjdlZjZkMTI4NDZjYWM4NzQxZjNlNDVmIn0=	2016-08-16 19:41:50.740148-05
evtirjme540ojzrh7ehbiwjx22p4n2v3	ZWY3NjA3MzdkYmMwZmZlZTZjY2ZlMGE3YmU0Y2QwNGI0Yzk1YzQ1Yjp7Il9hdXRoX3VzZXJfYmFja2VuZCI6ImRqYW5nby5jb250cmliLmF1dGguYmFja2VuZHMuTW9kZWxCYWNrZW5kIiwiX2F1dGhfdXNlcl9oYXNoIjoiN2QxOGI3ZTlkMWI3NzlkNDJmMmVjYmFhZmYwZjY4MTJlN2U1Y2FhOCIsIl9hdXRoX3VzZXJfaWQiOiIzIn0=	2016-08-19 18:47:42.733928-05
3ybo7v1j7ey0ljhqv7uzjovh7ta1jjwb	NThiMTUyMGQxNGEzNjNhZmI0NzdjNGYzMTk0NzQ4ZDg0OTU0N2QyZjp7Il9hdXRoX3VzZXJfaWQiOiI0IiwiX2F1dGhfdXNlcl9iYWNrZW5kIjoiZGphbmdvLmNvbnRyaWIuYXV0aC5iYWNrZW5kcy5Nb2RlbEJhY2tlbmQiLCJfYXV0aF91c2VyX2hhc2giOiI0MjNmMTYzNGE4MTMzN2Q4NjdlZjZkMTI4NDZjYWM4NzQxZjNlNDVmIn0=	2016-08-24 18:44:05.407222-05
eeuobzj5zpineqanawnih17mq3lcn5y1	NmIyZWNmNGMyZTlmZjEzMzc5OWRkYzNhMzE3NTlkNjhiYTU2MDY3Zjp7Il9hdXRoX3VzZXJfaGFzaCI6IjkwMzZjNDYxMjgyMDVhNjAxMzgwNGQ1NzQxNTJiZGMwN2RkNDJhZmIiLCJfYXV0aF91c2VyX2JhY2tlbmQiOiJkamFuZ28uY29udHJpYi5hdXRoLmJhY2tlbmRzLk1vZGVsQmFja2VuZCIsIl9hdXRoX3VzZXJfaWQiOiIxNSJ9	2016-09-01 13:46:28.610109-05
4dyomumckxcmdl3l8xxponnus6xainp4	ODZkODE0MmZhM2QyOWE1ZjBlNzZmYWNjMmY0MThkNjM5YTRjZTBkNjp7Il9hdXRoX3VzZXJfaWQiOiI0IiwiX2F1dGhfdXNlcl9oYXNoIjoiNDIzZjE2MzRhODEzMzdkODY3ZWY2ZDEyODQ2Y2FjODc0MWYzZTQ1ZiIsIl9hdXRoX3VzZXJfYmFja2VuZCI6ImRqYW5nby5jb250cmliLmF1dGguYmFja2VuZHMuTW9kZWxCYWNrZW5kIn0=	2016-09-06 17:45:52.227769-05
1lr1tqnzdo2np9on07zc9r0oobvyamnu	ODZkODE0MmZhM2QyOWE1ZjBlNzZmYWNjMmY0MThkNjM5YTRjZTBkNjp7Il9hdXRoX3VzZXJfaWQiOiI0IiwiX2F1dGhfdXNlcl9oYXNoIjoiNDIzZjE2MzRhODEzMzdkODY3ZWY2ZDEyODQ2Y2FjODc0MWYzZTQ1ZiIsIl9hdXRoX3VzZXJfYmFja2VuZCI6ImRqYW5nby5jb250cmliLmF1dGguYmFja2VuZHMuTW9kZWxCYWNrZW5kIn0=	2016-08-23 17:31:07.945934-05
zye1bqyutmq5l6zejbutul5usfn7sjyl	ZDA1MzA1NDA1YjY2NzZlZGRmYjQxZWQwMTA3ZWY4MTQ5MjFjN2FiZDp7Il9hdXRoX3VzZXJfYmFja2VuZCI6ImRqYW5nby5jb250cmliLmF1dGguYmFja2VuZHMuTW9kZWxCYWNrZW5kIiwiX2F1dGhfdXNlcl9pZCI6IjIiLCJfYXV0aF91c2VyX2hhc2giOiIwYmNkMDg1OGZiM2UzMjhhZmRlZTIyZmMwMjcxYWNjMjMwZjNjZDhiIn0=	2016-08-30 16:46:14.330809-05
kytdr35051wmubtsqa4vqs2tp8w9vfxp	YTU2ZmZhYjQ1MjlhYjU5YzJjYTk5YjdiYzQyM2ZjOTZjNGUyN2VmYzp7Il9hdXRoX3VzZXJfaWQiOiIyIiwiX2F1dGhfdXNlcl9oYXNoIjoiMGJjZDA4NThmYjNlMzI4YWZkZWUyMmZjMDI3MWFjYzIzMGYzY2Q4YiIsIl9hdXRoX3VzZXJfYmFja2VuZCI6ImRqYW5nby5jb250cmliLmF1dGguYmFja2VuZHMuTW9kZWxCYWNrZW5kIn0=	2016-08-23 05:15:42.789643-05
ze1r4i88d4r26y42ds2c0jrbvelzb0cz	NmIyZWNmNGMyZTlmZjEzMzc5OWRkYzNhMzE3NTlkNjhiYTU2MDY3Zjp7Il9hdXRoX3VzZXJfaGFzaCI6IjkwMzZjNDYxMjgyMDVhNjAxMzgwNGQ1NzQxNTJiZGMwN2RkNDJhZmIiLCJfYXV0aF91c2VyX2JhY2tlbmQiOiJkamFuZ28uY29udHJpYi5hdXRoLmJhY2tlbmRzLk1vZGVsQmFja2VuZCIsIl9hdXRoX3VzZXJfaWQiOiIxNSJ9	2016-08-19 17:15:59.871789-05
z68i0whmlxvuljujrmyajl7g3zgljevj	ODZkODE0MmZhM2QyOWE1ZjBlNzZmYWNjMmY0MThkNjM5YTRjZTBkNjp7Il9hdXRoX3VzZXJfaWQiOiI0IiwiX2F1dGhfdXNlcl9oYXNoIjoiNDIzZjE2MzRhODEzMzdkODY3ZWY2ZDEyODQ2Y2FjODc0MWYzZTQ1ZiIsIl9hdXRoX3VzZXJfYmFja2VuZCI6ImRqYW5nby5jb250cmliLmF1dGguYmFja2VuZHMuTW9kZWxCYWNrZW5kIn0=	2016-08-24 19:20:06.562403-05
ql2o5uo6mu6ywxqwhltdl9p8p85dfvij	M2IwOTExNDNiYjI2NDViODZjZmYzZjhhYWFhMzk3MzhhODA1N2NjZjp7Il9hdXRoX3VzZXJfYmFja2VuZCI6ImRqYW5nby5jb250cmliLmF1dGguYmFja2VuZHMuTW9kZWxCYWNrZW5kIiwiX2F1dGhfdXNlcl9pZCI6IjQiLCJfYXV0aF91c2VyX2hhc2giOiI0MjNmMTYzNGE4MTMzN2Q4NjdlZjZkMTI4NDZjYWM4NzQxZjNlNDVmIn0=	2016-09-01 16:28:04.512732-05
9ly8onkb53mwi075rk7pbannfzqcqzga	ZDA1MzA1NDA1YjY2NzZlZGRmYjQxZWQwMTA3ZWY4MTQ5MjFjN2FiZDp7Il9hdXRoX3VzZXJfYmFja2VuZCI6ImRqYW5nby5jb250cmliLmF1dGguYmFja2VuZHMuTW9kZWxCYWNrZW5kIiwiX2F1dGhfdXNlcl9pZCI6IjIiLCJfYXV0aF91c2VyX2hhc2giOiIwYmNkMDg1OGZiM2UzMjhhZmRlZTIyZmMwMjcxYWNjMjMwZjNjZDhiIn0=	2016-08-22 12:38:12.891261-05
ay54oths2udvc2kb7ni4yqq64sv9tp9a	NmIyZWNmNGMyZTlmZjEzMzc5OWRkYzNhMzE3NTlkNjhiYTU2MDY3Zjp7Il9hdXRoX3VzZXJfaGFzaCI6IjkwMzZjNDYxMjgyMDVhNjAxMzgwNGQ1NzQxNTJiZGMwN2RkNDJhZmIiLCJfYXV0aF91c2VyX2JhY2tlbmQiOiJkamFuZ28uY29udHJpYi5hdXRoLmJhY2tlbmRzLk1vZGVsQmFja2VuZCIsIl9hdXRoX3VzZXJfaWQiOiIxNSJ9	2016-08-30 11:41:36.482005-05
nu4sf6evhok3ysn1pr56eollr88wk3yn	ZmM5OWI1Y2Y5NDI0NjVjZjBkYmYxODQ2ZmZmNGUzNzZjMTVjODc2NDp7Il9hdXRoX3VzZXJfaGFzaCI6IjYxOTcyNmVjNDQwYWU4ZGQwZWE2OGRlMjAyNTgzZWU3NzAzNjUwNGUiLCJfYXV0aF91c2VyX2lkIjoiMTA5IiwiX2F1dGhfdXNlcl9iYWNrZW5kIjoiZGphbmdvLmNvbnRyaWIuYXV0aC5iYWNrZW5kcy5Nb2RlbEJhY2tlbmQifQ==	2016-09-07 13:26:19.593557-05
ral9hrcs02558j5vlip6fhqjdddthupw	ODZkODE0MmZhM2QyOWE1ZjBlNzZmYWNjMmY0MThkNjM5YTRjZTBkNjp7Il9hdXRoX3VzZXJfaWQiOiI0IiwiX2F1dGhfdXNlcl9oYXNoIjoiNDIzZjE2MzRhODEzMzdkODY3ZWY2ZDEyODQ2Y2FjODc0MWYzZTQ1ZiIsIl9hdXRoX3VzZXJfYmFja2VuZCI6ImRqYW5nby5jb250cmliLmF1dGguYmFja2VuZHMuTW9kZWxCYWNrZW5kIn0=	2016-08-31 14:53:28.753123-05
wxxpqkuqdv7i1hqzdr1y60mq3yi7e56l	M2IwOTExNDNiYjI2NDViODZjZmYzZjhhYWFhMzk3MzhhODA1N2NjZjp7Il9hdXRoX3VzZXJfYmFja2VuZCI6ImRqYW5nby5jb250cmliLmF1dGguYmFja2VuZHMuTW9kZWxCYWNrZW5kIiwiX2F1dGhfdXNlcl9pZCI6IjQiLCJfYXV0aF91c2VyX2hhc2giOiI0MjNmMTYzNGE4MTMzN2Q4NjdlZjZkMTI4NDZjYWM4NzQxZjNlNDVmIn0=	2016-08-29 15:56:58.172272-05
7ltwkygblhldn3ez72zfhl67rocb4nyu	OTI2ZTQwZTcyNDVlNzE5MzFjYjg1Mjk3OWJmYTYzOTk1N2ZhZDVjYjp7Il9hdXRoX3VzZXJfaWQiOiIxMSIsIl9hdXRoX3VzZXJfaGFzaCI6IjdmMGE4Mzc3YjQxMDdlNDU4ZDQzNWNjYzdhYjgxZGIxYTg1YmNmOTgiLCJfYXV0aF91c2VyX2JhY2tlbmQiOiJkamFuZ28uY29udHJpYi5hdXRoLmJhY2tlbmRzLk1vZGVsQmFja2VuZCJ9	2016-08-25 17:43:50.34102-05
x2qn0144vebevtpfetenwwthbnl4zukt	YTU2ZmZhYjQ1MjlhYjU5YzJjYTk5YjdiYzQyM2ZjOTZjNGUyN2VmYzp7Il9hdXRoX3VzZXJfaWQiOiIyIiwiX2F1dGhfdXNlcl9oYXNoIjoiMGJjZDA4NThmYjNlMzI4YWZkZWUyMmZjMDI3MWFjYzIzMGYzY2Q4YiIsIl9hdXRoX3VzZXJfYmFja2VuZCI6ImRqYW5nby5jb250cmliLmF1dGguYmFja2VuZHMuTW9kZWxCYWNrZW5kIn0=	2016-09-08 10:17:39.365019-05
6sv390nzzpns6itaa6qdhjg5yt8643un	MDVhZjI0ZjE2MDI3Yzg2NjI2MTM0ZDRjOWQwMWMzYTRjNjExZmI2NDp7Il9hdXRoX3VzZXJfaWQiOiIxNSIsIl9hdXRoX3VzZXJfaGFzaCI6IjkwMzZjNDYxMjgyMDVhNjAxMzgwNGQ1NzQxNTJiZGMwN2RkNDJhZmIiLCJfYXV0aF91c2VyX2JhY2tlbmQiOiJkamFuZ28uY29udHJpYi5hdXRoLmJhY2tlbmRzLk1vZGVsQmFja2VuZCJ9	2016-08-29 17:16:24.426592-05
6i4hbzr5kptc6qfwk9cf13ztq06x0uww	ZDQ2NGY4NWZlZjE0NGZjOGE1Y2Y2NDFhYTNlNzFjZDhkNGVkMzExYjp7Il9hdXRoX3VzZXJfYmFja2VuZCI6ImRqYW5nby5jb250cmliLmF1dGguYmFja2VuZHMuTW9kZWxCYWNrZW5kIiwiX2F1dGhfdXNlcl9pZCI6IjMiLCJfYXV0aF91c2VyX2hhc2giOiI3ZDE4YjdlOWQxYjc3OWQ0MmYyZWNiYWFmZjBmNjgxMmU3ZTVjYWE4In0=	2016-08-30 17:23:14.029497-05
2n9yjji6phsj621ykvkubcj75h0oo6fr	YzkwMTY2MDI5NGEyMWYwY2VkMDgyZjIwMjlkYTFiNzIxNTgwMmNiZTp7Il9hdXRoX3VzZXJfYmFja2VuZCI6ImRqYW5nby5jb250cmliLmF1dGguYmFja2VuZHMuTW9kZWxCYWNrZW5kIiwiX2F1dGhfdXNlcl9oYXNoIjoiMGJjZDA4NThmYjNlMzI4YWZkZWUyMmZjMDI3MWFjYzIzMGYzY2Q4YiIsIl9hdXRoX3VzZXJfaWQiOiIyIn0=	2016-09-01 08:39:54.796726-05
s6umrqh2lnybftldn25w3w4vwygjj9k3	NmIyZWNmNGMyZTlmZjEzMzc5OWRkYzNhMzE3NTlkNjhiYTU2MDY3Zjp7Il9hdXRoX3VzZXJfaGFzaCI6IjkwMzZjNDYxMjgyMDVhNjAxMzgwNGQ1NzQxNTJiZGMwN2RkNDJhZmIiLCJfYXV0aF91c2VyX2JhY2tlbmQiOiJkamFuZ28uY29udHJpYi5hdXRoLmJhY2tlbmRzLk1vZGVsQmFja2VuZCIsIl9hdXRoX3VzZXJfaWQiOiIxNSJ9	2016-08-31 16:32:52.495899-05
colula2jy9vcgdfor803uv4h6wydr5t6	NGJhYWI2NmViNzk3YmNhMzljN2ExZjVmZDkxNjkxMjc5Y2IwNmZjOTp7Il9hdXRoX3VzZXJfYmFja2VuZCI6ImRqYW5nby5jb250cmliLmF1dGguYmFja2VuZHMuTW9kZWxCYWNrZW5kIiwiX2F1dGhfdXNlcl9oYXNoIjoiOTAzNmM0NjEyODIwNWE2MDEzODA0ZDU3NDE1MmJkYzA3ZGQ0MmFmYiIsIl9hdXRoX3VzZXJfaWQiOiIxNSJ9	2016-08-31 16:56:32.973538-05
knqzjjzntzh0fnmbqohz29v7v6681dyx	ODZkODE0MmZhM2QyOWE1ZjBlNzZmYWNjMmY0MThkNjM5YTRjZTBkNjp7Il9hdXRoX3VzZXJfaWQiOiI0IiwiX2F1dGhfdXNlcl9oYXNoIjoiNDIzZjE2MzRhODEzMzdkODY3ZWY2ZDEyODQ2Y2FjODc0MWYzZTQ1ZiIsIl9hdXRoX3VzZXJfYmFja2VuZCI6ImRqYW5nby5jb250cmliLmF1dGguYmFja2VuZHMuTW9kZWxCYWNrZW5kIn0=	2016-08-17 09:58:36.279725-05
97f99r15y8v31uekudgu94yhbtflcvl1	NWJkOTFkOGM5OTE4ZTg3YzdiNjc1YmRkZDQ1Y2Q5MDA2YjdmYzI3Yzp7Il9hdXRoX3VzZXJfYmFja2VuZCI6ImRqYW5nby5jb250cmliLmF1dGguYmFja2VuZHMuTW9kZWxCYWNrZW5kIiwiX2F1dGhfdXNlcl9pZCI6IjE1IiwiX2F1dGhfdXNlcl9oYXNoIjoiOTAzNmM0NjEyODIwNWE2MDEzODA0ZDU3NDE1MmJkYzA3ZGQ0MmFmYiJ9	2016-08-19 18:52:37.461965-05
smhocihg4q6uxa7k95h5bviqpg5ashi7	ZjAxNDc5NWVkZTA1ZTE5ZjlhNDk5OGM1ZjZhYmU4ZjAyYjUzOTQ4NDp7Il9hdXRoX3VzZXJfaWQiOiIzIiwiX2F1dGhfdXNlcl9oYXNoIjoiN2QxOGI3ZTlkMWI3NzlkNDJmMmVjYmFhZmYwZjY4MTJlN2U1Y2FhOCIsIl9hdXRoX3VzZXJfYmFja2VuZCI6ImRqYW5nby5jb250cmliLmF1dGguYmFja2VuZHMuTW9kZWxCYWNrZW5kIn0=	2016-09-05 12:58:29.67196-05
haohankyyn1vaqqvkdu9do5ntxl04rsb	M2JkZWMxZWJiMDRkYTJiYzE0MDc0NWY0YjJkNzgxNTAwZTQxNTQwODp7Il9hdXRoX3VzZXJfaGFzaCI6IjVmNmQyNzRjZmVmNzMyYTQ3NjlhZjIwOTk3MGVjNjQwODczZTI4MDUiLCJfYXV0aF91c2VyX2JhY2tlbmQiOiJkamFuZ28uY29udHJpYi5hdXRoLmJhY2tlbmRzLk1vZGVsQmFja2VuZCIsIl9hdXRoX3VzZXJfaWQiOiIxMyJ9	2016-08-19 15:29:30.612875-05
v2a616t4h3fou3lfmpbfodsswp94o7vm	MDVhZjI0ZjE2MDI3Yzg2NjI2MTM0ZDRjOWQwMWMzYTRjNjExZmI2NDp7Il9hdXRoX3VzZXJfaWQiOiIxNSIsIl9hdXRoX3VzZXJfaGFzaCI6IjkwMzZjNDYxMjgyMDVhNjAxMzgwNGQ1NzQxNTJiZGMwN2RkNDJhZmIiLCJfYXV0aF91c2VyX2JhY2tlbmQiOiJkamFuZ28uY29udHJpYi5hdXRoLmJhY2tlbmRzLk1vZGVsQmFja2VuZCJ9	2016-08-19 18:58:05.177444-05
6r13xr1pwic7gk2da7a38g95mxjlmswi	OWU5MDZjMzcwODU0OTJkYmQ3MmMwOGRmN2NiMjAzMmU4ZDk3NmE1ZDp7ImZhY2Vib29rX3N0YXRlIjoiQVh5NEgyd21Kd3hFZml0VVJNTXBwcGhQTldXcElabzQifQ==	2016-08-23 12:38:15.781441-05
0n7p7dxbdvrgyfrgomt94oqbm689fqio	M2IwOTExNDNiYjI2NDViODZjZmYzZjhhYWFhMzk3MzhhODA1N2NjZjp7Il9hdXRoX3VzZXJfYmFja2VuZCI6ImRqYW5nby5jb250cmliLmF1dGguYmFja2VuZHMuTW9kZWxCYWNrZW5kIiwiX2F1dGhfdXNlcl9pZCI6IjQiLCJfYXV0aF91c2VyX2hhc2giOiI0MjNmMTYzNGE4MTMzN2Q4NjdlZjZkMTI4NDZjYWM4NzQxZjNlNDVmIn0=	2016-08-18 18:11:00.613094-05
d812mif0fza9glx9hmuc6oq3fpfxd3m3	NWJkOTFkOGM5OTE4ZTg3YzdiNjc1YmRkZDQ1Y2Q5MDA2YjdmYzI3Yzp7Il9hdXRoX3VzZXJfYmFja2VuZCI6ImRqYW5nby5jb250cmliLmF1dGguYmFja2VuZHMuTW9kZWxCYWNrZW5kIiwiX2F1dGhfdXNlcl9pZCI6IjE1IiwiX2F1dGhfdXNlcl9oYXNoIjoiOTAzNmM0NjEyODIwNWE2MDEzODA0ZDU3NDE1MmJkYzA3ZGQ0MmFmYiJ9	2016-08-19 19:00:13.095156-05
i8ojuq4kc47nfzj6ka53s7hc7lpqrefw	NGM0MDQwOTM1YmVjMDFjYmFlMzMyYmIyZjZlYjI5MjM5NGQyNWQyZTp7Il9hdXRoX3VzZXJfaGFzaCI6IjdkMThiN2U5ZDFiNzc5ZDQyZjJlY2JhYWZmMGY2ODEyZTdlNWNhYTgiLCJfYXV0aF91c2VyX2lkIjoiMyIsIl9hdXRoX3VzZXJfYmFja2VuZCI6ImRqYW5nby5jb250cmliLmF1dGguYmFja2VuZHMuTW9kZWxCYWNrZW5kIn0=	2016-08-24 19:23:02.228264-05
30sspuhkbhyasr7dmlnyvtl9c5c6ql10	ZjAxNDc5NWVkZTA1ZTE5ZjlhNDk5OGM1ZjZhYmU4ZjAyYjUzOTQ4NDp7Il9hdXRoX3VzZXJfaWQiOiIzIiwiX2F1dGhfdXNlcl9oYXNoIjoiN2QxOGI3ZTlkMWI3NzlkNDJmMmVjYmFhZmYwZjY4MTJlN2U1Y2FhOCIsIl9hdXRoX3VzZXJfYmFja2VuZCI6ImRqYW5nby5jb250cmliLmF1dGguYmFja2VuZHMuTW9kZWxCYWNrZW5kIn0=	2016-08-18 18:32:23.211228-05
0d4hy45xys5xh2p1p894r6xu08tgb5vx	NmIyZWNmNGMyZTlmZjEzMzc5OWRkYzNhMzE3NTlkNjhiYTU2MDY3Zjp7Il9hdXRoX3VzZXJfaGFzaCI6IjkwMzZjNDYxMjgyMDVhNjAxMzgwNGQ1NzQxNTJiZGMwN2RkNDJhZmIiLCJfYXV0aF91c2VyX2JhY2tlbmQiOiJkamFuZ28uY29udHJpYi5hdXRoLmJhY2tlbmRzLk1vZGVsQmFja2VuZCIsIl9hdXRoX3VzZXJfaWQiOiIxNSJ9	2016-08-19 17:16:31.408975-05
gjhnqtcwa2c4np85vus9nv5vn23pd32j	M2IwOTExNDNiYjI2NDViODZjZmYzZjhhYWFhMzk3MzhhODA1N2NjZjp7Il9hdXRoX3VzZXJfYmFja2VuZCI6ImRqYW5nby5jb250cmliLmF1dGguYmFja2VuZHMuTW9kZWxCYWNrZW5kIiwiX2F1dGhfdXNlcl9pZCI6IjQiLCJfYXV0aF91c2VyX2hhc2giOiI0MjNmMTYzNGE4MTMzN2Q4NjdlZjZkMTI4NDZjYWM4NzQxZjNlNDVmIn0=	2016-08-25 10:23:55.109557-05
o8ft3afaf2bbvf6fbxjz3mpu1tp7nz1f	YTU2ZmZhYjQ1MjlhYjU5YzJjYTk5YjdiYzQyM2ZjOTZjNGUyN2VmYzp7Il9hdXRoX3VzZXJfaWQiOiIyIiwiX2F1dGhfdXNlcl9oYXNoIjoiMGJjZDA4NThmYjNlMzI4YWZkZWUyMmZjMDI3MWFjYzIzMGYzY2Q4YiIsIl9hdXRoX3VzZXJfYmFja2VuZCI6ImRqYW5nby5jb250cmliLmF1dGguYmFja2VuZHMuTW9kZWxCYWNrZW5kIn0=	2016-08-23 05:16:59.421808-05
sizmi1n04eiafgirv8wxrtlpwrgyud95	ODZkODE0MmZhM2QyOWE1ZjBlNzZmYWNjMmY0MThkNjM5YTRjZTBkNjp7Il9hdXRoX3VzZXJfaWQiOiI0IiwiX2F1dGhfdXNlcl9oYXNoIjoiNDIzZjE2MzRhODEzMzdkODY3ZWY2ZDEyODQ2Y2FjODc0MWYzZTQ1ZiIsIl9hdXRoX3VzZXJfYmFja2VuZCI6ImRqYW5nby5jb250cmliLmF1dGguYmFja2VuZHMuTW9kZWxCYWNrZW5kIn0=	2016-08-22 11:19:34.676542-05
vlyavao82e1h3x9z1qxpvwbc68ypg1xl	YjlhZTcyNmUyNjcyNWZkNjMzZWM0MmFjYWE4MzVmYzI5ZDNhNTc3Zjp7Il9hdXRoX3VzZXJfYmFja2VuZCI6ImRqYW5nby5jb250cmliLmF1dGguYmFja2VuZHMuTW9kZWxCYWNrZW5kIiwiX2F1dGhfdXNlcl9oYXNoIjoiN2YwYTgzNzdiNDEwN2U0NThkNDM1Y2NjN2FiODFkYjFhODViY2Y5OCIsIl9hdXRoX3VzZXJfaWQiOiIxMSJ9	2016-08-23 15:40:39.532232-05
07w4enkhj4wldnbmf8xgkj4p3goydw4u	NmMyMTJlZmFhODZlZTViY2I4OGZkMmFkZmYxNGFmOTA4NDc5Zjg3YTp7Il9hdXRoX3VzZXJfaGFzaCI6ImQ4NWI5OGViY2ZjM2M5OGNjM2YwYjQyNjEwNDEwMDIwOTEyN2I3NzkiLCJfYXV0aF91c2VyX2lkIjoiNSIsIl9hdXRoX3VzZXJfYmFja2VuZCI6ImRqYW5nby5jb250cmliLmF1dGguYmFja2VuZHMuTW9kZWxCYWNrZW5kIn0=	2016-08-23 18:21:54.059464-05
6hlx6f6dqh31r1f3awpbolopknf1i1c8	YTU2ZmZhYjQ1MjlhYjU5YzJjYTk5YjdiYzQyM2ZjOTZjNGUyN2VmYzp7Il9hdXRoX3VzZXJfaWQiOiIyIiwiX2F1dGhfdXNlcl9oYXNoIjoiMGJjZDA4NThmYjNlMzI4YWZkZWUyMmZjMDI3MWFjYzIzMGYzY2Q4YiIsIl9hdXRoX3VzZXJfYmFja2VuZCI6ImRqYW5nby5jb250cmliLmF1dGguYmFja2VuZHMuTW9kZWxCYWNrZW5kIn0=	2016-08-25 10:41:37.826063-05
t3pefx82p657mnszzcccaf09g0bf97q6	ZDI5YzBlOTI1NjU0NDU0MmZlZDQ0Y2EwMTEyYTI3MmQ5MDIzYzM2Yjp7Il9hdXRoX3VzZXJfaWQiOiIyIiwiX2F1dGhfdXNlcl9iYWNrZW5kIjoiZGphbmdvLmNvbnRyaWIuYXV0aC5iYWNrZW5kcy5Nb2RlbEJhY2tlbmQiLCJfYXV0aF91c2VyX2hhc2giOiIwYmNkMDg1OGZiM2UzMjhhZmRlZTIyZmMwMjcxYWNjMjMwZjNjZDhiIn0=	2016-08-25 13:58:23.795385-05
8vbealdgqru37rlelimdm886oigzd7jf	ZWE5MGJiZThiY2Y5Y2U0YTA2YmYyZjhkMDNiMjI2YmRlYjg1NjM5OTp7Il9hdXRoX3VzZXJfaGFzaCI6IjQyM2YxNjM0YTgxMzM3ZDg2N2VmNmQxMjg0NmNhYzg3NDFmM2U0NWYiLCJfYXV0aF91c2VyX2lkIjoiNCIsIl9hdXRoX3VzZXJfYmFja2VuZCI6ImRqYW5nby5jb250cmliLmF1dGguYmFja2VuZHMuTW9kZWxCYWNrZW5kIn0=	2016-08-24 10:16:20.85285-05
mprpxxw2f4bbzgetii01nlizoczzge3e	MWE3ZDkwM2VkZTI4ZDVlZTg5NTE0OWI5NWVmNTZiNDkxN2E0MzNmYjp7Il9hdXRoX3VzZXJfaGFzaCI6IjkwMzZjNDYxMjgyMDVhNjAxMzgwNGQ1NzQxNTJiZGMwN2RkNDJhZmIiLCJfYXV0aF91c2VyX2lkIjoiMTUiLCJfYXV0aF91c2VyX2JhY2tlbmQiOiJkamFuZ28uY29udHJpYi5hdXRoLmJhY2tlbmRzLk1vZGVsQmFja2VuZCJ9	2016-08-24 10:21:10.422381-05
7s5sv44unuaj75akivkj5l25sjzvb4rt	ZWY3NjA3MzdkYmMwZmZlZTZjY2ZlMGE3YmU0Y2QwNGI0Yzk1YzQ1Yjp7Il9hdXRoX3VzZXJfYmFja2VuZCI6ImRqYW5nby5jb250cmliLmF1dGguYmFja2VuZHMuTW9kZWxCYWNrZW5kIiwiX2F1dGhfdXNlcl9oYXNoIjoiN2QxOGI3ZTlkMWI3NzlkNDJmMmVjYmFhZmYwZjY4MTJlN2U1Y2FhOCIsIl9hdXRoX3VzZXJfaWQiOiIzIn0=	2016-08-25 17:14:13.755431-05
30z7ude3jl4xpim8onao87oruc30h2d1	MjVjNzBiYTk1N2RmNDJlYjlkNWM1NGYzNzFjZThjYjZjMjVkNzk1MDp7Il9hdXRoX3VzZXJfYmFja2VuZCI6ImRqYW5nby5jb250cmliLmF1dGguYmFja2VuZHMuTW9kZWxCYWNrZW5kIiwiX2F1dGhfdXNlcl9oYXNoIjoiNzFkNWI4MThhMWU3NDViNmIwMzNjMGY2Y2JmZTFiNWU2ZWE4N2JjNyIsIl9hdXRoX3VzZXJfaWQiOiI3NCJ9	2016-08-29 18:00:18.439399-05
uwtlobbr4fvl1ag2bemnmekk60a68bss	ZDI5YzBlOTI1NjU0NDU0MmZlZDQ0Y2EwMTEyYTI3MmQ5MDIzYzM2Yjp7Il9hdXRoX3VzZXJfaWQiOiIyIiwiX2F1dGhfdXNlcl9iYWNrZW5kIjoiZGphbmdvLmNvbnRyaWIuYXV0aC5iYWNrZW5kcy5Nb2RlbEJhY2tlbmQiLCJfYXV0aF91c2VyX2hhc2giOiIwYmNkMDg1OGZiM2UzMjhhZmRlZTIyZmMwMjcxYWNjMjMwZjNjZDhiIn0=	2016-08-24 18:42:33.626202-05
mkwzzmbbj1ze9wixb6jpgtjo64zardbi	ZWY3NjA3MzdkYmMwZmZlZTZjY2ZlMGE3YmU0Y2QwNGI0Yzk1YzQ1Yjp7Il9hdXRoX3VzZXJfYmFja2VuZCI6ImRqYW5nby5jb250cmliLmF1dGguYmFja2VuZHMuTW9kZWxCYWNrZW5kIiwiX2F1dGhfdXNlcl9oYXNoIjoiN2QxOGI3ZTlkMWI3NzlkNDJmMmVjYmFhZmYwZjY4MTJlN2U1Y2FhOCIsIl9hdXRoX3VzZXJfaWQiOiIzIn0=	2016-08-30 16:34:17.062704-05
ba6i4i5imwu6bx75plq2tledwufqk2cv	ZGZlNjQ2ZWUzZTZhYjRiNDBjNmJjMTU4YTk5NmY1NjNmZmExZjdlZTp7Il9hdXRoX3VzZXJfYmFja2VuZCI6ImRqYW5nby5jb250cmliLmF1dGguYmFja2VuZHMuTW9kZWxCYWNrZW5kIiwiX2F1dGhfdXNlcl9oYXNoIjoiMzQxMTY4OTY1NWM2OTY2MjBlNmU4MjBiNzY2MjIzY2FiOGVhYTMzNSIsIl9hdXRoX3VzZXJfaWQiOiIyIn0=	2016-09-13 17:58:14.566681-05
l5av3g3l9cwj8nwk76gk9ccwoeqs95b6	NWJkOTFkOGM5OTE4ZTg3YzdiNjc1YmRkZDQ1Y2Q5MDA2YjdmYzI3Yzp7Il9hdXRoX3VzZXJfYmFja2VuZCI6ImRqYW5nby5jb250cmliLmF1dGguYmFja2VuZHMuTW9kZWxCYWNrZW5kIiwiX2F1dGhfdXNlcl9pZCI6IjE1IiwiX2F1dGhfdXNlcl9oYXNoIjoiOTAzNmM0NjEyODIwNWE2MDEzODA0ZDU3NDE1MmJkYzA3ZGQ0MmFmYiJ9	2016-08-19 18:50:44.500941-05
vcarmf4br7hb8y48wlz9if1zybovs1v7	ZjAxNDc5NWVkZTA1ZTE5ZjlhNDk5OGM1ZjZhYmU4ZjAyYjUzOTQ4NDp7Il9hdXRoX3VzZXJfaWQiOiIzIiwiX2F1dGhfdXNlcl9oYXNoIjoiN2QxOGI3ZTlkMWI3NzlkNDJmMmVjYmFhZmYwZjY4MTJlN2U1Y2FhOCIsIl9hdXRoX3VzZXJfYmFja2VuZCI6ImRqYW5nby5jb250cmliLmF1dGguYmFja2VuZHMuTW9kZWxCYWNrZW5kIn0=	2016-08-25 18:39:55.97987-05
t8z6hciq9s543bz4fagd4wmpoutnp6f4	MWE3ZDkwM2VkZTI4ZDVlZTg5NTE0OWI5NWVmNTZiNDkxN2E0MzNmYjp7Il9hdXRoX3VzZXJfaGFzaCI6IjkwMzZjNDYxMjgyMDVhNjAxMzgwNGQ1NzQxNTJiZGMwN2RkNDJhZmIiLCJfYXV0aF91c2VyX2lkIjoiMTUiLCJfYXV0aF91c2VyX2JhY2tlbmQiOiJkamFuZ28uY29udHJpYi5hdXRoLmJhY2tlbmRzLk1vZGVsQmFja2VuZCJ9	2016-08-25 20:01:37.274315-05
1ufmuae690t5zuyraf4w6t87uekzy47b	MDBjYmQ0MTU3NjNmMDZkY2I3NGMxMGExZTgxNTZlNzhiZGQ2YmI2OTp7ImZhY2Vib29rX3N0YXRlIjoiRmo5NG9KTmx5M2NoYlpTdlZyblFJaWpkZlJLWnVWSDcifQ==	2016-08-23 12:43:03.416885-05
1vbvwpxwn9juq94zofqk5k0wbkevur63	NmIyZWNmNGMyZTlmZjEzMzc5OWRkYzNhMzE3NTlkNjhiYTU2MDY3Zjp7Il9hdXRoX3VzZXJfaGFzaCI6IjkwMzZjNDYxMjgyMDVhNjAxMzgwNGQ1NzQxNTJiZGMwN2RkNDJhZmIiLCJfYXV0aF91c2VyX2JhY2tlbmQiOiJkamFuZ28uY29udHJpYi5hdXRoLmJhY2tlbmRzLk1vZGVsQmFja2VuZCIsIl9hdXRoX3VzZXJfaWQiOiIxNSJ9	2016-08-19 19:07:59.703039-05
8bkb51daf06vfgntm41fzj81squ257fk	NzBkNDRkZmQwZThkMzgxNTg0NTY4ZDkxMjdiNGQ2YzBlZGQ5NWEyNDp7Il9hdXRoX3VzZXJfaGFzaCI6IjIxMjZkNzBlY2Q4NGI4MzdlMTJkODUwMDRhNWNmYTU3YTg0YTJiMTEiLCJfYXV0aF91c2VyX2lkIjoiMTgiLCJfYXV0aF91c2VyX2JhY2tlbmQiOiJkamFuZ28uY29udHJpYi5hdXRoLmJhY2tlbmRzLk1vZGVsQmFja2VuZCJ9	2016-08-17 15:26:45.337013-05
436gy6wymsim4kp5x5py0twlqlx20pnc	NGJhYWI2NmViNzk3YmNhMzljN2ExZjVmZDkxNjkxMjc5Y2IwNmZjOTp7Il9hdXRoX3VzZXJfYmFja2VuZCI6ImRqYW5nby5jb250cmliLmF1dGguYmFja2VuZHMuTW9kZWxCYWNrZW5kIiwiX2F1dGhfdXNlcl9oYXNoIjoiOTAzNmM0NjEyODIwNWE2MDEzODA0ZDU3NDE1MmJkYzA3ZGQ0MmFmYiIsIl9hdXRoX3VzZXJfaWQiOiIxNSJ9	2016-08-22 19:19:45.142173-05
ak354aecsz4ry3s6j0zifamzvvz6rh2w	MWE3ZDkwM2VkZTI4ZDVlZTg5NTE0OWI5NWVmNTZiNDkxN2E0MzNmYjp7Il9hdXRoX3VzZXJfaGFzaCI6IjkwMzZjNDYxMjgyMDVhNjAxMzgwNGQ1NzQxNTJiZGMwN2RkNDJhZmIiLCJfYXV0aF91c2VyX2lkIjoiMTUiLCJfYXV0aF91c2VyX2JhY2tlbmQiOiJkamFuZ28uY29udHJpYi5hdXRoLmJhY2tlbmRzLk1vZGVsQmFja2VuZCJ9	2016-08-19 19:49:59.18873-05
rp5vg45iu24z8d2qngjommdgxrt2y015	YTU2ZmZhYjQ1MjlhYjU5YzJjYTk5YjdiYzQyM2ZjOTZjNGUyN2VmYzp7Il9hdXRoX3VzZXJfaWQiOiIyIiwiX2F1dGhfdXNlcl9oYXNoIjoiMGJjZDA4NThmYjNlMzI4YWZkZWUyMmZjMDI3MWFjYzIzMGYzY2Q4YiIsIl9hdXRoX3VzZXJfYmFja2VuZCI6ImRqYW5nby5jb250cmliLmF1dGguYmFja2VuZHMuTW9kZWxCYWNrZW5kIn0=	2016-08-22 11:18:31.396348-05
tgqz2xgxcyrrsxgp2tqsj8av5czqcv56	M2JkZWMxZWJiMDRkYTJiYzE0MDc0NWY0YjJkNzgxNTAwZTQxNTQwODp7Il9hdXRoX3VzZXJfaGFzaCI6IjVmNmQyNzRjZmVmNzMyYTQ3NjlhZjIwOTk3MGVjNjQwODczZTI4MDUiLCJfYXV0aF91c2VyX2JhY2tlbmQiOiJkamFuZ28uY29udHJpYi5hdXRoLmJhY2tlbmRzLk1vZGVsQmFja2VuZCIsIl9hdXRoX3VzZXJfaWQiOiIxMyJ9	2016-08-19 17:17:37.144736-05
e8mcz2tl7qafw68oykti2i0fchlcko8p	NmIyZWNmNGMyZTlmZjEzMzc5OWRkYzNhMzE3NTlkNjhiYTU2MDY3Zjp7Il9hdXRoX3VzZXJfaGFzaCI6IjkwMzZjNDYxMjgyMDVhNjAxMzgwNGQ1NzQxNTJiZGMwN2RkNDJhZmIiLCJfYXV0aF91c2VyX2JhY2tlbmQiOiJkamFuZ28uY29udHJpYi5hdXRoLmJhY2tlbmRzLk1vZGVsQmFja2VuZCIsIl9hdXRoX3VzZXJfaWQiOiIxNSJ9	2016-08-26 13:02:32.566872-05
74vg5gvq5ud1bidt9n01c2kdkqva90bd	NmIyZWNmNGMyZTlmZjEzMzc5OWRkYzNhMzE3NTlkNjhiYTU2MDY3Zjp7Il9hdXRoX3VzZXJfaGFzaCI6IjkwMzZjNDYxMjgyMDVhNjAxMzgwNGQ1NzQxNTJiZGMwN2RkNDJhZmIiLCJfYXV0aF91c2VyX2JhY2tlbmQiOiJkamFuZ28uY29udHJpYi5hdXRoLmJhY2tlbmRzLk1vZGVsQmFja2VuZCIsIl9hdXRoX3VzZXJfaWQiOiIxNSJ9	2016-08-24 15:08:10.836448-05
hme61ycis1ksrln4cy0c57cpvetwqnxh	MDVhZjI0ZjE2MDI3Yzg2NjI2MTM0ZDRjOWQwMWMzYTRjNjExZmI2NDp7Il9hdXRoX3VzZXJfaWQiOiIxNSIsIl9hdXRoX3VzZXJfaGFzaCI6IjkwMzZjNDYxMjgyMDVhNjAxMzgwNGQ1NzQxNTJiZGMwN2RkNDJhZmIiLCJfYXV0aF91c2VyX2JhY2tlbmQiOiJkamFuZ28uY29udHJpYi5hdXRoLmJhY2tlbmRzLk1vZGVsQmFja2VuZCJ9	2016-08-26 15:26:53.816808-05
wmxcsh723efebaeqypdkaf2cg0etkdpq	NThiMTUyMGQxNGEzNjNhZmI0NzdjNGYzMTk0NzQ4ZDg0OTU0N2QyZjp7Il9hdXRoX3VzZXJfaWQiOiI0IiwiX2F1dGhfdXNlcl9iYWNrZW5kIjoiZGphbmdvLmNvbnRyaWIuYXV0aC5iYWNrZW5kcy5Nb2RlbEJhY2tlbmQiLCJfYXV0aF91c2VyX2hhc2giOiI0MjNmMTYzNGE4MTMzN2Q4NjdlZjZkMTI4NDZjYWM4NzQxZjNlNDVmIn0=	2016-08-31 14:02:47.368778-05
fo1voj4aa89svlcxp4skqxvzvv2tl29p	OTM0YjY4NDA0M2MyODY3NDA1Y2ZhMjkyZjE2YWEwYmQxMDdmYmI3Nzp7Il9hdXRoX3VzZXJfYmFja2VuZCI6ImRqYW5nby5jb250cmliLmF1dGguYmFja2VuZHMuTW9kZWxCYWNrZW5kIiwiX2F1dGhfdXNlcl9oYXNoIjoiNDIzZjE2MzRhODEzMzdkODY3ZWY2ZDEyODQ2Y2FjODc0MWYzZTQ1ZiIsIl9hdXRoX3VzZXJfaWQiOiI0In0=	2016-08-29 15:21:52.507933-05
8kudyoepv3jkglgy4xyvy5yrzjhzpw9j	NmIyZWNmNGMyZTlmZjEzMzc5OWRkYzNhMzE3NTlkNjhiYTU2MDY3Zjp7Il9hdXRoX3VzZXJfaGFzaCI6IjkwMzZjNDYxMjgyMDVhNjAxMzgwNGQ1NzQxNTJiZGMwN2RkNDJhZmIiLCJfYXV0aF91c2VyX2JhY2tlbmQiOiJkamFuZ28uY29udHJpYi5hdXRoLmJhY2tlbmRzLk1vZGVsQmFja2VuZCIsIl9hdXRoX3VzZXJfaWQiOiIxNSJ9	2016-08-29 15:30:14.128271-05
hluktmvv1b8dartccu21sid2v2xjowxg	ZWY3NjA3MzdkYmMwZmZlZTZjY2ZlMGE3YmU0Y2QwNGI0Yzk1YzQ1Yjp7Il9hdXRoX3VzZXJfYmFja2VuZCI6ImRqYW5nby5jb250cmliLmF1dGguYmFja2VuZHMuTW9kZWxCYWNrZW5kIiwiX2F1dGhfdXNlcl9oYXNoIjoiN2QxOGI3ZTlkMWI3NzlkNDJmMmVjYmFhZmYwZjY4MTJlN2U1Y2FhOCIsIl9hdXRoX3VzZXJfaWQiOiIzIn0=	2016-08-30 10:49:05.336257-05
nvkga0hzvpipwm3elulczq26l726oxb8	ZjAxNDc5NWVkZTA1ZTE5ZjlhNDk5OGM1ZjZhYmU4ZjAyYjUzOTQ4NDp7Il9hdXRoX3VzZXJfaWQiOiIzIiwiX2F1dGhfdXNlcl9oYXNoIjoiN2QxOGI3ZTlkMWI3NzlkNDJmMmVjYmFhZmYwZjY4MTJlN2U1Y2FhOCIsIl9hdXRoX3VzZXJfYmFja2VuZCI6ImRqYW5nby5jb250cmliLmF1dGguYmFja2VuZHMuTW9kZWxCYWNrZW5kIn0=	2016-09-01 16:35:30.10789-05
rernz898vpvxx652lynug6wlxjjhm1ji	ZWE5MGJiZThiY2Y5Y2U0YTA2YmYyZjhkMDNiMjI2YmRlYjg1NjM5OTp7Il9hdXRoX3VzZXJfaGFzaCI6IjQyM2YxNjM0YTgxMzM3ZDg2N2VmNmQxMjg0NmNhYzg3NDFmM2U0NWYiLCJfYXV0aF91c2VyX2lkIjoiNCIsIl9hdXRoX3VzZXJfYmFja2VuZCI6ImRqYW5nby5jb250cmliLmF1dGguYmFja2VuZHMuTW9kZWxCYWNrZW5kIn0=	2016-08-24 10:23:18.50895-05
rru2d0zfpsbrikx7ec3rg65ntgtoa01y	ZDA1MzA1NDA1YjY2NzZlZGRmYjQxZWQwMTA3ZWY4MTQ5MjFjN2FiZDp7Il9hdXRoX3VzZXJfYmFja2VuZCI6ImRqYW5nby5jb250cmliLmF1dGguYmFja2VuZHMuTW9kZWxCYWNrZW5kIiwiX2F1dGhfdXNlcl9pZCI6IjIiLCJfYXV0aF91c2VyX2hhc2giOiIwYmNkMDg1OGZiM2UzMjhhZmRlZTIyZmMwMjcxYWNjMjMwZjNjZDhiIn0=	2016-08-24 18:42:27.378344-05
um7x6pypvsl0lgejpa0h3ev8iwvum5lb	NDAyNTU5YzAwYjJkMTI3OGE1NDJjM2EwYThmNGExOGJkYjBhYTYzMjp7Il9hdXRoX3VzZXJfaGFzaCI6IjdkMThiN2U5ZDFiNzc5ZDQyZjJlY2JhYWZmMGY2ODEyZTdlNWNhYTgiLCJfYXV0aF91c2VyX2JhY2tlbmQiOiJkamFuZ28uY29udHJpYi5hdXRoLmJhY2tlbmRzLk1vZGVsQmFja2VuZCIsIl9hdXRoX3VzZXJfaWQiOiIzIn0=	2016-09-07 17:17:53.025457-05
mv6p91z2dq8cgf8r97i0tlgsp3kg02x8	NDAyNTU5YzAwYjJkMTI3OGE1NDJjM2EwYThmNGExOGJkYjBhYTYzMjp7Il9hdXRoX3VzZXJfaGFzaCI6IjdkMThiN2U5ZDFiNzc5ZDQyZjJlY2JhYWZmMGY2ODEyZTdlNWNhYTgiLCJfYXV0aF91c2VyX2JhY2tlbmQiOiJkamFuZ28uY29udHJpYi5hdXRoLmJhY2tlbmRzLk1vZGVsQmFja2VuZCIsIl9hdXRoX3VzZXJfaWQiOiIzIn0=	2016-08-29 18:10:08.731317-05
rvtybcbo6xexkd4mnjwh09ut9hteo72d	ZGMyNTM1OWMwOWQwMWFiMTdmOTA0NjkzNDc3M2UwNDYwYWI1MTRlMzp7Il9hdXRoX3VzZXJfaGFzaCI6IjdmMGE4Mzc3YjQxMDdlNDU4ZDQzNWNjYzdhYjgxZGIxYTg1YmNmOTgiLCJfYXV0aF91c2VyX2JhY2tlbmQiOiJkamFuZ28uY29udHJpYi5hdXRoLmJhY2tlbmRzLk1vZGVsQmFja2VuZCIsIl9hdXRoX3VzZXJfaWQiOiIxMSJ9	2016-08-30 15:21:04.912492-05
emmf1l8cwo2dwk11qfdrxuve71bqbvr7	M2IwOTExNDNiYjI2NDViODZjZmYzZjhhYWFhMzk3MzhhODA1N2NjZjp7Il9hdXRoX3VzZXJfYmFja2VuZCI6ImRqYW5nby5jb250cmliLmF1dGguYmFja2VuZHMuTW9kZWxCYWNrZW5kIiwiX2F1dGhfdXNlcl9pZCI6IjQiLCJfYXV0aF91c2VyX2hhc2giOiI0MjNmMTYzNGE4MTMzN2Q4NjdlZjZkMTI4NDZjYWM4NzQxZjNlNDVmIn0=	2016-08-17 11:43:49.982016-05
7wv2cqf7egvxgqm3kps3cp6xy92q0unf	NWJkOTFkOGM5OTE4ZTg3YzdiNjc1YmRkZDQ1Y2Q5MDA2YjdmYzI3Yzp7Il9hdXRoX3VzZXJfYmFja2VuZCI6ImRqYW5nby5jb250cmliLmF1dGguYmFja2VuZHMuTW9kZWxCYWNrZW5kIiwiX2F1dGhfdXNlcl9pZCI6IjE1IiwiX2F1dGhfdXNlcl9oYXNoIjoiOTAzNmM0NjEyODIwNWE2MDEzODA0ZDU3NDE1MmJkYzA3ZGQ0MmFmYiJ9	2016-08-19 18:51:56.248083-05
crl9q5frwybe28s2ogu4y0q0iz56wwdu	NWJkOTFkOGM5OTE4ZTg3YzdiNjc1YmRkZDQ1Y2Q5MDA2YjdmYzI3Yzp7Il9hdXRoX3VzZXJfYmFja2VuZCI6ImRqYW5nby5jb250cmliLmF1dGguYmFja2VuZHMuTW9kZWxCYWNrZW5kIiwiX2F1dGhfdXNlcl9pZCI6IjE1IiwiX2F1dGhfdXNlcl9oYXNoIjoiOTAzNmM0NjEyODIwNWE2MDEzODA0ZDU3NDE1MmJkYzA3ZGQ0MmFmYiJ9	2016-08-19 18:52:58.365229-05
d6vth2jtrsdzui90s7uhzh6cnpwtnp77	M2IwOTExNDNiYjI2NDViODZjZmYzZjhhYWFhMzk3MzhhODA1N2NjZjp7Il9hdXRoX3VzZXJfYmFja2VuZCI6ImRqYW5nby5jb250cmliLmF1dGguYmFja2VuZHMuTW9kZWxCYWNrZW5kIiwiX2F1dGhfdXNlcl9pZCI6IjQiLCJfYXV0aF91c2VyX2hhc2giOiI0MjNmMTYzNGE4MTMzN2Q4NjdlZjZkMTI4NDZjYWM4NzQxZjNlNDVmIn0=	2016-09-02 16:54:47.205247-05
8q06zc9kxtloqn6acibaq0jk74rt130m	MDVhZjI0ZjE2MDI3Yzg2NjI2MTM0ZDRjOWQwMWMzYTRjNjExZmI2NDp7Il9hdXRoX3VzZXJfaWQiOiIxNSIsIl9hdXRoX3VzZXJfaGFzaCI6IjkwMzZjNDYxMjgyMDVhNjAxMzgwNGQ1NzQxNTJiZGMwN2RkNDJhZmIiLCJfYXV0aF91c2VyX2JhY2tlbmQiOiJkamFuZ28uY29udHJpYi5hdXRoLmJhY2tlbmRzLk1vZGVsQmFja2VuZCJ9	2016-08-19 18:58:05.191455-05
b90hjqjxddieetw0v3b7c7frf9wqds09	NmIyZWNmNGMyZTlmZjEzMzc5OWRkYzNhMzE3NTlkNjhiYTU2MDY3Zjp7Il9hdXRoX3VzZXJfaGFzaCI6IjkwMzZjNDYxMjgyMDVhNjAxMzgwNGQ1NzQxNTJiZGMwN2RkNDJhZmIiLCJfYXV0aF91c2VyX2JhY2tlbmQiOiJkamFuZ28uY29udHJpYi5hdXRoLmJhY2tlbmRzLk1vZGVsQmFja2VuZCIsIl9hdXRoX3VzZXJfaWQiOiIxNSJ9	2016-08-25 19:47:40.576281-05
hb45sah2c1nihi7j9x1mb2rm4xyxia3e	YzUzOTU4MWRmYWNiNzVkYTg4MWEzN2E0OTY1YmJkMjVkYmZlNTEyZTp7Il9hdXRoX3VzZXJfYmFja2VuZCI6ImRqYW5nby5jb250cmliLmF1dGguYmFja2VuZHMuTW9kZWxCYWNrZW5kIiwiX2F1dGhfdXNlcl9pZCI6Ijk5IiwiX2F1dGhfdXNlcl9oYXNoIjoiMzA1NWE4OWI2MGY2OTkwNzY1NGM4YmIwNjQyMjFkYWZmMzBhYWY1OSJ9	2016-09-01 16:24:05.076932-05
8ogvb1dtzsbcpuvfuy9rxpdud9iljpgz	YzMzMzMzNzkxYjg4MTczOGI4Mjc0MWQyZWQyYTc1NzQzYTQ4YzE1YTp7Il9hdXRoX3VzZXJfaGFzaCI6IjMwNTVhODliNjBmNjk5MDc2NTRjOGJiMDY0MjIxZGFmZjMwYWFmNTkiLCJfYXV0aF91c2VyX2lkIjoiOTkiLCJfYXV0aF91c2VyX2JhY2tlbmQiOiJkamFuZ28uY29udHJpYi5hdXRoLmJhY2tlbmRzLk1vZGVsQmFja2VuZCJ9	2016-09-01 11:22:42.299366-05
y7jbgns389c0ie22slraice0rliamrvo	ODgxYTNmM2Q1ZDkwNDEwZDY1ODJiMWMwYzA5OTM2M2ExNmEzZWNkNTp7Il9hdXRoX3VzZXJfaGFzaCI6IjBiY2QwODU4ZmIzZTMyOGFmZGVlMjJmYzAyNzFhY2MyMzBmM2NkOGIiLCJfYXV0aF91c2VyX2JhY2tlbmQiOiJkamFuZ28uY29udHJpYi5hdXRoLmJhY2tlbmRzLk1vZGVsQmFja2VuZCIsIl9hdXRoX3VzZXJfaWQiOiIyIn0=	2016-08-23 14:26:59.799133-05
ds4i3wdenys5gn56lw2kzeqtzofvigei	NmIyZWNmNGMyZTlmZjEzMzc5OWRkYzNhMzE3NTlkNjhiYTU2MDY3Zjp7Il9hdXRoX3VzZXJfaGFzaCI6IjkwMzZjNDYxMjgyMDVhNjAxMzgwNGQ1NzQxNTJiZGMwN2RkNDJhZmIiLCJfYXV0aF91c2VyX2JhY2tlbmQiOiJkamFuZ28uY29udHJpYi5hdXRoLmJhY2tlbmRzLk1vZGVsQmFja2VuZCIsIl9hdXRoX3VzZXJfaWQiOiIxNSJ9	2016-08-19 17:18:28.363795-05
0m6nc0qhptb6j5vhrbc9q5naic7u2gch	NGJhYWI2NmViNzk3YmNhMzljN2ExZjVmZDkxNjkxMjc5Y2IwNmZjOTp7Il9hdXRoX3VzZXJfYmFja2VuZCI6ImRqYW5nby5jb250cmliLmF1dGguYmFja2VuZHMuTW9kZWxCYWNrZW5kIiwiX2F1dGhfdXNlcl9oYXNoIjoiOTAzNmM0NjEyODIwNWE2MDEzODA0ZDU3NDE1MmJkYzA3ZGQ0MmFmYiIsIl9hdXRoX3VzZXJfaWQiOiIxNSJ9	2016-08-24 15:58:07.003286-05
ludluv7ogda1lvdqfdgg5qhs0uzcz1gm	ODZkODE0MmZhM2QyOWE1ZjBlNzZmYWNjMmY0MThkNjM5YTRjZTBkNjp7Il9hdXRoX3VzZXJfaWQiOiI0IiwiX2F1dGhfdXNlcl9oYXNoIjoiNDIzZjE2MzRhODEzMzdkODY3ZWY2ZDEyODQ2Y2FjODc0MWYzZTQ1ZiIsIl9hdXRoX3VzZXJfYmFja2VuZCI6ImRqYW5nby5jb250cmliLmF1dGguYmFja2VuZHMuTW9kZWxCYWNrZW5kIn0=	2016-09-13 08:02:03.551974-05
hj9hti1sb8jkq5h14o17yd4d293is2y3	YTU2ZmZhYjQ1MjlhYjU5YzJjYTk5YjdiYzQyM2ZjOTZjNGUyN2VmYzp7Il9hdXRoX3VzZXJfaWQiOiIyIiwiX2F1dGhfdXNlcl9oYXNoIjoiMGJjZDA4NThmYjNlMzI4YWZkZWUyMmZjMDI3MWFjYzIzMGYzY2Q4YiIsIl9hdXRoX3VzZXJfYmFja2VuZCI6ImRqYW5nby5jb250cmliLmF1dGguYmFja2VuZHMuTW9kZWxCYWNrZW5kIn0=	2016-08-19 18:07:50.929245-05
ta6r1qmwegx3s906bt2bal3uq9ugfz29	NThiMTUyMGQxNGEzNjNhZmI0NzdjNGYzMTk0NzQ4ZDg0OTU0N2QyZjp7Il9hdXRoX3VzZXJfaWQiOiI0IiwiX2F1dGhfdXNlcl9iYWNrZW5kIjoiZGphbmdvLmNvbnRyaWIuYXV0aC5iYWNrZW5kcy5Nb2RlbEJhY2tlbmQiLCJfYXV0aF91c2VyX2hhc2giOiI0MjNmMTYzNGE4MTMzN2Q4NjdlZjZkMTI4NDZjYWM4NzQxZjNlNDVmIn0=	2016-08-31 19:04:11.223298-05
m4vb03ow8glvot1zcqinlo3nrw6wc00s	ZWE5MGJiZThiY2Y5Y2U0YTA2YmYyZjhkMDNiMjI2YmRlYjg1NjM5OTp7Il9hdXRoX3VzZXJfaGFzaCI6IjQyM2YxNjM0YTgxMzM3ZDg2N2VmNmQxMjg0NmNhYzg3NDFmM2U0NWYiLCJfYXV0aF91c2VyX2lkIjoiNCIsIl9hdXRoX3VzZXJfYmFja2VuZCI6ImRqYW5nby5jb250cmliLmF1dGguYmFja2VuZHMuTW9kZWxCYWNrZW5kIn0=	2016-08-24 10:18:24.991075-05
xu0tksigrtuq74b2t0g8xpkehkcb7w7r	MWE3ZDkwM2VkZTI4ZDVlZTg5NTE0OWI5NWVmNTZiNDkxN2E0MzNmYjp7Il9hdXRoX3VzZXJfaGFzaCI6IjkwMzZjNDYxMjgyMDVhNjAxMzgwNGQ1NzQxNTJiZGMwN2RkNDJhZmIiLCJfYXV0aF91c2VyX2lkIjoiMTUiLCJfYXV0aF91c2VyX2JhY2tlbmQiOiJkamFuZ28uY29udHJpYi5hdXRoLmJhY2tlbmRzLk1vZGVsQmFja2VuZCJ9	2016-08-25 13:22:02.29852-05
zmkzlym30cub8l8njs6i7a4uktj7ntbh	M2IwOTExNDNiYjI2NDViODZjZmYzZjhhYWFhMzk3MzhhODA1N2NjZjp7Il9hdXRoX3VzZXJfYmFja2VuZCI6ImRqYW5nby5jb250cmliLmF1dGguYmFja2VuZHMuTW9kZWxCYWNrZW5kIiwiX2F1dGhfdXNlcl9pZCI6IjQiLCJfYXV0aF91c2VyX2hhc2giOiI0MjNmMTYzNGE4MTMzN2Q4NjdlZjZkMTI4NDZjYWM4NzQxZjNlNDVmIn0=	2016-08-24 18:37:29.884472-05
uqn22cz9r6sze11e7bt2nepi42b220rv	ODZkODE0MmZhM2QyOWE1ZjBlNzZmYWNjMmY0MThkNjM5YTRjZTBkNjp7Il9hdXRoX3VzZXJfaWQiOiI0IiwiX2F1dGhfdXNlcl9oYXNoIjoiNDIzZjE2MzRhODEzMzdkODY3ZWY2ZDEyODQ2Y2FjODc0MWYzZTQ1ZiIsIl9hdXRoX3VzZXJfYmFja2VuZCI6ImRqYW5nby5jb250cmliLmF1dGguYmFja2VuZHMuTW9kZWxCYWNrZW5kIn0=	2016-08-26 13:42:06.446134-05
tslbu2m283oro2sdi3870z45c9qwuuuy	MDVhZjI0ZjE2MDI3Yzg2NjI2MTM0ZDRjOWQwMWMzYTRjNjExZmI2NDp7Il9hdXRoX3VzZXJfaWQiOiIxNSIsIl9hdXRoX3VzZXJfaGFzaCI6IjkwMzZjNDYxMjgyMDVhNjAxMzgwNGQ1NzQxNTJiZGMwN2RkNDJhZmIiLCJfYXV0aF91c2VyX2JhY2tlbmQiOiJkamFuZ28uY29udHJpYi5hdXRoLmJhY2tlbmRzLk1vZGVsQmFja2VuZCJ9	2016-08-26 19:28:00.37671-05
76hgm5s7ybw10e2r1w71iiebb0rzexic	NThiMTUyMGQxNGEzNjNhZmI0NzdjNGYzMTk0NzQ4ZDg0OTU0N2QyZjp7Il9hdXRoX3VzZXJfaWQiOiI0IiwiX2F1dGhfdXNlcl9iYWNrZW5kIjoiZGphbmdvLmNvbnRyaWIuYXV0aC5iYWNrZW5kcy5Nb2RlbEJhY2tlbmQiLCJfYXV0aF91c2VyX2hhc2giOiI0MjNmMTYzNGE4MTMzN2Q4NjdlZjZkMTI4NDZjYWM4NzQxZjNlNDVmIn0=	2016-08-29 15:49:38.586669-05
b6vh3msv729e7tlvump8lzakitozqghz	ZWM4OWU1ZDUzYjUyODU1OGY4M2I3ZDRjMWRiMzMxMjFlYjQxNzUzMDp7Il9hdXRoX3VzZXJfaWQiOiI1OSIsIl9hdXRoX3VzZXJfaGFzaCI6ImY5NDhkZmUxMzU0YmE2ZDIyMGJhODU3MzlmNGIwOWVkZDc4OTI4NDQiLCJfYXV0aF91c2VyX2JhY2tlbmQiOiJkamFuZ28uY29udHJpYi5hdXRoLmJhY2tlbmRzLk1vZGVsQmFja2VuZCJ9	2016-08-25 17:43:50.006002-05
2vo802vmw7tkuy4hfm7gwqismwf0bdg2	ZWMyZWIwZTJiYWFlMDczYzRhODhlMWU0Y2M2YzI2MGE5YTljMzUxNzp7Il9hdXRoX3VzZXJfaGFzaCI6IjBiY2QwODU4ZmIzZTMyOGFmZGVlMjJmYzAyNzFhY2MyMzBmM2NkOGIiLCJfYXV0aF91c2VyX2lkIjoiMiIsIl9hdXRoX3VzZXJfYmFja2VuZCI6ImRqYW5nby5jb250cmliLmF1dGguYmFja2VuZHMuTW9kZWxCYWNrZW5kIn0=	2016-08-30 15:42:29.19772-05
vyxcvf3sjz21nueum64st3zxcx5z22uh	MjVjNzBiYTk1N2RmNDJlYjlkNWM1NGYzNzFjZThjYjZjMjVkNzk1MDp7Il9hdXRoX3VzZXJfYmFja2VuZCI6ImRqYW5nby5jb250cmliLmF1dGguYmFja2VuZHMuTW9kZWxCYWNrZW5kIiwiX2F1dGhfdXNlcl9oYXNoIjoiNzFkNWI4MThhMWU3NDViNmIwMzNjMGY2Y2JmZTFiNWU2ZWE4N2JjNyIsIl9hdXRoX3VzZXJfaWQiOiI3NCJ9	2016-08-29 18:04:26.903408-05
e1i4x9gvkndzpop6jodu1g01fcbcuovc	NWJkOTFkOGM5OTE4ZTg3YzdiNjc1YmRkZDQ1Y2Q5MDA2YjdmYzI3Yzp7Il9hdXRoX3VzZXJfYmFja2VuZCI6ImRqYW5nby5jb250cmliLmF1dGguYmFja2VuZHMuTW9kZWxCYWNrZW5kIiwiX2F1dGhfdXNlcl9pZCI6IjE1IiwiX2F1dGhfdXNlcl9oYXNoIjoiOTAzNmM0NjEyODIwNWE2MDEzODA0ZDU3NDE1MmJkYzA3ZGQ0MmFmYiJ9	2016-08-29 18:11:32.252582-05
0zdrkqgj05xxcbocv7367ix06fjai3z4	ZWE5MGJiZThiY2Y5Y2U0YTA2YmYyZjhkMDNiMjI2YmRlYjg1NjM5OTp7Il9hdXRoX3VzZXJfaGFzaCI6IjQyM2YxNjM0YTgxMzM3ZDg2N2VmNmQxMjg0NmNhYzg3NDFmM2U0NWYiLCJfYXV0aF91c2VyX2lkIjoiNCIsIl9hdXRoX3VzZXJfYmFja2VuZCI6ImRqYW5nby5jb250cmliLmF1dGguYmFja2VuZHMuTW9kZWxCYWNrZW5kIn0=	2016-09-07 12:57:20.982313-05
tfp2wqjkmuhuln4zo1wo3nmuo8d3tojd	YzkwMTY2MDI5NGEyMWYwY2VkMDgyZjIwMjlkYTFiNzIxNTgwMmNiZTp7Il9hdXRoX3VzZXJfYmFja2VuZCI6ImRqYW5nby5jb250cmliLmF1dGguYmFja2VuZHMuTW9kZWxCYWNrZW5kIiwiX2F1dGhfdXNlcl9oYXNoIjoiMGJjZDA4NThmYjNlMzI4YWZkZWUyMmZjMDI3MWFjYzIzMGYzY2Q4YiIsIl9hdXRoX3VzZXJfaWQiOiIyIn0=	2016-09-07 18:44:49.552419-05
x6kpf9cmm064thuqtf69734onzmbnoml	NGJhYWI2NmViNzk3YmNhMzljN2ExZjVmZDkxNjkxMjc5Y2IwNmZjOTp7Il9hdXRoX3VzZXJfYmFja2VuZCI6ImRqYW5nby5jb250cmliLmF1dGguYmFja2VuZHMuTW9kZWxCYWNrZW5kIiwiX2F1dGhfdXNlcl9oYXNoIjoiOTAzNmM0NjEyODIwNWE2MDEzODA0ZDU3NDE1MmJkYzA3ZGQ0MmFmYiIsIl9hdXRoX3VzZXJfaWQiOiIxNSJ9	2016-09-02 12:55:06.536238-05
i1frojthsbn6nd6k09kmlxkuqvknvxkc	NGJhYWI2NmViNzk3YmNhMzljN2ExZjVmZDkxNjkxMjc5Y2IwNmZjOTp7Il9hdXRoX3VzZXJfYmFja2VuZCI6ImRqYW5nby5jb250cmliLmF1dGguYmFja2VuZHMuTW9kZWxCYWNrZW5kIiwiX2F1dGhfdXNlcl9oYXNoIjoiOTAzNmM0NjEyODIwNWE2MDEzODA0ZDU3NDE1MmJkYzA3ZGQ0MmFmYiIsIl9hdXRoX3VzZXJfaWQiOiIxNSJ9	2016-09-02 12:57:42.72026-05
vni6dwgyfdbdaruapyrxer5m2c9e0vll	MWE3ZDkwM2VkZTI4ZDVlZTg5NTE0OWI5NWVmNTZiNDkxN2E0MzNmYjp7Il9hdXRoX3VzZXJfaGFzaCI6IjkwMzZjNDYxMjgyMDVhNjAxMzgwNGQ1NzQxNTJiZGMwN2RkNDJhZmIiLCJfYXV0aF91c2VyX2lkIjoiMTUiLCJfYXV0aF91c2VyX2JhY2tlbmQiOiJkamFuZ28uY29udHJpYi5hdXRoLmJhY2tlbmRzLk1vZGVsQmFja2VuZCJ9	2016-09-05 13:12:18.328213-05
87vwurssemwupot7woem4v7ivs4hutvd	NThiMTUyMGQxNGEzNjNhZmI0NzdjNGYzMTk0NzQ4ZDg0OTU0N2QyZjp7Il9hdXRoX3VzZXJfaWQiOiI0IiwiX2F1dGhfdXNlcl9iYWNrZW5kIjoiZGphbmdvLmNvbnRyaWIuYXV0aC5iYWNrZW5kcy5Nb2RlbEJhY2tlbmQiLCJfYXV0aF91c2VyX2hhc2giOiI0MjNmMTYzNGE4MTMzN2Q4NjdlZjZkMTI4NDZjYWM4NzQxZjNlNDVmIn0=	2016-09-02 17:49:44.697129-05
68dgmprcxa4ffty30ihp9xrndz8cmvhb	MWE3ZDkwM2VkZTI4ZDVlZTg5NTE0OWI5NWVmNTZiNDkxN2E0MzNmYjp7Il9hdXRoX3VzZXJfaGFzaCI6IjkwMzZjNDYxMjgyMDVhNjAxMzgwNGQ1NzQxNTJiZGMwN2RkNDJhZmIiLCJfYXV0aF91c2VyX2lkIjoiMTUiLCJfYXV0aF91c2VyX2JhY2tlbmQiOiJkamFuZ28uY29udHJpYi5hdXRoLmJhY2tlbmRzLk1vZGVsQmFja2VuZCJ9	2016-09-07 13:29:24.000863-05
bgbcbfhim4cei09ljf1an8fj4kxzx0y6	NGJhYWI2NmViNzk3YmNhMzljN2ExZjVmZDkxNjkxMjc5Y2IwNmZjOTp7Il9hdXRoX3VzZXJfYmFja2VuZCI6ImRqYW5nby5jb250cmliLmF1dGguYmFja2VuZHMuTW9kZWxCYWNrZW5kIiwiX2F1dGhfdXNlcl9oYXNoIjoiOTAzNmM0NjEyODIwNWE2MDEzODA0ZDU3NDE1MmJkYzA3ZGQ0MmFmYiIsIl9hdXRoX3VzZXJfaWQiOiIxNSJ9	2016-09-02 13:41:30.259757-05
lq6ry04p4gqr8j7mp5374y97sligf6bg	MWE3YmE3YjlhNWMwOTVhMGJiM2JjYTkwODQ1ODUzMDM1MTQ2MTcyNjp7Il9hdXRoX3VzZXJfaGFzaCI6IjcxZDViODE4YTFlNzQ1YjZiMDMzYzBmNmNiZmUxYjVlNmVhODdiYzciLCJfYXV0aF91c2VyX2JhY2tlbmQiOiJkamFuZ28uY29udHJpYi5hdXRoLmJhY2tlbmRzLk1vZGVsQmFja2VuZCIsIl9hdXRoX3VzZXJfaWQiOiI3NCJ9	2016-09-02 18:07:45.27335-05
oy98ifgwr52l3adzgd8n9a67q9tqhhd7	NGJhYWI2NmViNzk3YmNhMzljN2ExZjVmZDkxNjkxMjc5Y2IwNmZjOTp7Il9hdXRoX3VzZXJfYmFja2VuZCI6ImRqYW5nby5jb250cmliLmF1dGguYmFja2VuZHMuTW9kZWxCYWNrZW5kIiwiX2F1dGhfdXNlcl9oYXNoIjoiOTAzNmM0NjEyODIwNWE2MDEzODA0ZDU3NDE1MmJkYzA3ZGQ0MmFmYiIsIl9hdXRoX3VzZXJfaWQiOiIxNSJ9	2016-09-02 13:54:46.658079-05
mioen27mehovjx2kzutj3jqv6i1au2ua	NGJhYWI2NmViNzk3YmNhMzljN2ExZjVmZDkxNjkxMjc5Y2IwNmZjOTp7Il9hdXRoX3VzZXJfYmFja2VuZCI6ImRqYW5nby5jb250cmliLmF1dGguYmFja2VuZHMuTW9kZWxCYWNrZW5kIiwiX2F1dGhfdXNlcl9oYXNoIjoiOTAzNmM0NjEyODIwNWE2MDEzODA0ZDU3NDE1MmJkYzA3ZGQ0MmFmYiIsIl9hdXRoX3VzZXJfaWQiOiIxNSJ9	2016-09-05 15:53:24.021566-05
gckv2g24pymdbwe92vz5ei3pir172spz	MDVhZjI0ZjE2MDI3Yzg2NjI2MTM0ZDRjOWQwMWMzYTRjNjExZmI2NDp7Il9hdXRoX3VzZXJfaWQiOiIxNSIsIl9hdXRoX3VzZXJfaGFzaCI6IjkwMzZjNDYxMjgyMDVhNjAxMzgwNGQ1NzQxNTJiZGMwN2RkNDJhZmIiLCJfYXV0aF91c2VyX2JhY2tlbmQiOiJkamFuZ28uY29udHJpYi5hdXRoLmJhY2tlbmRzLk1vZGVsQmFja2VuZCJ9	2016-09-02 14:11:55.395143-05
yhh25jkhcnvls3yatr3pzsy50a2lp6zx	NzI0YzU3NmM2OTZkZWFmY2E3Y2RkYjNmNjI2OTA0Zjk4ZWZkMzI5MTp7Il9hdXRoX3VzZXJfaWQiOiIxNSIsIl9hdXRoX3VzZXJfaGFzaCI6IjlmNDcyN2ZhYTA1OTNhNGYyMzUzZWZiYWY5ZTExOTk5OWY0ZTJlZmQiLCJfYXV0aF91c2VyX2JhY2tlbmQiOiJkamFuZ28uY29udHJpYi5hdXRoLmJhY2tlbmRzLk1vZGVsQmFja2VuZCJ9	2016-09-13 18:00:47.434936-05
opxlyxpopxi5c3paaewjngc2euvk1c2o	NThiMTUyMGQxNGEzNjNhZmI0NzdjNGYzMTk0NzQ4ZDg0OTU0N2QyZjp7Il9hdXRoX3VzZXJfaWQiOiI0IiwiX2F1dGhfdXNlcl9iYWNrZW5kIjoiZGphbmdvLmNvbnRyaWIuYXV0aC5iYWNrZW5kcy5Nb2RlbEJhY2tlbmQiLCJfYXV0aF91c2VyX2hhc2giOiI0MjNmMTYzNGE4MTMzN2Q4NjdlZjZkMTI4NDZjYWM4NzQxZjNlNDVmIn0=	2016-09-14 16:44:55.069071-05
tvq6xb083cte1wr35mku7md50wctxfjl	ZjAxNDc5NWVkZTA1ZTE5ZjlhNDk5OGM1ZjZhYmU4ZjAyYjUzOTQ4NDp7Il9hdXRoX3VzZXJfaWQiOiIzIiwiX2F1dGhfdXNlcl9oYXNoIjoiN2QxOGI3ZTlkMWI3NzlkNDJmMmVjYmFhZmYwZjY4MTJlN2U1Y2FhOCIsIl9hdXRoX3VzZXJfYmFja2VuZCI6ImRqYW5nby5jb250cmliLmF1dGguYmFja2VuZHMuTW9kZWxCYWNrZW5kIn0=	2016-09-08 13:56:04.979627-05
gxf244rgj5ixujkk47w6imxdwcqjjz2f	MWE3ZDkwM2VkZTI4ZDVlZTg5NTE0OWI5NWVmNTZiNDkxN2E0MzNmYjp7Il9hdXRoX3VzZXJfaGFzaCI6IjkwMzZjNDYxMjgyMDVhNjAxMzgwNGQ1NzQxNTJiZGMwN2RkNDJhZmIiLCJfYXV0aF91c2VyX2lkIjoiMTUiLCJfYXV0aF91c2VyX2JhY2tlbmQiOiJkamFuZ28uY29udHJpYi5hdXRoLmJhY2tlbmRzLk1vZGVsQmFja2VuZCJ9	2016-09-02 16:33:09.605827-05
bzhbwoseqwiv0blcj471yr77cib2pzzc	ZjAxNDc5NWVkZTA1ZTE5ZjlhNDk5OGM1ZjZhYmU4ZjAyYjUzOTQ4NDp7Il9hdXRoX3VzZXJfaWQiOiIzIiwiX2F1dGhfdXNlcl9oYXNoIjoiN2QxOGI3ZTlkMWI3NzlkNDJmMmVjYmFhZmYwZjY4MTJlN2U1Y2FhOCIsIl9hdXRoX3VzZXJfYmFja2VuZCI6ImRqYW5nby5jb250cmliLmF1dGguYmFja2VuZHMuTW9kZWxCYWNrZW5kIn0=	2016-09-08 11:20:39.114452-05
tlzsr15pkba01ekw447upetlt1gx9qnw	YzA3Zjc5YzMzNzk1NjYxOGMyMmFkNTI5MDI0NjYxNGIwYjE0OWMxMjp7Il9hdXRoX3VzZXJfaGFzaCI6Ijg2MDY0ZjQ4MTMzODZlYjRhMTFjY2Y1NTE2MzMwZjM4OTVkOTcwZWEiLCJfYXV0aF91c2VyX2JhY2tlbmQiOiJkamFuZ28uY29udHJpYi5hdXRoLmJhY2tlbmRzLk1vZGVsQmFja2VuZCIsIl9hdXRoX3VzZXJfaWQiOiIxMDIifQ==	2016-09-05 12:21:26.095295-05
yxbs4u8js33rglc1kusfd6sqcqe5i9py	ZjAxNDc5NWVkZTA1ZTE5ZjlhNDk5OGM1ZjZhYmU4ZjAyYjUzOTQ4NDp7Il9hdXRoX3VzZXJfaWQiOiIzIiwiX2F1dGhfdXNlcl9oYXNoIjoiN2QxOGI3ZTlkMWI3NzlkNDJmMmVjYmFhZmYwZjY4MTJlN2U1Y2FhOCIsIl9hdXRoX3VzZXJfYmFja2VuZCI6ImRqYW5nby5jb250cmliLmF1dGguYmFja2VuZHMuTW9kZWxCYWNrZW5kIn0=	2016-09-07 15:34:49.573163-05
mjksiv27n0rj9r3lhwqumf9n2b4v4vma	MWE3ZDkwM2VkZTI4ZDVlZTg5NTE0OWI5NWVmNTZiNDkxN2E0MzNmYjp7Il9hdXRoX3VzZXJfaGFzaCI6IjkwMzZjNDYxMjgyMDVhNjAxMzgwNGQ1NzQxNTJiZGMwN2RkNDJhZmIiLCJfYXV0aF91c2VyX2lkIjoiMTUiLCJfYXV0aF91c2VyX2JhY2tlbmQiOiJkamFuZ28uY29udHJpYi5hdXRoLmJhY2tlbmRzLk1vZGVsQmFja2VuZCJ9	2016-09-06 16:53:16.589805-05
imvqiif0zm1a44cgcqrajv9i58inmogd	NmExMWY4OGYwNjQ2NzU4NDUzZjcwOWEzYTY1NmMwYTVhOWFkY2JjMDp7Il9hdXRoX3VzZXJfaWQiOiIxNSIsIl9hdXRoX3VzZXJfYmFja2VuZCI6ImRqYW5nby5jb250cmliLmF1dGguYmFja2VuZHMuTW9kZWxCYWNrZW5kIiwiX2F1dGhfdXNlcl9oYXNoIjoiOTAzNmM0NjEyODIwNWE2MDEzODA0ZDU3NDE1MmJkYzA3ZGQ0MmFmYiJ9	2016-09-08 16:55:57.917948-05
q33f2nrkj4mxbj88tfdblqkhba397dwi	MDVhZjI0ZjE2MDI3Yzg2NjI2MTM0ZDRjOWQwMWMzYTRjNjExZmI2NDp7Il9hdXRoX3VzZXJfaWQiOiIxNSIsIl9hdXRoX3VzZXJfaGFzaCI6IjkwMzZjNDYxMjgyMDVhNjAxMzgwNGQ1NzQxNTJiZGMwN2RkNDJhZmIiLCJfYXV0aF91c2VyX2JhY2tlbmQiOiJkamFuZ28uY29udHJpYi5hdXRoLmJhY2tlbmRzLk1vZGVsQmFja2VuZCJ9	2016-09-07 15:58:21.48045-05
n0mud3wxsos1hosjlsrkml0jv32fyibt	NThiMTUyMGQxNGEzNjNhZmI0NzdjNGYzMTk0NzQ4ZDg0OTU0N2QyZjp7Il9hdXRoX3VzZXJfaWQiOiI0IiwiX2F1dGhfdXNlcl9iYWNrZW5kIjoiZGphbmdvLmNvbnRyaWIuYXV0aC5iYWNrZW5kcy5Nb2RlbEJhY2tlbmQiLCJfYXV0aF91c2VyX2hhc2giOiI0MjNmMTYzNGE4MTMzN2Q4NjdlZjZkMTI4NDZjYWM4NzQxZjNlNDVmIn0=	2016-09-08 18:38:21.540293-05
289ik58bkl4vm9cycb2g2ct75s7qavob	ZmM5OWI1Y2Y5NDI0NjVjZjBkYmYxODQ2ZmZmNGUzNzZjMTVjODc2NDp7Il9hdXRoX3VzZXJfaGFzaCI6IjYxOTcyNmVjNDQwYWU4ZGQwZWE2OGRlMjAyNTgzZWU3NzAzNjUwNGUiLCJfYXV0aF91c2VyX2lkIjoiMTA5IiwiX2F1dGhfdXNlcl9iYWNrZW5kIjoiZGphbmdvLmNvbnRyaWIuYXV0aC5iYWNrZW5kcy5Nb2RlbEJhY2tlbmQifQ==	2016-09-07 11:49:08.190338-05
a9jq6w2cs19fchm5so4w4djd7mmp9btw	YWFlNzA3OTM4MmFlZmY1NTc5MjczMTNkNDAwYjBhMjQ3NGRjNzRhNTp7Il9hdXRoX3VzZXJfYmFja2VuZCI6ImRqYW5nby5jb250cmliLmF1dGguYmFja2VuZHMuTW9kZWxCYWNrZW5kIiwiX2F1dGhfdXNlcl9pZCI6Ijc0IiwiX2F1dGhfdXNlcl9oYXNoIjoiNzFkNWI4MThhMWU3NDViNmIwMzNjMGY2Y2JmZTFiNWU2ZWE4N2JjNyJ9	2016-09-26 13:21:32.74488-05
tkln0aik7jd5oirz8jxbn1lyjlc62a1i	MWE3ZDkwM2VkZTI4ZDVlZTg5NTE0OWI5NWVmNTZiNDkxN2E0MzNmYjp7Il9hdXRoX3VzZXJfaGFzaCI6IjkwMzZjNDYxMjgyMDVhNjAxMzgwNGQ1NzQxNTJiZGMwN2RkNDJhZmIiLCJfYXV0aF91c2VyX2lkIjoiMTUiLCJfYXV0aF91c2VyX2JhY2tlbmQiOiJkamFuZ28uY29udHJpYi5hdXRoLmJhY2tlbmRzLk1vZGVsQmFja2VuZCJ9	2016-09-07 13:10:42.828149-05
cdwoyaibz1pzxr76ynr75swdpmhr2c9c	MzkyZjYwMmI1NDNlZDdjODJkYzAzNWJiNDIwNjExYjNhNmNmODM3Zjp7ImZhY2Vib29rX3N0YXRlIjoiY3pSamhtcWxXc1J1TTd3dEdaT1BDY01qcUhjNms3YjQiLCJfYXV0aF91c2VyX2lkIjoiMTEzIiwiX2F1dGhfdXNlcl9oYXNoIjoiZGM1M2NjNWQxOTMxMjllMWViNzM2N2E5YTk2YjNkMzUxNDFhYzcxYyIsIl9hdXRoX3VzZXJfYmFja2VuZCI6ImRqYW5nby5jb250cmliLmF1dGguYmFja2VuZHMuTW9kZWxCYWNrZW5kIn0=	2016-09-09 16:58:33.369157-05
ni44kc3akjiqoabhyljla3ojw74glm96	MDVhZjI0ZjE2MDI3Yzg2NjI2MTM0ZDRjOWQwMWMzYTRjNjExZmI2NDp7Il9hdXRoX3VzZXJfaWQiOiIxNSIsIl9hdXRoX3VzZXJfaGFzaCI6IjkwMzZjNDYxMjgyMDVhNjAxMzgwNGQ1NzQxNTJiZGMwN2RkNDJhZmIiLCJfYXV0aF91c2VyX2JhY2tlbmQiOiJkamFuZ28uY29udHJpYi5hdXRoLmJhY2tlbmRzLk1vZGVsQmFja2VuZCJ9	2016-09-06 15:04:03.141762-05
vc55imvyhkei2dykeyy8tzb4wvmacawf	ZTE5ODBiYjQ3NGYzMGM5N2Y5YmQxMTQ4M2U4YTMwMDBkYmEyNzFlZjp7Il9hdXRoX3VzZXJfYmFja2VuZCI6ImRqYW5nby5jb250cmliLmF1dGguYmFja2VuZHMuTW9kZWxCYWNrZW5kIiwiX2F1dGhfdXNlcl9pZCI6IjEyNyIsIl9hdXRoX3VzZXJfaGFzaCI6ImY5NjY2MTZjNjkwYmExOWY2ZjAyN2FlMjVjYmZhYjMzOWFmYzYxMjcifQ==	2016-09-12 14:07:59.711978-05
b5z11sa8h5td1zgspridy7l0udjopup3	NTQ4NjdlOTY1MzlkZDI1MTYyZWVkNzk2ODM5OTZjMzJlNjgxZjQ5Yjp7Il9hdXRoX3VzZXJfaWQiOiIxMTMiLCJfYXV0aF91c2VyX2hhc2giOiIwYzAxM2RmYmZkYWY2ZTUzYTUzOWMwNzRlNTYyOTIxYTYwZWNiNmU0IiwiX2F1dGhfdXNlcl9iYWNrZW5kIjoiZGphbmdvLmNvbnRyaWIuYXV0aC5iYWNrZW5kcy5Nb2RlbEJhY2tlbmQifQ==	2016-09-08 09:55:14.954974-05
rlda6645w6913n9nbt4msixovvkm0nxh	NzI0YzU3NmM2OTZkZWFmY2E3Y2RkYjNmNjI2OTA0Zjk4ZWZkMzI5MTp7Il9hdXRoX3VzZXJfaWQiOiIxNSIsIl9hdXRoX3VzZXJfaGFzaCI6IjlmNDcyN2ZhYTA1OTNhNGYyMzUzZWZiYWY5ZTExOTk5OWY0ZTJlZmQiLCJfYXV0aF91c2VyX2JhY2tlbmQiOiJkamFuZ28uY29udHJpYi5hdXRoLmJhY2tlbmRzLk1vZGVsQmFja2VuZCJ9	2016-09-13 18:19:50.606018-05
h1hyyh110qll6no9qo1bwpei8jnm136z	NGM0MDQwOTM1YmVjMDFjYmFlMzMyYmIyZjZlYjI5MjM5NGQyNWQyZTp7Il9hdXRoX3VzZXJfaGFzaCI6IjdkMThiN2U5ZDFiNzc5ZDQyZjJlY2JhYWZmMGY2ODEyZTdlNWNhYTgiLCJfYXV0aF91c2VyX2lkIjoiMyIsIl9hdXRoX3VzZXJfYmFja2VuZCI6ImRqYW5nby5jb250cmliLmF1dGguYmFja2VuZHMuTW9kZWxCYWNrZW5kIn0=	2016-09-05 15:56:48.417956-05
tu8j09e86vukb668pezxq5rwjg46fx0e	ZjUyNWYyYjdkNmYyODFjZDg4NmNlYTY3OTM0OTM3ZGQ1ODJkNjFkODp7Il9hdXRoX3VzZXJfaWQiOiI5OSIsIl9hdXRoX3VzZXJfaGFzaCI6IjMwNTVhODliNjBmNjk5MDc2NTRjOGJiMDY0MjIxZGFmZjMwYWFmNTkiLCJfYXV0aF91c2VyX2JhY2tlbmQiOiJkamFuZ28uY29udHJpYi5hdXRoLmJhY2tlbmRzLk1vZGVsQmFja2VuZCJ9	2016-09-01 17:35:33.154423-05
v37gnu24jqgy9c4jxyeh24fidgtygtxj	NThiMTUyMGQxNGEzNjNhZmI0NzdjNGYzMTk0NzQ4ZDg0OTU0N2QyZjp7Il9hdXRoX3VzZXJfaWQiOiI0IiwiX2F1dGhfdXNlcl9iYWNrZW5kIjoiZGphbmdvLmNvbnRyaWIuYXV0aC5iYWNrZW5kcy5Nb2RlbEJhY2tlbmQiLCJfYXV0aF91c2VyX2hhc2giOiI0MjNmMTYzNGE4MTMzN2Q4NjdlZjZkMTI4NDZjYWM4NzQxZjNlNDVmIn0=	2016-09-02 10:54:07.654082-05
f90e3hyt0e3r1s33uuo6sbxfp30n4gf3	ZWE5MGJiZThiY2Y5Y2U0YTA2YmYyZjhkMDNiMjI2YmRlYjg1NjM5OTp7Il9hdXRoX3VzZXJfaGFzaCI6IjQyM2YxNjM0YTgxMzM3ZDg2N2VmNmQxMjg0NmNhYzg3NDFmM2U0NWYiLCJfYXV0aF91c2VyX2lkIjoiNCIsIl9hdXRoX3VzZXJfYmFja2VuZCI6ImRqYW5nby5jb250cmliLmF1dGguYmFja2VuZHMuTW9kZWxCYWNrZW5kIn0=	2016-09-07 14:24:30.819179-05
itdheey5lyosmf0sx3b9f6v7zsxgoskm	ODgxYTNmM2Q1ZDkwNDEwZDY1ODJiMWMwYzA5OTM2M2ExNmEzZWNkNTp7Il9hdXRoX3VzZXJfaGFzaCI6IjBiY2QwODU4ZmIzZTMyOGFmZGVlMjJmYzAyNzFhY2MyMzBmM2NkOGIiLCJfYXV0aF91c2VyX2JhY2tlbmQiOiJkamFuZ28uY29udHJpYi5hdXRoLmJhY2tlbmRzLk1vZGVsQmFja2VuZCIsIl9hdXRoX3VzZXJfaWQiOiIyIn0=	2016-09-05 16:11:48.280019-05
repffs4arsf74hr3sln42fdnhb1mc5wz	NmExMWY4OGYwNjQ2NzU4NDUzZjcwOWEzYTY1NmMwYTVhOWFkY2JjMDp7Il9hdXRoX3VzZXJfaWQiOiIxNSIsIl9hdXRoX3VzZXJfYmFja2VuZCI6ImRqYW5nby5jb250cmliLmF1dGguYmFja2VuZHMuTW9kZWxCYWNrZW5kIiwiX2F1dGhfdXNlcl9oYXNoIjoiOTAzNmM0NjEyODIwNWE2MDEzODA0ZDU3NDE1MmJkYzA3ZGQ0MmFmYiJ9	2016-09-02 17:56:18.487909-05
g3i6y6s700clvk05pv3nkj6tw5i8280d	M2ZkZjIyZDdiMWFlNTI3OTY3MmRiMzg2MjQ3MDNjZGZiNGU4MzBkMjp7Imdvb2dsZS1vYXV0aDJfc3RhdGUiOiI5TXB0a3ZFYjhwQ2NmV2xSQUR3bTUzS042a2hVZVlQayIsImZhY2Vib29rX3N0YXRlIjoiTm1ERFRsbjJCTWkza0Fndjc5dTg5Rm9xMVg4UU53THEifQ==	2016-09-21 20:58:18.014249-05
s5ak7255pah0b414ydw5kagmeq95s8ah	MDVhZjI0ZjE2MDI3Yzg2NjI2MTM0ZDRjOWQwMWMzYTRjNjExZmI2NDp7Il9hdXRoX3VzZXJfaWQiOiIxNSIsIl9hdXRoX3VzZXJfaGFzaCI6IjkwMzZjNDYxMjgyMDVhNjAxMzgwNGQ1NzQxNTJiZGMwN2RkNDJhZmIiLCJfYXV0aF91c2VyX2JhY2tlbmQiOiJkamFuZ28uY29udHJpYi5hdXRoLmJhY2tlbmRzLk1vZGVsQmFja2VuZCJ9	2016-09-02 18:56:02.514593-05
xvnxsb1sab062mg2kb0ql06n9dor5yuj	NzVlMzJlMTRiNTc0ODIzZGVhZWYwNTEwNTBiMDI5YzVjOGQzMGVkMzp7Il9hdXRoX3VzZXJfYmFja2VuZCI6ImRqYW5nby5jb250cmliLmF1dGguYmFja2VuZHMuTW9kZWxCYWNrZW5kIiwiX2F1dGhfdXNlcl9pZCI6IjExIiwiX2F1dGhfdXNlcl9oYXNoIjoiN2YwYTgzNzdiNDEwN2U0NThkNDM1Y2NjN2FiODFkYjFhODViY2Y5OCJ9	2016-09-08 16:54:16.4105-05
fp7uxbvokmf8qi6as1zsivprlm0ubkjn	ODZkODE0MmZhM2QyOWE1ZjBlNzZmYWNjMmY0MThkNjM5YTRjZTBkNjp7Il9hdXRoX3VzZXJfaWQiOiI0IiwiX2F1dGhfdXNlcl9oYXNoIjoiNDIzZjE2MzRhODEzMzdkODY3ZWY2ZDEyODQ2Y2FjODc0MWYzZTQ1ZiIsIl9hdXRoX3VzZXJfYmFja2VuZCI6ImRqYW5nby5jb250cmliLmF1dGguYmFja2VuZHMuTW9kZWxCYWNrZW5kIn0=	2016-09-07 15:59:13.389845-05
ta5qzd4my4rpcrl6ao2maiw86vz6p2j1	ZTM4MDRiMThiMmI0ZDEyNWMxYzg2NGFkMDkxZTRmOTE3Nzg3N2MzODp7Il9hdXRoX3VzZXJfYmFja2VuZCI6ImRqYW5nby5jb250cmliLmF1dGguYmFja2VuZHMuTW9kZWxCYWNrZW5kIiwiX2F1dGhfdXNlcl9oYXNoIjoiZGZmZjVhMTEyMDdjNjEwMTZhM2ZkYjkyYTgzODU4MjU1NGQwZjI3YSIsIl9hdXRoX3VzZXJfaWQiOiI3NiJ9	2016-09-07 16:25:11.879198-05
yz82ro9283tzmdkryubls2jhnyeb47ta	NGM2YWU2ZjhjMjQwY2FlMzk0YjQzMmZhYzkxYWE0MDg4YzhmZGVmMzp7Il9hdXRoX3VzZXJfaWQiOiIzIiwiX2F1dGhfdXNlcl9iYWNrZW5kIjoiZGphbmdvLmNvbnRyaWIuYXV0aC5iYWNrZW5kcy5Nb2RlbEJhY2tlbmQiLCJfYXV0aF91c2VyX2hhc2giOiI3ZDE4YjdlOWQxYjc3OWQ0MmYyZWNiYWFmZjBmNjgxMmU3ZTVjYWE4In0=	2016-09-06 10:15:34.977523-05
ukx57bu9pj8rbq5xmn2icw8xpp014xjf	ZDQ2NGY4NWZlZjE0NGZjOGE1Y2Y2NDFhYTNlNzFjZDhkNGVkMzExYjp7Il9hdXRoX3VzZXJfYmFja2VuZCI6ImRqYW5nby5jb250cmliLmF1dGguYmFja2VuZHMuTW9kZWxCYWNrZW5kIiwiX2F1dGhfdXNlcl9pZCI6IjMiLCJfYXV0aF91c2VyX2hhc2giOiI3ZDE4YjdlOWQxYjc3OWQ0MmYyZWNiYWFmZjBmNjgxMmU3ZTVjYWE4In0=	2016-09-08 16:59:06.451673-05
ej8fg8xah0lul9wf18ps605g359mltv0	YTU2ZmZhYjQ1MjlhYjU5YzJjYTk5YjdiYzQyM2ZjOTZjNGUyN2VmYzp7Il9hdXRoX3VzZXJfaWQiOiIyIiwiX2F1dGhfdXNlcl9oYXNoIjoiMGJjZDA4NThmYjNlMzI4YWZkZWUyMmZjMDI3MWFjYzIzMGYzY2Q4YiIsIl9hdXRoX3VzZXJfYmFja2VuZCI6ImRqYW5nby5jb250cmliLmF1dGguYmFja2VuZHMuTW9kZWxCYWNrZW5kIn0=	2016-09-02 13:57:10.880321-05
fcwjmp8keg0p3bahwzk18llvi8y12zfp	NGM0MDQwOTM1YmVjMDFjYmFlMzMyYmIyZjZlYjI5MjM5NGQyNWQyZTp7Il9hdXRoX3VzZXJfaGFzaCI6IjdkMThiN2U5ZDFiNzc5ZDQyZjJlY2JhYWZmMGY2ODEyZTdlNWNhYTgiLCJfYXV0aF91c2VyX2lkIjoiMyIsIl9hdXRoX3VzZXJfYmFja2VuZCI6ImRqYW5nby5jb250cmliLmF1dGguYmFja2VuZHMuTW9kZWxCYWNrZW5kIn0=	2016-09-06 16:34:31.538127-05
4627ndiamgtuv9nqtday5ch54h27b8tl	NWJkOTFkOGM5OTE4ZTg3YzdiNjc1YmRkZDQ1Y2Q5MDA2YjdmYzI3Yzp7Il9hdXRoX3VzZXJfYmFja2VuZCI6ImRqYW5nby5jb250cmliLmF1dGguYmFja2VuZHMuTW9kZWxCYWNrZW5kIiwiX2F1dGhfdXNlcl9pZCI6IjE1IiwiX2F1dGhfdXNlcl9oYXNoIjoiOTAzNmM0NjEyODIwNWE2MDEzODA0ZDU3NDE1MmJkYzA3ZGQ0MmFmYiJ9	2016-09-06 13:03:53.145226-05
yo3zqwllfw1114acpfctocxrxn7xz0w5	NmExMWY4OGYwNjQ2NzU4NDUzZjcwOWEzYTY1NmMwYTVhOWFkY2JjMDp7Il9hdXRoX3VzZXJfaWQiOiIxNSIsIl9hdXRoX3VzZXJfYmFja2VuZCI6ImRqYW5nby5jb250cmliLmF1dGguYmFja2VuZHMuTW9kZWxCYWNrZW5kIiwiX2F1dGhfdXNlcl9oYXNoIjoiOTAzNmM0NjEyODIwNWE2MDEzODA0ZDU3NDE1MmJkYzA3ZGQ0MmFmYiJ9	2016-09-07 12:43:17.760333-05
o1r5oi1rbrvmgwa74j6lq9ux5mq1fohm	NmIyZWNmNGMyZTlmZjEzMzc5OWRkYzNhMzE3NTlkNjhiYTU2MDY3Zjp7Il9hdXRoX3VzZXJfaGFzaCI6IjkwMzZjNDYxMjgyMDVhNjAxMzgwNGQ1NzQxNTJiZGMwN2RkNDJhZmIiLCJfYXV0aF91c2VyX2JhY2tlbmQiOiJkamFuZ28uY29udHJpYi5hdXRoLmJhY2tlbmRzLk1vZGVsQmFja2VuZCIsIl9hdXRoX3VzZXJfaWQiOiIxNSJ9	2016-09-02 10:27:07.656405-05
jt784f4ktcy31ypai7miamggvn3n12xm	M2IwOTExNDNiYjI2NDViODZjZmYzZjhhYWFhMzk3MzhhODA1N2NjZjp7Il9hdXRoX3VzZXJfYmFja2VuZCI6ImRqYW5nby5jb250cmliLmF1dGguYmFja2VuZHMuTW9kZWxCYWNrZW5kIiwiX2F1dGhfdXNlcl9pZCI6IjQiLCJfYXV0aF91c2VyX2hhc2giOiI0MjNmMTYzNGE4MTMzN2Q4NjdlZjZkMTI4NDZjYWM4NzQxZjNlNDVmIn0=	2016-08-31 17:34:07.559034-05
2eaei4f4mw7n97ohfiiaqpjbect47btd	M2IwOTExNDNiYjI2NDViODZjZmYzZjhhYWFhMzk3MzhhODA1N2NjZjp7Il9hdXRoX3VzZXJfYmFja2VuZCI6ImRqYW5nby5jb250cmliLmF1dGguYmFja2VuZHMuTW9kZWxCYWNrZW5kIiwiX2F1dGhfdXNlcl9pZCI6IjQiLCJfYXV0aF91c2VyX2hhc2giOiI0MjNmMTYzNGE4MTMzN2Q4NjdlZjZkMTI4NDZjYWM4NzQxZjNlNDVmIn0=	2016-09-06 13:22:16.560812-05
90thbcpk9qjogo8couyi0m2kmr1mmz6o	ZTE5ODBiYjQ3NGYzMGM5N2Y5YmQxMTQ4M2U4YTMwMDBkYmEyNzFlZjp7Il9hdXRoX3VzZXJfYmFja2VuZCI6ImRqYW5nby5jb250cmliLmF1dGguYmFja2VuZHMuTW9kZWxCYWNrZW5kIiwiX2F1dGhfdXNlcl9pZCI6IjEyNyIsIl9hdXRoX3VzZXJfaGFzaCI6ImY5NjY2MTZjNjkwYmExOWY2ZjAyN2FlMjVjYmZhYjMzOWFmYzYxMjcifQ==	2016-09-13 18:27:22.645313-05
eepevuemhz41okv08r5jwcgrcctwqtf7	ZjAxNDc5NWVkZTA1ZTE5ZjlhNDk5OGM1ZjZhYmU4ZjAyYjUzOTQ4NDp7Il9hdXRoX3VzZXJfaWQiOiIzIiwiX2F1dGhfdXNlcl9oYXNoIjoiN2QxOGI3ZTlkMWI3NzlkNDJmMmVjYmFhZmYwZjY4MTJlN2U1Y2FhOCIsIl9hdXRoX3VzZXJfYmFja2VuZCI6ImRqYW5nby5jb250cmliLmF1dGguYmFja2VuZHMuTW9kZWxCYWNrZW5kIn0=	2016-09-08 12:08:43.086356-05
qc6i4z83o2hgsw837e48e980ka883oeu	NWJkOTFkOGM5OTE4ZTg3YzdiNjc1YmRkZDQ1Y2Q5MDA2YjdmYzI3Yzp7Il9hdXRoX3VzZXJfYmFja2VuZCI6ImRqYW5nby5jb250cmliLmF1dGguYmFja2VuZHMuTW9kZWxCYWNrZW5kIiwiX2F1dGhfdXNlcl9pZCI6IjE1IiwiX2F1dGhfdXNlcl9oYXNoIjoiOTAzNmM0NjEyODIwNWE2MDEzODA0ZDU3NDE1MmJkYzA3ZGQ0MmFmYiJ9	2016-08-31 18:06:37.001402-05
kfcfifq3qjlzot6ji4200vm5fj33q91z	OTM0YjY4NDA0M2MyODY3NDA1Y2ZhMjkyZjE2YWEwYmQxMDdmYmI3Nzp7Il9hdXRoX3VzZXJfYmFja2VuZCI6ImRqYW5nby5jb250cmliLmF1dGguYmFja2VuZHMuTW9kZWxCYWNrZW5kIiwiX2F1dGhfdXNlcl9oYXNoIjoiNDIzZjE2MzRhODEzMzdkODY3ZWY2ZDEyODQ2Y2FjODc0MWYzZTQ1ZiIsIl9hdXRoX3VzZXJfaWQiOiI0In0=	2016-08-31 18:11:16.341093-05
6svrjocl8xnwlw1ezn130smiox0o6bk8	ZWE5MGJiZThiY2Y5Y2U0YTA2YmYyZjhkMDNiMjI2YmRlYjg1NjM5OTp7Il9hdXRoX3VzZXJfaGFzaCI6IjQyM2YxNjM0YTgxMzM3ZDg2N2VmNmQxMjg0NmNhYzg3NDFmM2U0NWYiLCJfYXV0aF91c2VyX2lkIjoiNCIsIl9hdXRoX3VzZXJfYmFja2VuZCI6ImRqYW5nby5jb250cmliLmF1dGguYmFja2VuZHMuTW9kZWxCYWNrZW5kIn0=	2016-09-05 15:52:04.148959-05
9w9saqzrrwhdee9usp6c4icfhxecsdjq	NWJkOTFkOGM5OTE4ZTg3YzdiNjc1YmRkZDQ1Y2Q5MDA2YjdmYzI3Yzp7Il9hdXRoX3VzZXJfYmFja2VuZCI6ImRqYW5nby5jb250cmliLmF1dGguYmFja2VuZHMuTW9kZWxCYWNrZW5kIiwiX2F1dGhfdXNlcl9pZCI6IjE1IiwiX2F1dGhfdXNlcl9oYXNoIjoiOTAzNmM0NjEyODIwNWE2MDEzODA0ZDU3NDE1MmJkYzA3ZGQ0MmFmYiJ9	2016-09-01 17:35:51.79785-05
lia1qdp5yl112tv3njyxssep2a59sunv	NmExMWY4OGYwNjQ2NzU4NDUzZjcwOWEzYTY1NmMwYTVhOWFkY2JjMDp7Il9hdXRoX3VzZXJfaWQiOiIxNSIsIl9hdXRoX3VzZXJfYmFja2VuZCI6ImRqYW5nby5jb250cmliLmF1dGguYmFja2VuZHMuTW9kZWxCYWNrZW5kIiwiX2F1dGhfdXNlcl9oYXNoIjoiOTAzNmM0NjEyODIwNWE2MDEzODA0ZDU3NDE1MmJkYzA3ZGQ0MmFmYiJ9	2016-09-02 17:53:04.635089-05
nwdo7x15kl0ilu7oarrzirxev5kjwem5	ZGUwZTk0ZGM4NDEyODIxMDVkNzI4MmU3MGQyYWIwYWM3OWYxMWZiNDp7Il9hdXRoX3VzZXJfaWQiOiIxMTQiLCJfYXV0aF91c2VyX2hhc2giOiJkZmI2MzdjMmRmNTkwNjgxNjdlZTFmOTY5ZjA3ZmFlMzM2N2YxNjNhIiwiX2F1dGhfdXNlcl9iYWNrZW5kIjoiZGphbmdvLmNvbnRyaWIuYXV0aC5iYWNrZW5kcy5Nb2RlbEJhY2tlbmQifQ==	2016-09-08 09:56:09.092732-05
ybtc5rvzzsss520iajsnoqvvsgi3l2xr	YTE3YTlkZGNhYWEyODVkY2Q2YWFiOTFiMzhhMjBjZGRhNWMyYzRmNDp7Il9hdXRoX3VzZXJfaGFzaCI6ImRmZmY1YTExMjA3YzYxMDE2YTNmZGI5MmE4Mzg1ODI1NTRkMGYyN2EiLCJfYXV0aF91c2VyX2JhY2tlbmQiOiJkamFuZ28uY29udHJpYi5hdXRoLmJhY2tlbmRzLk1vZGVsQmFja2VuZCIsIl9hdXRoX3VzZXJfaWQiOiI3NiJ9	2016-09-07 15:28:16.60513-05
53ppy6gusohi2i7sx9sqodsxojqnc827	OTM0YjY4NDA0M2MyODY3NDA1Y2ZhMjkyZjE2YWEwYmQxMDdmYmI3Nzp7Il9hdXRoX3VzZXJfYmFja2VuZCI6ImRqYW5nby5jb250cmliLmF1dGguYmFja2VuZHMuTW9kZWxCYWNrZW5kIiwiX2F1dGhfdXNlcl9oYXNoIjoiNDIzZjE2MzRhODEzMzdkODY3ZWY2ZDEyODQ2Y2FjODc0MWYzZTQ1ZiIsIl9hdXRoX3VzZXJfaWQiOiI0In0=	2016-09-06 16:19:01.599785-05
3yslofcdizucfmmvybmkblj5os2st68i	NGJhYWI2NmViNzk3YmNhMzljN2ExZjVmZDkxNjkxMjc5Y2IwNmZjOTp7Il9hdXRoX3VzZXJfYmFja2VuZCI6ImRqYW5nby5jb250cmliLmF1dGguYmFja2VuZHMuTW9kZWxCYWNrZW5kIiwiX2F1dGhfdXNlcl9oYXNoIjoiOTAzNmM0NjEyODIwNWE2MDEzODA0ZDU3NDE1MmJkYzA3ZGQ0MmFmYiIsIl9hdXRoX3VzZXJfaWQiOiIxNSJ9	2016-09-02 13:43:36.173033-05
cd0fz2w4xn7wrz0sh1vaswmzgqo2hdyi	ODgxYTNmM2Q1ZDkwNDEwZDY1ODJiMWMwYzA5OTM2M2ExNmEzZWNkNTp7Il9hdXRoX3VzZXJfaGFzaCI6IjBiY2QwODU4ZmIzZTMyOGFmZGVlMjJmYzAyNzFhY2MyMzBmM2NkOGIiLCJfYXV0aF91c2VyX2JhY2tlbmQiOiJkamFuZ28uY29udHJpYi5hdXRoLmJhY2tlbmRzLk1vZGVsQmFja2VuZCIsIl9hdXRoX3VzZXJfaWQiOiIyIn0=	2016-09-01 19:19:28.273249-05
mfivzgb2bv31q4rgadb37fr8bk2r85yn	OTM0YjY4NDA0M2MyODY3NDA1Y2ZhMjkyZjE2YWEwYmQxMDdmYmI3Nzp7Il9hdXRoX3VzZXJfYmFja2VuZCI6ImRqYW5nby5jb250cmliLmF1dGguYmFja2VuZHMuTW9kZWxCYWNrZW5kIiwiX2F1dGhfdXNlcl9oYXNoIjoiNDIzZjE2MzRhODEzMzdkODY3ZWY2ZDEyODQ2Y2FjODc0MWYzZTQ1ZiIsIl9hdXRoX3VzZXJfaWQiOiI0In0=	2016-09-02 08:15:23.086715-05
1l6b13j7fvx88ig3tx0xas48jxfedn8x	NGJhYWI2NmViNzk3YmNhMzljN2ExZjVmZDkxNjkxMjc5Y2IwNmZjOTp7Il9hdXRoX3VzZXJfYmFja2VuZCI6ImRqYW5nby5jb250cmliLmF1dGguYmFja2VuZHMuTW9kZWxCYWNrZW5kIiwiX2F1dGhfdXNlcl9oYXNoIjoiOTAzNmM0NjEyODIwNWE2MDEzODA0ZDU3NDE1MmJkYzA3ZGQ0MmFmYiIsIl9hdXRoX3VzZXJfaWQiOiIxNSJ9	2016-09-02 13:48:55.78651-05
ilh7pswyjueaiv1z6685giy1vu8mpqrl	NDAyNTU5YzAwYjJkMTI3OGE1NDJjM2EwYThmNGExOGJkYjBhYTYzMjp7Il9hdXRoX3VzZXJfaGFzaCI6IjdkMThiN2U5ZDFiNzc5ZDQyZjJlY2JhYWZmMGY2ODEyZTdlNWNhYTgiLCJfYXV0aF91c2VyX2JhY2tlbmQiOiJkamFuZ28uY29udHJpYi5hdXRoLmJhY2tlbmRzLk1vZGVsQmFja2VuZCIsIl9hdXRoX3VzZXJfaWQiOiIzIn0=	2016-09-05 11:03:36.491363-05
s6ldfi7wd2l8mnbd635ixo2j88u0hsfd	NmExMWY4OGYwNjQ2NzU4NDUzZjcwOWEzYTY1NmMwYTVhOWFkY2JjMDp7Il9hdXRoX3VzZXJfaWQiOiIxNSIsIl9hdXRoX3VzZXJfYmFja2VuZCI6ImRqYW5nby5jb250cmliLmF1dGguYmFja2VuZHMuTW9kZWxCYWNrZW5kIiwiX2F1dGhfdXNlcl9oYXNoIjoiOTAzNmM0NjEyODIwNWE2MDEzODA0ZDU3NDE1MmJkYzA3ZGQ0MmFmYiJ9	2016-09-05 11:14:07.498856-05
j40bmcfctew3f0ypoamu4mfdju4dv81i	ZDQ2NGY4NWZlZjE0NGZjOGE1Y2Y2NDFhYTNlNzFjZDhkNGVkMzExYjp7Il9hdXRoX3VzZXJfYmFja2VuZCI6ImRqYW5nby5jb250cmliLmF1dGguYmFja2VuZHMuTW9kZWxCYWNrZW5kIiwiX2F1dGhfdXNlcl9pZCI6IjMiLCJfYXV0aF91c2VyX2hhc2giOiI3ZDE4YjdlOWQxYjc3OWQ0MmYyZWNiYWFmZjBmNjgxMmU3ZTVjYWE4In0=	2016-09-06 16:43:54.010997-05
4edy7pkhbau4qc2no6u0umj0ostc7rj8	MWE3ZDkwM2VkZTI4ZDVlZTg5NTE0OWI5NWVmNTZiNDkxN2E0MzNmYjp7Il9hdXRoX3VzZXJfaGFzaCI6IjkwMzZjNDYxMjgyMDVhNjAxMzgwNGQ1NzQxNTJiZGMwN2RkNDJhZmIiLCJfYXV0aF91c2VyX2lkIjoiMTUiLCJfYXV0aF91c2VyX2JhY2tlbmQiOiJkamFuZ28uY29udHJpYi5hdXRoLmJhY2tlbmRzLk1vZGVsQmFja2VuZCJ9	2016-09-02 16:30:46.998224-05
sjxjynivma3iicfb14evq2e5j2l9ai6p	NmExMWY4OGYwNjQ2NzU4NDUzZjcwOWEzYTY1NmMwYTVhOWFkY2JjMDp7Il9hdXRoX3VzZXJfaWQiOiIxNSIsIl9hdXRoX3VzZXJfYmFja2VuZCI6ImRqYW5nby5jb250cmliLmF1dGguYmFja2VuZHMuTW9kZWxCYWNrZW5kIiwiX2F1dGhfdXNlcl9oYXNoIjoiOTAzNmM0NjEyODIwNWE2MDEzODA0ZDU3NDE1MmJkYzA3ZGQ0MmFmYiJ9	2016-09-05 12:24:10.409005-05
uyj5q1h7fp8tejene8wb9yndpcfka90j	NmExMWY4OGYwNjQ2NzU4NDUzZjcwOWEzYTY1NmMwYTVhOWFkY2JjMDp7Il9hdXRoX3VzZXJfaWQiOiIxNSIsIl9hdXRoX3VzZXJfYmFja2VuZCI6ImRqYW5nby5jb250cmliLmF1dGguYmFja2VuZHMuTW9kZWxCYWNrZW5kIiwiX2F1dGhfdXNlcl9oYXNoIjoiOTAzNmM0NjEyODIwNWE2MDEzODA0ZDU3NDE1MmJkYzA3ZGQ0MmFmYiJ9	2016-09-07 12:43:35.07101-05
b43mes74yg4do9nxc5sywrbyfftm2t7q	MDVhZjI0ZjE2MDI3Yzg2NjI2MTM0ZDRjOWQwMWMzYTRjNjExZmI2NDp7Il9hdXRoX3VzZXJfaWQiOiIxNSIsIl9hdXRoX3VzZXJfaGFzaCI6IjkwMzZjNDYxMjgyMDVhNjAxMzgwNGQ1NzQxNTJiZGMwN2RkNDJhZmIiLCJfYXV0aF91c2VyX2JhY2tlbmQiOiJkamFuZ28uY29udHJpYi5hdXRoLmJhY2tlbmRzLk1vZGVsQmFja2VuZCJ9	2016-09-06 17:24:35.411109-05
v8a2m3m1rwrssfi44zgiimqjixhx510u	MmRiYjI2ZTM2Nzk1OTlkNGM5NThmMGQzODBiMTMwZjRkNDk0ZDAzNDp7Il9hdXRoX3VzZXJfaWQiOiIxMjgiLCJfYXV0aF91c2VyX2JhY2tlbmQiOiJkamFuZ28uY29udHJpYi5hdXRoLmJhY2tlbmRzLk1vZGVsQmFja2VuZCIsIl9hdXRoX3VzZXJfaGFzaCI6IjJmODczYTUxYmE3MTI1NmQ1ZDAxYjQzZWY1YzNiZTBhYWU0NGMzYTkifQ==	2016-09-12 14:08:30.928676-05
gdwjzvqatda3aedwkv0665de1vwg08ox	MWE4YzY5ZDAzMmIyMThmOGQ4NTI4YmY1MjhiNzU2ZDRhODNkYzc2NTp7Il9hdXRoX3VzZXJfYmFja2VuZCI6ImRqYW5nby5jb250cmliLmF1dGguYmFja2VuZHMuTW9kZWxCYWNrZW5kIiwiX2F1dGhfdXNlcl9oYXNoIjoiYjA1NDFiZGRjOGUxMDkxOWEwOTA1MWY1MDU5OTYxYTcyZTBmZDljZCIsIl9hdXRoX3VzZXJfaWQiOiIxMzYifQ==	2016-09-26 14:08:57.725571-05
4jhlcgvychyi7phhbtgcafu8c4q63q3y	NDdkNjcwMTY1NTVlNWQ1MjFjZjIyNDNiN2Y5MGMxMDc1ODI4YjE5ZTp7Il9hdXRoX3VzZXJfYmFja2VuZCI6ImRqYW5nby5jb250cmliLmF1dGguYmFja2VuZHMuTW9kZWxCYWNrZW5kIiwiX2F1dGhfdXNlcl9pZCI6IjQiLCJfYXV0aF91c2VyX2hhc2giOiJjMTU0MWI2ZTQ5MWVhMjU2N2M2NWFkOWE3MDY0NjgwYmUyOWY5MDMzIn0=	2016-09-27 12:15:23.442523-05
hp6boyrqma5vmq6rvgwidrzzjddt2i6k	MTc5NDk3Y2JiMGZiNmIyZmU2MTQ5ZGRhM2NkZmY3NzcwYWZlZTRjNDp7Il9hdXRoX3VzZXJfaGFzaCI6IjM0MTE2ODk2NTVjNjk2NjIwZTZlODIwYjc2NjIyM2NhYjhlYWEzMzUiLCJfYXV0aF91c2VyX2lkIjoiMiIsIl9hdXRoX3VzZXJfYmFja2VuZCI6ImRqYW5nby5jb250cmliLmF1dGguYmFja2VuZHMuTW9kZWxCYWNrZW5kIn0=	2016-09-26 12:04:24.629579-05
4tev4r5qa7ez6oc2hhzpg8wb39y5l64c	YjUyZWJkMjE2MTM3YWUzZGQ1OTc2ZTA2YzU5MDI3MjUwOTg5Mzc2YTp7Il9hdXRoX3VzZXJfaGFzaCI6IjUzZTYzY2VmM2QzOWYzNWY0MDdlZDg4MDZkYjczYmJkZDdiNDlmYzkiLCJfYXV0aF91c2VyX2JhY2tlbmQiOiJkamFuZ28uY29udHJpYi5hdXRoLmJhY2tlbmRzLk1vZGVsQmFja2VuZCIsIl9hdXRoX3VzZXJfaWQiOiIxMTIifQ==	2016-09-22 01:38:43.486853-05
dtxf465758hhzporyr12eif6ooz6aa3g	NDdkNjcwMTY1NTVlNWQ1MjFjZjIyNDNiN2Y5MGMxMDc1ODI4YjE5ZTp7Il9hdXRoX3VzZXJfYmFja2VuZCI6ImRqYW5nby5jb250cmliLmF1dGguYmFja2VuZHMuTW9kZWxCYWNrZW5kIiwiX2F1dGhfdXNlcl9pZCI6IjQiLCJfYXV0aF91c2VyX2hhc2giOiJjMTU0MWI2ZTQ5MWVhMjU2N2M2NWFkOWE3MDY0NjgwYmUyOWY5MDMzIn0=	2016-09-27 12:32:08.470127-05
dj965bxtbwodih08s0xmpdh663pwpcav	ZWFiZDVjNjFmOTRjNDM1ODgwMzdjMmUwNzFhMzcwNjljNzA0MGQzYTp7Il9hdXRoX3VzZXJfYmFja2VuZCI6ImRqYW5nby5jb250cmliLmF1dGguYmFja2VuZHMuTW9kZWxCYWNrZW5kIiwiX2F1dGhfdXNlcl9pZCI6IjEzNiIsIl9hdXRoX3VzZXJfaGFzaCI6ImQ4NjYwNjZjMDkyZDY4MDI1NzcyNWYwNWVkMzE1NDQzMjY5YjkxZDEifQ==	2016-09-22 01:58:33.906352-05
wcplq77k318gncti5ak5daojqftsh7pi	ZDQ2NGY4NWZlZjE0NGZjOGE1Y2Y2NDFhYTNlNzFjZDhkNGVkMzExYjp7Il9hdXRoX3VzZXJfYmFja2VuZCI6ImRqYW5nby5jb250cmliLmF1dGguYmFja2VuZHMuTW9kZWxCYWNrZW5kIiwiX2F1dGhfdXNlcl9pZCI6IjMiLCJfYXV0aF91c2VyX2hhc2giOiI3ZDE4YjdlOWQxYjc3OWQ0MmYyZWNiYWFmZjBmNjgxMmU3ZTVjYWE4In0=	2016-09-13 10:10:13.546379-05
m6j02yr8auf16cnmb07cv3mqief7a5zu	ZGZlNjQ2ZWUzZTZhYjRiNDBjNmJjMTU4YTk5NmY1NjNmZmExZjdlZTp7Il9hdXRoX3VzZXJfYmFja2VuZCI6ImRqYW5nby5jb250cmliLmF1dGguYmFja2VuZHMuTW9kZWxCYWNrZW5kIiwiX2F1dGhfdXNlcl9oYXNoIjoiMzQxMTY4OTY1NWM2OTY2MjBlNmU4MjBiNzY2MjIzY2FiOGVhYTMzNSIsIl9hdXRoX3VzZXJfaWQiOiIyIn0=	2016-09-20 12:28:49.720161-05
m9khe63bkhq9zevj752iipkc5fftnza1	MTEzZmEwZTg4ODZlODUyYzViN2ZkYjRiZTZlZDNmOGQ4OGI2NzM0ODp7Il9hdXRoX3VzZXJfaWQiOiIxNSIsIl9hdXRoX3VzZXJfYmFja2VuZCI6ImRqYW5nby5jb250cmliLmF1dGguYmFja2VuZHMuTW9kZWxCYWNrZW5kIiwiX2F1dGhfdXNlcl9oYXNoIjoiOWY0NzI3ZmFhMDU5M2E0ZjIzNTNlZmJhZjllMTE5OTk5ZjRlMmVmZCJ9	2016-09-08 20:36:32.824342-05
m6gyk0qcygq6j3tt35eyr5ejek3ib6la	NzYxMWYxMTE1ZTBiOGRlZTUzMTQ2Zjk1NTIyZDM2N2YyMWVlN2E5Mjp7Il9hdXRoX3VzZXJfaGFzaCI6IjlmNDcyN2ZhYTA1OTNhNGYyMzUzZWZiYWY5ZTExOTk5OWY0ZTJlZmQiLCJfYXV0aF91c2VyX2JhY2tlbmQiOiJkamFuZ28uY29udHJpYi5hdXRoLmJhY2tlbmRzLk1vZGVsQmFja2VuZCIsIl9hdXRoX3VzZXJfaWQiOiIxNSJ9	2016-09-14 09:20:24.244599-05
faqsigkmx2rdz4p8lbfn8w8pa4fmuuo4	ODQ2OWYyMjhhNzc2M2Q1MDExM2ZkMWQ2N2JlZGM1YmQ4ODc5MmZkZTp7Il9hdXRoX3VzZXJfYmFja2VuZCI6ImRqYW5nby5jb250cmliLmF1dGguYmFja2VuZHMuTW9kZWxCYWNrZW5kIiwiX2F1dGhfdXNlcl9oYXNoIjoiZjczNzQ2OTg4MjU5MTcyZTZiMDE4ZjE3ZjQ5MGZjYzMwOTg2ZTkxZSIsIl9hdXRoX3VzZXJfaWQiOiIxNSJ9	2016-09-22 02:10:09.069015-05
rvuuq753e261tnfczgl1twzahw1upbsx	MjIwZGVhYjk2NDJjYTY0ZjY2ZTc0ZmI1NzJlZjhjNDVlODVhMDVmZjp7Il9hdXRoX3VzZXJfYmFja2VuZCI6ImRqYW5nby5jb250cmliLmF1dGguYmFja2VuZHMuTW9kZWxCYWNrZW5kIiwiX2F1dGhfdXNlcl9oYXNoIjoiYzE1NDFiNmU0OTFlYTI1NjdjNjVhZDlhNzA2NDY4MGJlMjlmOTAzMyIsIl9hdXRoX3VzZXJfaWQiOiI0In0=	2016-09-21 21:08:38.320569-05
so40z8gh3dd8l7awdxfgkhjs0qekgen0	M2IwOTExNDNiYjI2NDViODZjZmYzZjhhYWFhMzk3MzhhODA1N2NjZjp7Il9hdXRoX3VzZXJfYmFja2VuZCI6ImRqYW5nby5jb250cmliLmF1dGguYmFja2VuZHMuTW9kZWxCYWNrZW5kIiwiX2F1dGhfdXNlcl9pZCI6IjQiLCJfYXV0aF91c2VyX2hhc2giOiI0MjNmMTYzNGE4MTMzN2Q4NjdlZjZkMTI4NDZjYWM4NzQxZjNlNDVmIn0=	2016-09-14 09:51:02.367999-05
vfrwkc55ybia7vg2ok373nbbtccyl6dz	YTIwNjM2MTA3ZWQyZmE0M2I4MDhlOTJjZGIxMTAyZmQ3MTU0Mjg1Yjp7Il9hdXRoX3VzZXJfaGFzaCI6ImMxNTQxYjZlNDkxZWEyNTY3YzY1YWQ5YTcwNjQ2ODBiZTI5ZjkwMzMiLCJfYXV0aF91c2VyX2lkIjoiNCIsIl9hdXRoX3VzZXJfYmFja2VuZCI6ImRqYW5nby5jb250cmliLmF1dGguYmFja2VuZHMuTW9kZWxCYWNrZW5kIn0=	2016-09-22 11:07:13.51933-05
n2otkn9p4riqlx7ym22u710xerygkzr9	NzVlMzJlMTRiNTc0ODIzZGVhZWYwNTEwNTBiMDI5YzVjOGQzMGVkMzp7Il9hdXRoX3VzZXJfYmFja2VuZCI6ImRqYW5nby5jb250cmliLmF1dGguYmFja2VuZHMuTW9kZWxCYWNrZW5kIiwiX2F1dGhfdXNlcl9pZCI6IjExIiwiX2F1dGhfdXNlcl9oYXNoIjoiN2YwYTgzNzdiNDEwN2U0NThkNDM1Y2NjN2FiODFkYjFhODViY2Y5OCJ9	2016-09-10 12:22:58.685182-05
yt8h5eprpkj9qh2rv7pnp9mmc43bnk7o	M2NiZWI5OWM5YmVjN2UwMjFjN2NlM2JmODViODA4MTljZmNlNGViNzp7Il9hdXRoX3VzZXJfaWQiOiIxMzYiLCJfYXV0aF91c2VyX2hhc2giOiJiMDU0MWJkZGM4ZTEwOTE5YTA5MDUxZjUwNTk5NjFhNzJlMGZkOWNkIiwiX2F1dGhfdXNlcl9iYWNrZW5kIjoiZGphbmdvLmNvbnRyaWIuYXV0aC5iYWNrZW5kcy5Nb2RlbEJhY2tlbmQifQ==	2016-09-26 17:09:44.305658-05
gnk6c9k1ealzy4rtgsydscr8yxf1h2xr	ZmU3NWYwZTVlOWZmNTRlMDQ5OTQzMzljZGU5YTk4ZjFmM2JmOWQ5ZTp7Il9hdXRoX3VzZXJfYmFja2VuZCI6ImRqYW5nby5jb250cmliLmF1dGguYmFja2VuZHMuTW9kZWxCYWNrZW5kIiwiX2F1dGhfdXNlcl9pZCI6IjExNCIsIl9hdXRoX3VzZXJfaGFzaCI6ImRmYjYzN2MyZGY1OTA2ODE2N2VlMWY5NjlmMDdmYWUzMzY3ZjE2M2EifQ==	2016-09-14 18:28:50.418173-05
7jhxb7cjwlmi066jrvo3h0lrb9v6nk00	OTI1ZDNhMTIwZTI4NzhjNDg1ZmQ2Y2ZmYmU2YjU2NmJiOWE4MjQ3YTp7Il9hdXRoX3VzZXJfYmFja2VuZCI6ImRqYW5nby5jb250cmliLmF1dGguYmFja2VuZHMuTW9kZWxCYWNrZW5kIiwiX2F1dGhfdXNlcl9oYXNoIjoiNTNlNjNjZWYzZDM5ZjM1ZjQwN2VkODgwNmRiNzNiYmRkN2I0OWZjOSIsIl9hdXRoX3VzZXJfaWQiOiIxMTIifQ==	2016-09-21 21:08:52.504359-05
yie6kqkljcsgrlujn02zcapua9sonlpz	ODUxMjJkYTk2M2E2OGRkN2RjMGFmZDI3MTYwODViZWQyNTE3ZWRkYjp7Il9hdXRoX3VzZXJfaGFzaCI6ImY5NjY2MTZjNjkwYmExOWY2ZjAyN2FlMjVjYmZhYjMzOWFmYzYxMjciLCJfYXV0aF91c2VyX2lkIjoiMTI3IiwiX2F1dGhfdXNlcl9iYWNrZW5kIjoiZGphbmdvLmNvbnRyaWIuYXV0aC5iYWNrZW5kcy5Nb2RlbEJhY2tlbmQifQ==	2016-09-12 14:12:27.35663-05
puxn4j4ggf1pv6yr4hjyzx397taoh7n9	ODZkODE0MmZhM2QyOWE1ZjBlNzZmYWNjMmY0MThkNjM5YTRjZTBkNjp7Il9hdXRoX3VzZXJfaWQiOiI0IiwiX2F1dGhfdXNlcl9oYXNoIjoiNDIzZjE2MzRhODEzMzdkODY3ZWY2ZDEyODQ2Y2FjODc0MWYzZTQ1ZiIsIl9hdXRoX3VzZXJfYmFja2VuZCI6ImRqYW5nby5jb250cmliLmF1dGguYmFja2VuZHMuTW9kZWxCYWNrZW5kIn0=	2016-09-14 11:15:56.393009-05
jhhrnai3vjpndh0prv6x84i176nijrpz	NDdkNjcwMTY1NTVlNWQ1MjFjZjIyNDNiN2Y5MGMxMDc1ODI4YjE5ZTp7Il9hdXRoX3VzZXJfYmFja2VuZCI6ImRqYW5nby5jb250cmliLmF1dGguYmFja2VuZHMuTW9kZWxCYWNrZW5kIiwiX2F1dGhfdXNlcl9pZCI6IjQiLCJfYXV0aF91c2VyX2hhc2giOiJjMTU0MWI2ZTQ5MWVhMjU2N2M2NWFkOWE3MDY0NjgwYmUyOWY5MDMzIn0=	2016-09-19 15:43:52.315384-05
zyrhx5mp1swd7w4d9gsummz5dv1azord	MjljMmM0NTU2MzJhOTE4ZmVlMzk4NTIwMDRjZDllMTJhM2QwMTc0Mzp7Il9hdXRoX3VzZXJfaWQiOiI3NCIsIl9hdXRoX3VzZXJfaGFzaCI6IjcxZDViODE4YTFlNzQ1YjZiMDMzYzBmNmNiZmUxYjVlNmVhODdiYzciLCJfYXV0aF91c2VyX2JhY2tlbmQiOiJkamFuZ28uY29udHJpYi5hdXRoLmJhY2tlbmRzLk1vZGVsQmFja2VuZCJ9	2016-09-26 17:10:51.32115-05
l4yunpchgb6jlie68sazhmspw2jv61ie	ZTk0NmNmMjE2NTY4NTNjZjM3NzFhNTJjNTRlNmViZDI4ZGIwNzc4ZDp7Il9hdXRoX3VzZXJfaGFzaCI6IjYxYzA5NzBkMjdlMTIwNzk1YjdmMDY0NWVkNWJkODZlOTJkN2Y1MmQiLCJfYXV0aF91c2VyX2JhY2tlbmQiOiJkamFuZ28uY29udHJpYi5hdXRoLmJhY2tlbmRzLk1vZGVsQmFja2VuZCIsIl9hdXRoX3VzZXJfaWQiOiI1In0=	2016-09-19 12:48:42.102532-05
n3miot1dh7bqqh41n5qpsrse2k2r4kwd	OWZmOGYyZGVhZGI2YmFiYzFmMTgyN2E2NzkyODBiYmI5YjdkYWQ2Mzp7Il9hdXRoX3VzZXJfYmFja2VuZCI6ImRqYW5nby5jb250cmliLmF1dGguYmFja2VuZHMuTW9kZWxCYWNrZW5kIiwiX2F1dGhfdXNlcl9oYXNoIjoiZDg2NjA2NmMwOTJkNjgwMjU3NzI1ZjA1ZWQzMTU0NDMyNjliOTFkMSIsIl9hdXRoX3VzZXJfaWQiOiIxMzYifQ==	2016-09-21 21:10:35.871132-05
dtny9r3txhbclp14b2jyctjvofroqyok	ZjAxNDc5NWVkZTA1ZTE5ZjlhNDk5OGM1ZjZhYmU4ZjAyYjUzOTQ4NDp7Il9hdXRoX3VzZXJfaWQiOiIzIiwiX2F1dGhfdXNlcl9oYXNoIjoiN2QxOGI3ZTlkMWI3NzlkNDJmMmVjYmFhZmYwZjY4MTJlN2U1Y2FhOCIsIl9hdXRoX3VzZXJfYmFja2VuZCI6ImRqYW5nby5jb250cmliLmF1dGguYmFja2VuZHMuTW9kZWxCYWNrZW5kIn0=	2016-09-26 17:10:27.941976-05
pss1koh9bmu6mgsz8qmr758o19hgxfrw	ODQ2OWYyMjhhNzc2M2Q1MDExM2ZkMWQ2N2JlZGM1YmQ4ODc5MmZkZTp7Il9hdXRoX3VzZXJfYmFja2VuZCI6ImRqYW5nby5jb250cmliLmF1dGguYmFja2VuZHMuTW9kZWxCYWNrZW5kIiwiX2F1dGhfdXNlcl9oYXNoIjoiZjczNzQ2OTg4MjU5MTcyZTZiMDE4ZjE3ZjQ5MGZjYzMwOTg2ZTkxZSIsIl9hdXRoX3VzZXJfaWQiOiIxNSJ9	2016-09-21 21:14:15.01553-05
n7jh1j1wvu9j5vzrzanw0pq5fupaljub	OWIyZWUwYmU3ZmEwMDliMjNmNTc0YjM4YTg5Y2I2MTEwNjkyNTAwODp7Il9hdXRoX3VzZXJfaGFzaCI6ImNjZmZjOWIyN2NmZmNhNjE4ZWQ0Njk3MGY1YjZlNTdmZDExYTJiMmUiLCJfYXV0aF91c2VyX2lkIjoiMTMwIiwiX2F1dGhfdXNlcl9iYWNrZW5kIjoiZGphbmdvLmNvbnRyaWIuYXV0aC5iYWNrZW5kcy5Nb2RlbEJhY2tlbmQifQ==	2016-09-12 14:17:01.603351-05
5bjou5vmuns2t7lsmli02r24dr8m96yz	NDAyNTU5YzAwYjJkMTI3OGE1NDJjM2EwYThmNGExOGJkYjBhYTYzMjp7Il9hdXRoX3VzZXJfaGFzaCI6IjdkMThiN2U5ZDFiNzc5ZDQyZjJlY2JhYWZmMGY2ODEyZTdlNWNhYTgiLCJfYXV0aF91c2VyX2JhY2tlbmQiOiJkamFuZ28uY29udHJpYi5hdXRoLmJhY2tlbmRzLk1vZGVsQmFja2VuZCIsIl9hdXRoX3VzZXJfaWQiOiIzIn0=	2016-09-16 11:59:28.07572-05
dqjneblxsrrktsdg3umaftdfpr2txoc0	NjE2OWFhNTMzMTg4ZmIxN2M3YzlhYzMyZjBjNDQ1NTk3NzAxMGNjNTp7Il9hdXRoX3VzZXJfaGFzaCI6ImY3Mzc0Njk4ODI1OTE3MmU2YjAxOGYxN2Y0OTBmY2MzMDk4NmU5MWUiLCJfYXV0aF91c2VyX2lkIjoiMTUiLCJfYXV0aF91c2VyX2JhY2tlbmQiOiJkamFuZ28uY29udHJpYi5hdXRoLmJhY2tlbmRzLk1vZGVsQmFja2VuZCJ9	2016-09-22 11:17:32.559414-05
2p2u197rvffu53xxgufhiuggrj9w81qt	MmI4ZmFmMDYzMmNkZjY4NzgxZDkzOTU3MTE1OGM2OGM3NDdhM2NjMzp7Il9hdXRoX3VzZXJfYmFja2VuZCI6ImRqYW5nby5jb250cmliLmF1dGguYmFja2VuZHMuTW9kZWxCYWNrZW5kIiwiX2F1dGhfdXNlcl9pZCI6IjE1IiwiX2F1dGhfdXNlcl9oYXNoIjoiZjczNzQ2OTg4MjU5MTcyZTZiMDE4ZjE3ZjQ5MGZjYzMwOTg2ZTkxZSJ9	2016-09-23 16:47:22.428121-05
hokvk8r4f02dqy62o7v68vfji1i6dwju	NDdkNjcwMTY1NTVlNWQ1MjFjZjIyNDNiN2Y5MGMxMDc1ODI4YjE5ZTp7Il9hdXRoX3VzZXJfYmFja2VuZCI6ImRqYW5nby5jb250cmliLmF1dGguYmFja2VuZHMuTW9kZWxCYWNrZW5kIiwiX2F1dGhfdXNlcl9pZCI6IjQiLCJfYXV0aF91c2VyX2hhc2giOiJjMTU0MWI2ZTQ5MWVhMjU2N2M2NWFkOWE3MDY0NjgwYmUyOWY5MDMzIn0=	2016-09-27 12:49:52.614778-05
x44p358ic2idwqhppssrbl7xo67af7zc	MWYzMzU0MDJkM2M3ZWQwODkyZmQ0ZjQ0NWI4ZWUxY2FiYTNkMDJkODp7Il9hdXRoX3VzZXJfYmFja2VuZCI6ImRqYW5nby5jb250cmliLmF1dGguYmFja2VuZHMuTW9kZWxCYWNrZW5kIiwiX2F1dGhfdXNlcl9pZCI6IjEzMCIsIl9hdXRoX3VzZXJfaGFzaCI6ImNjZmZjOWIyN2NmZmNhNjE4ZWQ0Njk3MGY1YjZlNTdmZDExYTJiMmUifQ==	2016-09-12 14:22:18.585851-05
9vhychuvrv13jcpkseb1mikmwl5rz6yd	MmI4ZmFmMDYzMmNkZjY4NzgxZDkzOTU3MTE1OGM2OGM3NDdhM2NjMzp7Il9hdXRoX3VzZXJfYmFja2VuZCI6ImRqYW5nby5jb250cmliLmF1dGguYmFja2VuZHMuTW9kZWxCYWNrZW5kIiwiX2F1dGhfdXNlcl9pZCI6IjE1IiwiX2F1dGhfdXNlcl9oYXNoIjoiZjczNzQ2OTg4MjU5MTcyZTZiMDE4ZjE3ZjQ5MGZjYzMwOTg2ZTkxZSJ9	2016-09-19 15:51:37.078841-05
n2i8go4v2sjnttxaigntaxuqp2f3kxl8	NDZkYTY4OTFmYzQxYTQ4NTY1OTMxNTEzMzgwNWRmODk3OTQ4ODhlNTp7Il9hdXRoX3VzZXJfaWQiOiIxNSIsIl9hdXRoX3VzZXJfYmFja2VuZCI6ImRqYW5nby5jb250cmliLmF1dGguYmFja2VuZHMuTW9kZWxCYWNrZW5kIiwiX2F1dGhfdXNlcl9oYXNoIjoiZjczNzQ2OTg4MjU5MTcyZTZiMDE4ZjE3ZjQ5MGZjYzMwOTg2ZTkxZSJ9	2016-09-21 14:14:31.92921-05
12mlyrwlzk6tnflxzr192z3gkc9fu7fo	N2NjNTMwNTcxN2I0NzViYWE2Y2M2ODUzMjBkMjVkMTM3ZDliMTk0Njp7Il9hdXRoX3VzZXJfaWQiOiI0IiwiX2F1dGhfdXNlcl9iYWNrZW5kIjoiZGphbmdvLmNvbnRyaWIuYXV0aC5iYWNrZW5kcy5Nb2RlbEJhY2tlbmQiLCJfYXV0aF91c2VyX2hhc2giOiJjMTU0MWI2ZTQ5MWVhMjU2N2M2NWFkOWE3MDY0NjgwYmUyOWY5MDMzIn0=	2016-09-23 17:01:51.674343-05
hc4o79n8xo9wteq4yw3euyvdrwzaja62	ZTE5ODBiYjQ3NGYzMGM5N2Y5YmQxMTQ4M2U4YTMwMDBkYmEyNzFlZjp7Il9hdXRoX3VzZXJfYmFja2VuZCI6ImRqYW5nby5jb250cmliLmF1dGguYmFja2VuZHMuTW9kZWxCYWNrZW5kIiwiX2F1dGhfdXNlcl9pZCI6IjEyNyIsIl9hdXRoX3VzZXJfaGFzaCI6ImY5NjY2MTZjNjkwYmExOWY2ZjAyN2FlMjVjYmZhYjMzOWFmYzYxMjcifQ==	2016-09-12 14:22:26.793713-05
8660k44bsrbb7rzeog8weyw51qn2723n	NjFiYmYyNWIxZmUyZjJmNmQ4NWE5ZTIzNGJkZDM2YWYxMTcyMmE4NTp7Il9hdXRoX3VzZXJfaGFzaCI6ImMxNTQxYjZlNDkxZWEyNTY3YzY1YWQ5YTcwNjQ2ODBiZTI5ZjkwMzMiLCJfYXV0aF91c2VyX2JhY2tlbmQiOiJkamFuZ28uY29udHJpYi5hdXRoLmJhY2tlbmRzLk1vZGVsQmFja2VuZCIsIl9hdXRoX3VzZXJfaWQiOiI0In0=	2016-09-23 17:16:41.934111-05
tjoaoxfyekbr6j86deehu3mghbib5ml6	N2NjNTMwNTcxN2I0NzViYWE2Y2M2ODUzMjBkMjVkMTM3ZDliMTk0Njp7Il9hdXRoX3VzZXJfaWQiOiI0IiwiX2F1dGhfdXNlcl9iYWNrZW5kIjoiZGphbmdvLmNvbnRyaWIuYXV0aC5iYWNrZW5kcy5Nb2RlbEJhY2tlbmQiLCJfYXV0aF91c2VyX2hhc2giOiJjMTU0MWI2ZTQ5MWVhMjU2N2M2NWFkOWE3MDY0NjgwYmUyOWY5MDMzIn0=	2016-09-22 00:05:05.208174-05
jz2bjw2w3vmslw09uvq4z5kwssp6qglm	MzRhM2EwMDg0MWE5MzQ0NmI2YmY4NjAwZTVlZDQ1Yzc0OWQ4YmJmYjp7Il9hdXRoX3VzZXJfaWQiOiIxNSIsIl9hdXRoX3VzZXJfaGFzaCI6ImY3Mzc0Njk4ODI1OTE3MmU2YjAxOGYxN2Y0OTBmY2MzMDk4NmU5MWUiLCJfYXV0aF91c2VyX2JhY2tlbmQiOiJkamFuZ28uY29udHJpYi5hdXRoLmJhY2tlbmRzLk1vZGVsQmFja2VuZCJ9	2016-09-27 13:28:26.858977-05
0ec9ix6chxd51ac4ehb7z7dzhee3sd4a	MWE3YmE3YjlhNWMwOTVhMGJiM2JjYTkwODQ1ODUzMDM1MTQ2MTcyNjp7Il9hdXRoX3VzZXJfaGFzaCI6IjcxZDViODE4YTFlNzQ1YjZiMDMzYzBmNmNiZmUxYjVlNmVhODdiYzciLCJfYXV0aF91c2VyX2JhY2tlbmQiOiJkamFuZ28uY29udHJpYi5hdXRoLmJhY2tlbmRzLk1vZGVsQmFja2VuZCIsIl9hdXRoX3VzZXJfaWQiOiI3NCJ9	2016-09-22 13:37:57.290454-05
koy926l5a3aeocgsh4jdvbetnzhmi7cu	MjZhNWZmMmUxZDE4YzA5MGMxZmQ0MDUxYWM3ZDIxNjY0ZDQxYjc1Yzp7Il9hdXRoX3VzZXJfaWQiOiI0IiwidHdpdHRlcl9zdGF0ZSI6IjZIN1cwYnp5V2NPd2RCOGY2Mk93YktuUFo1ZHBtSTB4IiwiX2F1dGhfdXNlcl9iYWNrZW5kIjoiZGphbmdvLmNvbnRyaWIuYXV0aC5iYWNrZW5kcy5Nb2RlbEJhY2tlbmQiLCJnb29nbGUtb2F1dGgyX3N0YXRlIjoiWjF3b3QxdU9xRXRlNWlRNnRnYzZVU2FWMTlWTjJSc2oiLCJ0d2l0dGVydW5hdXRob3JpemVkX3Rva2VuX25hbWUiOlsib2F1dGhfdG9rZW49ZGFzbmFnQUFBQUFBd3pabkFBQUJWeUNUSmdBJm9hdXRoX3Rva2VuX3NlY3JldD1WY0FoRTdxSVN1RFl4WVhRNkh3RXFxdlJFY1U3SlZLYyZvYXV0aF9jYWxsYmFja19jb25maXJtZWQ9dHJ1ZSJdLCJfYXV0aF91c2VyX2hhc2giOiJjMTU0MWI2ZTQ5MWVhMjU2N2M2NWFkOWE3MDY0NjgwYmUyOWY5MDMzIiwiZmFjZWJvb2tfc3RhdGUiOiJpY2ZVb25TWUFYeU12QzIxcVRQNGQ4Tzl1VXRjT29oUCJ9	2016-09-26 17:53:25.270965-05
ampo3jbgyfyehn8uyz66suzcyc9320dv	M2EyNDU0ZDI0NjNlYTA0OThmYWY0MjAwZjliNWU4NWZhOWE5MjA0ZDp7Il9hdXRoX3VzZXJfaWQiOiIxNDkiLCJfYXV0aF91c2VyX2JhY2tlbmQiOiJkamFuZ28uY29udHJpYi5hdXRoLmJhY2tlbmRzLk1vZGVsQmFja2VuZCIsIl9hdXRoX3VzZXJfaGFzaCI6IjYwZDQzOTRlYzBlZGJkNGY5ZTUyZGUwZGUyMTQzYjgxMzQwMThjYWMifQ==	2016-09-23 17:39:54.238142-05
8zgnvw0ezrvwjjd23ycwfg7egx57xlbs	NjFiYmYyNWIxZmUyZjJmNmQ4NWE5ZTIzNGJkZDM2YWYxMTcyMmE4NTp7Il9hdXRoX3VzZXJfaGFzaCI6ImMxNTQxYjZlNDkxZWEyNTY3YzY1YWQ5YTcwNjQ2ODBiZTI5ZjkwMzMiLCJfYXV0aF91c2VyX2JhY2tlbmQiOiJkamFuZ28uY29udHJpYi5hdXRoLmJhY2tlbmRzLk1vZGVsQmFja2VuZCIsIl9hdXRoX3VzZXJfaWQiOiI0In0=	2016-09-19 13:20:06.975305-05
dwi51eo3457pcaa0p2fb3xvcpcyyk2b7	Yjg4OGRjOGJiYjUyMDhlMjdkNGU1ZjYxZTQwZWE1ZGUwNmQ2OGViNDp7Il9hdXRoX3VzZXJfaWQiOiIyIiwiX2F1dGhfdXNlcl9iYWNrZW5kIjoiZGphbmdvLmNvbnRyaWIuYXV0aC5iYWNrZW5kcy5Nb2RlbEJhY2tlbmQiLCJfYXV0aF91c2VyX2hhc2giOiIzNDExNjg5NjU1YzY5NjYyMGU2ZTgyMGI3NjYyMjNjYWI4ZWFhMzM1In0=	2016-09-26 19:09:49.490486-05
t7h2h71l32rclbforjtrdkkv28ae79gk	MmI4ZmFmMDYzMmNkZjY4NzgxZDkzOTU3MTE1OGM2OGM3NDdhM2NjMzp7Il9hdXRoX3VzZXJfYmFja2VuZCI6ImRqYW5nby5jb250cmliLmF1dGguYmFja2VuZHMuTW9kZWxCYWNrZW5kIiwiX2F1dGhfdXNlcl9pZCI6IjE1IiwiX2F1dGhfdXNlcl9oYXNoIjoiZjczNzQ2OTg4MjU5MTcyZTZiMDE4ZjE3ZjQ5MGZjYzMwOTg2ZTkxZSJ9	2016-09-22 14:35:46.639687-05
kw1nykhkpdae65wxn7ai43x9u43je3v0	ZWU4NDEzOGQ1MTQ4MDNhNjMwNjM0NzMyZWJmYzgyNDA0N2QwZGViYTp7Il9hdXRoX3VzZXJfYmFja2VuZCI6ImRqYW5nby5jb250cmliLmF1dGguYmFja2VuZHMuTW9kZWxCYWNrZW5kIiwiX2F1dGhfdXNlcl9pZCI6IjE1IiwiX2F1dGhfdXNlcl9oYXNoIjoiYzllNzQ5MGU0ZWQzMDVhNGEzMjg5MmYxNjg4OGE1NTVmZDZkNTE3MCJ9	2016-09-16 12:49:52.254218-05
3p7w7pqux3h0326bpwq7yfce7wgz34vw	NmEzYWQzYTVhZTRmZGNmNDllYTM4MjI0NDk2NmRjMzMyNjFhZGM5ODp7Il9hdXRoX3VzZXJfYmFja2VuZCI6ImRqYW5nby5jb250cmliLmF1dGguYmFja2VuZHMuTW9kZWxCYWNrZW5kIiwiX2F1dGhfdXNlcl9oYXNoIjoiZGE4M2Q2MDdiOTMzZjc0MTFkMTdmMDNhMDZmMTczNWNkYjNjZTU3ZCIsIl9hdXRoX3VzZXJfaWQiOiIxMTUifQ==	2016-09-27 09:43:54.884626-05
iym4get4y9nsc6muj0ue7cyqmohxhzli	NjFiYmYyNWIxZmUyZjJmNmQ4NWE5ZTIzNGJkZDM2YWYxMTcyMmE4NTp7Il9hdXRoX3VzZXJfaGFzaCI6ImMxNTQxYjZlNDkxZWEyNTY3YzY1YWQ5YTcwNjQ2ODBiZTI5ZjkwMzMiLCJfYXV0aF91c2VyX2JhY2tlbmQiOiJkamFuZ28uY29udHJpYi5hdXRoLmJhY2tlbmRzLk1vZGVsQmFja2VuZCIsIl9hdXRoX3VzZXJfaWQiOiI0In0=	2016-09-21 10:15:43.750951-05
h3rmuiwo8zq7u5l2ers40638ite9wdva	NTkwNTI1NTAwOWQ5N2IwZTFjN2Y3OWEyMjgxMjBhYWNkODI3YzY1MDp7Il9hdXRoX3VzZXJfaGFzaCI6IjlmNDcyN2ZhYTA1OTNhNGYyMzUzZWZiYWY5ZTExOTk5OWY0ZTJlZmQiLCJfYXV0aF91c2VyX2lkIjoiMTUiLCJfYXV0aF91c2VyX2JhY2tlbmQiOiJkamFuZ28uY29udHJpYi5hdXRoLmJhY2tlbmRzLk1vZGVsQmFja2VuZCJ9	2016-09-13 13:35:33.122178-05
6x9093hxo1a96trf6t0varhkclz6ts17	OTM0YjY4NDA0M2MyODY3NDA1Y2ZhMjkyZjE2YWEwYmQxMDdmYmI3Nzp7Il9hdXRoX3VzZXJfYmFja2VuZCI6ImRqYW5nby5jb250cmliLmF1dGguYmFja2VuZHMuTW9kZWxCYWNrZW5kIiwiX2F1dGhfdXNlcl9oYXNoIjoiNDIzZjE2MzRhODEzMzdkODY3ZWY2ZDEyODQ2Y2FjODc0MWYzZTQ1ZiIsIl9hdXRoX3VzZXJfaWQiOiI0In0=	2016-09-15 10:31:53.830551-05
nskhq3zy9r5wpg6m4prwoqcxneyexhwl	ZDU0ZDg2MjA1MDU0MWYzYTU2MTMyMTM0N2M0NGU2NDA0YzVkMTQ4Nzp7Il9hdXRoX3VzZXJfYmFja2VuZCI6ImRqYW5nby5jb250cmliLmF1dGguYmFja2VuZHMuTW9kZWxCYWNrZW5kIiwiX2F1dGhfdXNlcl9oYXNoIjoiZGZiNjM3YzJkZjU5MDY4MTY3ZWUxZjk2OWYwN2ZhZTMzNjdmMTYzYSIsIl9hdXRoX3VzZXJfaWQiOiIxMTQifQ==	2016-09-27 13:37:14.783919-05
jzdqc0fhct4a2wpuyjwb024wmne3wb1n	ZTk3ZTI4Yjc3NWI1NzRjZWRmM2Y1ODM3YzAzMDFmMDBiNGM2ODk3ZDp7Il9hdXRoX3VzZXJfaWQiOiIxMjQiLCJfYXV0aF91c2VyX2JhY2tlbmQiOiJkamFuZ28uY29udHJpYi5hdXRoLmJhY2tlbmRzLk1vZGVsQmFja2VuZCIsIl9hdXRoX3VzZXJfaGFzaCI6IjIyZjA3MDI2YjY2ZTg0YTZmMDJlZTQ3MmQ0YmQzODdkY2IzY2IzM2QifQ==	2016-09-12 11:16:19.627743-05
u9ptde0e27tcztaklyju3zzbjhsc5nxt	MzFlYTNjMzQyY2FmNDU5ZDFmZWUzM2I5Mzc5Y2RjNGFhYTEyYzcyODp7Il9hdXRoX3VzZXJfaGFzaCI6ImRjNTNjYzVkMTkzMTI5ZTFlYjczNjdhOWE5NmIzZDM1MTQxYWM3MWMiLCJfYXV0aF91c2VyX2JhY2tlbmQiOiJkamFuZ28uY29udHJpYi5hdXRoLmJhY2tlbmRzLk1vZGVsQmFja2VuZCIsIl9hdXRoX3VzZXJfaWQiOiIxMTMifQ==	2016-09-14 13:02:21.655468-05
r0ex0o2x2we5t20b6ir44x3wytls28co	NjE2OWFhNTMzMTg4ZmIxN2M3YzlhYzMyZjBjNDQ1NTk3NzAxMGNjNTp7Il9hdXRoX3VzZXJfaGFzaCI6ImY3Mzc0Njk4ODI1OTE3MmU2YjAxOGYxN2Y0OTBmY2MzMDk4NmU5MWUiLCJfYXV0aF91c2VyX2lkIjoiMTUiLCJfYXV0aF91c2VyX2JhY2tlbmQiOiJkamFuZ28uY29udHJpYi5hdXRoLmJhY2tlbmRzLk1vZGVsQmFja2VuZCJ9	2016-09-27 10:00:17.983342-05
a5ni2s95286dm0j10q8i1e4t8wk0cmt5	NTkwNTI1NTAwOWQ5N2IwZTFjN2Y3OWEyMjgxMjBhYWNkODI3YzY1MDp7Il9hdXRoX3VzZXJfaGFzaCI6IjlmNDcyN2ZhYTA1OTNhNGYyMzUzZWZiYWY5ZTExOTk5OWY0ZTJlZmQiLCJfYXV0aF91c2VyX2lkIjoiMTUiLCJfYXV0aF91c2VyX2JhY2tlbmQiOiJkamFuZ28uY29udHJpYi5hdXRoLmJhY2tlbmRzLk1vZGVsQmFja2VuZCJ9	2016-09-12 11:26:17.186649-05
bg0y8x46z4om4fddi0zwjzehge6dro7b	NjFiYmYyNWIxZmUyZjJmNmQ4NWE5ZTIzNGJkZDM2YWYxMTcyMmE4NTp7Il9hdXRoX3VzZXJfaGFzaCI6ImMxNTQxYjZlNDkxZWEyNTY3YzY1YWQ5YTcwNjQ2ODBiZTI5ZjkwMzMiLCJfYXV0aF91c2VyX2JhY2tlbmQiOiJkamFuZ28uY29udHJpYi5hdXRoLmJhY2tlbmRzLk1vZGVsQmFja2VuZCIsIl9hdXRoX3VzZXJfaWQiOiI0In0=	2016-09-26 10:35:07.345704-05
rlefzla2noiytw7eeryrb8sl6j7a9ktk	Yjg4OGRjOGJiYjUyMDhlMjdkNGU1ZjYxZTQwZWE1ZGUwNmQ2OGViNDp7Il9hdXRoX3VzZXJfaWQiOiIyIiwiX2F1dGhfdXNlcl9iYWNrZW5kIjoiZGphbmdvLmNvbnRyaWIuYXV0aC5iYWNrZW5kcy5Nb2RlbEJhY2tlbmQiLCJfYXV0aF91c2VyX2hhc2giOiIzNDExNjg5NjU1YzY5NjYyMGU2ZTgyMGI3NjYyMjNjYWI4ZWFhMzM1In0=	2016-09-19 17:40:09.168035-05
4l3kdhrtxssxpxdo5sjrkdklagxgaxaz	MGEyOTVkOWI3YTY3ZGNiZGQxZTE2M2M1NTEyZGM0NjBhZGRhZDMzNzp7Il9hdXRoX3VzZXJfaWQiOiIxMDMiLCJfYXV0aF91c2VyX2hhc2giOiIyMTM0NDlmYjk0ZWRjMzExMWE3YmI1NmRhODFlYmI2ZTY1YWMwZWYzIiwiX2F1dGhfdXNlcl9iYWNrZW5kIjoiZGphbmdvLmNvbnRyaWIuYXV0aC5iYWNrZW5kcy5Nb2RlbEJhY2tlbmQifQ==	2016-09-09 20:16:00.805078-05
6bd0pd997rk1ooyhdaawdd4eqr8c58el	Y2ZkZWQ4OTRlZDQwNTRhZjI5MDViMDE2NDFmYWJmNjM3MjJmYjNmZjp7Il9hdXRoX3VzZXJfaGFzaCI6IjQyM2YxNjM0YTgxMzM3ZDg2N2VmNmQxMjg0NmNhYzg3NDFmM2U0NWYiLCJfYXV0aF91c2VyX2JhY2tlbmQiOiJkamFuZ28uY29udHJpYi5hdXRoLmJhY2tlbmRzLk1vZGVsQmFja2VuZCIsIl9hdXRoX3VzZXJfaWQiOiI0In0=	2016-09-14 13:02:47.744118-05
t8shk3vpodetqv6kgq188o07wwg5b2ga	NGM2YWU2ZjhjMjQwY2FlMzk0YjQzMmZhYzkxYWE0MDg4YzhmZGVmMzp7Il9hdXRoX3VzZXJfaWQiOiIzIiwiX2F1dGhfdXNlcl9iYWNrZW5kIjoiZGphbmdvLmNvbnRyaWIuYXV0aC5iYWNrZW5kcy5Nb2RlbEJhY2tlbmQiLCJfYXV0aF91c2VyX2hhc2giOiI3ZDE4YjdlOWQxYjc3OWQ0MmYyZWNiYWFmZjBmNjgxMmU3ZTVjYWE4In0=	2016-09-12 11:46:14.011372-05
urjim20hgs32qfwoyt2u3gg1toqll4dn	MGYwY2E4YWZjMjRkZWQzOTAzYzMzZGNkNTBiZmU4ODJkOWEyNzNlMTp7Il9hdXRoX3VzZXJfaGFzaCI6ImRhODNkNjA3YjkzM2Y3NDExZDE3ZjAzYTA2ZjE3MzVjZGIzY2U1N2QiLCJfYXV0aF91c2VyX2JhY2tlbmQiOiJkamFuZ28uY29udHJpYi5hdXRoLmJhY2tlbmRzLk1vZGVsQmFja2VuZCIsIl9hdXRoX3VzZXJfaWQiOiIxMTUifQ==	2016-09-27 10:30:32.541143-05
cd1j6nhodx2ipm7pvp3x7eoed9yi52wl	NDU3MjIyY2E3MGQ4ZDBjMGVkMjJiNWYzMWE0YmFiM2IwNDk3YzQzNTp7Il9hdXRoX3VzZXJfaGFzaCI6IjUzZTYzY2VmM2QzOWYzNWY0MDdlZDg4MDZkYjczYmJkZDdiNDlmYzkiLCJfYXV0aF91c2VyX2lkIjoiMTEyIiwiX2F1dGhfdXNlcl9iYWNrZW5kIjoiZGphbmdvLmNvbnRyaWIuYXV0aC5iYWNrZW5kcy5Nb2RlbEJhY2tlbmQifQ==	2016-09-22 00:53:52.813601-05
c8qqj67i3wao59j5w8fmhiphawag8kr4	YjlhZTcyNmUyNjcyNWZkNjMzZWM0MmFjYWE4MzVmYzI5ZDNhNTc3Zjp7Il9hdXRoX3VzZXJfYmFja2VuZCI6ImRqYW5nby5jb250cmliLmF1dGguYmFja2VuZHMuTW9kZWxCYWNrZW5kIiwiX2F1dGhfdXNlcl9oYXNoIjoiN2YwYTgzNzdiNDEwN2U0NThkNDM1Y2NjN2FiODFkYjFhODViY2Y5OCIsIl9hdXRoX3VzZXJfaWQiOiIxMSJ9	2016-09-09 20:32:41.781161-05
8zczc59zn7wxwi96merr640snln5tuno	NDAyNTU5YzAwYjJkMTI3OGE1NDJjM2EwYThmNGExOGJkYjBhYTYzMjp7Il9hdXRoX3VzZXJfaGFzaCI6IjdkMThiN2U5ZDFiNzc5ZDQyZjJlY2JhYWZmMGY2ODEyZTdlNWNhYTgiLCJfYXV0aF91c2VyX2JhY2tlbmQiOiJkamFuZ28uY29udHJpYi5hdXRoLmJhY2tlbmRzLk1vZGVsQmFja2VuZCIsIl9hdXRoX3VzZXJfaWQiOiIzIn0=	2016-09-14 13:04:01.176578-05
2b4m64nxk2gzsmn6z52s2bh6yt65m84a	YzI3YzczYjQzNzhkZTJiY2Q0MzBjZGYzNWMxMTNmNTI0OGE4YWI1Mjp7Il9hdXRoX3VzZXJfYmFja2VuZCI6ImRqYW5nby5jb250cmliLmF1dGguYmFja2VuZHMuTW9kZWxCYWNrZW5kIiwiX2F1dGhfdXNlcl9pZCI6IjIiLCJfYXV0aF91c2VyX2hhc2giOiIzNDExNjg5NjU1YzY5NjYyMGU2ZTgyMGI3NjYyMjNjYWI4ZWFhMzM1In0=	2016-09-23 11:10:28.225003-05
d1gj84edlt04isl8gizgx5ju5th45e0h	MjljMmM0NTU2MzJhOTE4ZmVlMzk4NTIwMDRjZDllMTJhM2QwMTc0Mzp7Il9hdXRoX3VzZXJfaWQiOiI3NCIsIl9hdXRoX3VzZXJfaGFzaCI6IjcxZDViODE4YTFlNzQ1YjZiMDMzYzBmNmNiZmUxYjVlNmVhODdiYzciLCJfYXV0aF91c2VyX2JhY2tlbmQiOiJkamFuZ28uY29udHJpYi5hdXRoLmJhY2tlbmRzLk1vZGVsQmFja2VuZCJ9	2016-09-21 20:21:11.549674-05
zlr2e7qy6uh6hx5k1cjzgpii602r69bx	NmMyYjgxMmNmMWJmNzU5MmJlMzZhZGVmY2FmNjBmZDdlNjdjYWFjODp7Il9hdXRoX3VzZXJfaWQiOiIxMTMiLCJfYXV0aF91c2VyX2hhc2giOiJkYzUzY2M1ZDE5MzEyOWUxZWI3MzY3YTlhOTZiM2QzNTE0MWFjNzFjIiwiX2F1dGhfdXNlcl9iYWNrZW5kIjoiZGphbmdvLmNvbnRyaWIuYXV0aC5iYWNrZW5kcy5Nb2RlbEJhY2tlbmQifQ==	2016-09-09 11:35:02.657854-05
aswhhkyt8is5wvg9b4e36nazefb5mlty	ZTcwNjM1Y2RiNDMwNGUzMDNhZGM5NTQwNjIxOTNjMzhiMzE1YzkyYTp7Il9hdXRoX3VzZXJfYmFja2VuZCI6ImRqYW5nby5jb250cmliLmF1dGguYmFja2VuZHMuTW9kZWxCYWNrZW5kIiwiX2F1dGhfdXNlcl9oYXNoIjoiYjUyZWJkOGZmY2Y3YTk5ODFmNjRkZTFkZGIxNjk3OWIwMjE2ZjgzZCIsIl9hdXRoX3VzZXJfaWQiOiIxMTIifQ==	2016-09-12 20:03:59.90858-05
pd05mh992ll0z2ifthmpzjrca4ni7wd3	MTEzZmEwZTg4ODZlODUyYzViN2ZkYjRiZTZlZDNmOGQ4OGI2NzM0ODp7Il9hdXRoX3VzZXJfaWQiOiIxNSIsIl9hdXRoX3VzZXJfYmFja2VuZCI6ImRqYW5nby5jb250cmliLmF1dGguYmFja2VuZHMuTW9kZWxCYWNrZW5kIiwiX2F1dGhfdXNlcl9oYXNoIjoiOWY0NzI3ZmFhMDU5M2E0ZjIzNTNlZmJhZjllMTE5OTk5ZjRlMmVmZCJ9	2016-09-14 14:40:37.378842-05
0lfpmm1ozaa8htba6nb869sunc8inxs9	ZDQ2NGY4NWZlZjE0NGZjOGE1Y2Y2NDFhYTNlNzFjZDhkNGVkMzExYjp7Il9hdXRoX3VzZXJfYmFja2VuZCI6ImRqYW5nby5jb250cmliLmF1dGguYmFja2VuZHMuTW9kZWxCYWNrZW5kIiwiX2F1dGhfdXNlcl9pZCI6IjMiLCJfYXV0aF91c2VyX2hhc2giOiI3ZDE4YjdlOWQxYjc3OWQ0MmYyZWNiYWFmZjBmNjgxMmU3ZTVjYWE4In0=	2016-09-27 11:24:24.805447-05
8ns1mvnqutza66sbzhbsrt9o25g3lbag	OTA2MmE0NTVkZjJhYWI0Y2E5ZGYyMzg5NDdhNzkxZTRhNDc1N2UxMjp7ImZhY2Vib29rX3N0YXRlIjoibEtWS1ZHZWJKZ1pXdUgweG9qYWwzOXJ1eGhtbzNIUWYifQ==	2016-09-09 20:41:21.267163-05
2ivdatxpi8erxhqa10w4gkmkbfuhv4e9	ZDQ2NGY4NWZlZjE0NGZjOGE1Y2Y2NDFhYTNlNzFjZDhkNGVkMzExYjp7Il9hdXRoX3VzZXJfYmFja2VuZCI6ImRqYW5nby5jb250cmliLmF1dGguYmFja2VuZHMuTW9kZWxCYWNrZW5kIiwiX2F1dGhfdXNlcl9pZCI6IjMiLCJfYXV0aF91c2VyX2hhc2giOiI3ZDE4YjdlOWQxYjc3OWQ0MmYyZWNiYWFmZjBmNjgxMmU3ZTVjYWE4In0=	2016-09-27 11:34:13.825775-05
osx3qzkvn684swi5eom2wrurgfwkr5bw	MjIwZGVhYjk2NDJjYTY0ZjY2ZTc0ZmI1NzJlZjhjNDVlODVhMDVmZjp7Il9hdXRoX3VzZXJfYmFja2VuZCI6ImRqYW5nby5jb250cmliLmF1dGguYmFja2VuZHMuTW9kZWxCYWNrZW5kIiwiX2F1dGhfdXNlcl9oYXNoIjoiYzE1NDFiNmU0OTFlYTI1NjdjNjVhZDlhNzA2NDY4MGJlMjlmOTAzMyIsIl9hdXRoX3VzZXJfaWQiOiI0In0=	2016-09-27 12:11:13.45748-05
dy3h8j4d3qoiku2ksuxwefy16dsl2nts	NTYzMjk0NTU4MThhNzQzMTc3ODc1M2Y1ODgyNTcwMjFmODBlZDhiNDp7Il9hdXRoX3VzZXJfaWQiOiIxMzEiLCJfYXV0aF91c2VyX2JhY2tlbmQiOiJkamFuZ28uY29udHJpYi5hdXRoLmJhY2tlbmRzLk1vZGVsQmFja2VuZCIsIl9hdXRoX3VzZXJfaGFzaCI6IjJjMTAzMzk3ZTJhMjhmMDQ3MzNhNTMyZDI4ODMxMjMwY2I5YWIxYWIifQ==	2016-09-12 20:17:49.204145-05
uvz2r4iejj87qgvy5k7iu2wzan3ycpqy	OTUxYjdiZjgwZjIwMDQyMzIzOTE0MDU2ODc5MWIzODRiOTMxZjY1NDp7Il9hdXRoX3VzZXJfaWQiOiIxMzIiLCJfYXV0aF91c2VyX2hhc2giOiIyNDRkMTRlZTI1NDA3YzFkYzQ4ZTc3Y2Y1MTI0ZWU1MThhZTNhZGE1IiwiX2F1dGhfdXNlcl9iYWNrZW5kIjoiZGphbmdvLmNvbnRyaWIuYXV0aC5iYWNrZW5kcy5Nb2RlbEJhY2tlbmQifQ==	2016-09-12 20:17:51.744911-05
\.


--
-- Data for Name: social_auth_association; Type: TABLE DATA; Schema: spaapp; Owner: spauser
--

COPY social_auth_association (id, server_url, handle, secret, issued, lifetime, assoc_type) FROM stdin;
\.


--
-- Name: social_auth_association_id_seq; Type: SEQUENCE SET; Schema: spaapp; Owner: spauser
--

SELECT pg_catalog.setval('social_auth_association_id_seq', 1, false);


--
-- Data for Name: social_auth_code; Type: TABLE DATA; Schema: spaapp; Owner: spauser
--

COPY social_auth_code (id, email, code, verified) FROM stdin;
\.


--
-- Name: social_auth_code_id_seq; Type: SEQUENCE SET; Schema: spaapp; Owner: spauser
--

SELECT pg_catalog.setval('social_auth_code_id_seq', 1, false);


--
-- Data for Name: social_auth_nonce; Type: TABLE DATA; Schema: spaapp; Owner: spauser
--

COPY social_auth_nonce (id, server_url, "timestamp", salt) FROM stdin;
\.


--
-- Name: social_auth_nonce_id_seq; Type: SEQUENCE SET; Schema: spaapp; Owner: spauser
--

SELECT pg_catalog.setval('social_auth_nonce_id_seq', 1, false);


--
-- Data for Name: social_auth_usersocialauth; Type: TABLE DATA; Schema: spaapp; Owner: spauser
--

COPY social_auth_usersocialauth (id, provider, uid, extra_data, user_id) FROM stdin;
1	facebook	1217705011612873	{"id": "1217705011612873", "expires": null, "access_token": "EAAYjaA6FgYMBACfChQXDIkG01FA0ZBDu4K86ZB6DJJnTr9RpCsObOOZAj8whMqLMq1KLRzbgMbWF2hW8aANvMiTEfzlt81pfRkftqvnNNvGdpOPniQdgyi6ROSnv8T9XbZAME4eGr5wGQCilhX778opKtUtcZArkZD"}	95
4	twitter	317539721	{"access_token": {"oauth_token": "317539721-wNa82PjbnLGdNSfakj51I7EWYgQNql3PYovAEbxu", "oauth_token_secret": "JykkN41AEOvo6hGoX7m9zsCL25ecNchcs5ZZIcNVzg66I", "x_auth_expires": "0", "screen_name": "PaMelixXXXX", "user_id": "317539721"}, "id": 317539721}	136
6	twitter	268616612	{"access_token": {"oauth_token": "268616612-IBsWXZrMQ8l8MfLiOW3GY0I0BEu6qQFF43uSaMYu", "oauth_token_secret": "zWzpRpoXteSY3DVT84WkU4s7drpi89ScPM1fH5teBOtQf", "screen_name": "nadiapc128", "user_id": "268616612", "x_auth_expires": "0"}, "id": 268616612}	2
\.


--
-- Name: social_auth_usersocialauth_id_seq; Type: SEQUENCE SET; Schema: spaapp; Owner: spauser
--

SELECT pg_catalog.setval('social_auth_usersocialauth_id_seq', 6, true);


--
-- Data for Name: spaapp_actividadcomercial; Type: TABLE DATA; Schema: spaapp; Owner: spauser
--

COPY spaapp_actividadcomercial (id_actividad, tipo_actividad, detalles) FROM stdin;
1	Restaurante	aadadasa
\.


--
-- Name: spaapp_actividadcomercial_id_actividad_seq; Type: SEQUENCE SET; Schema: spaapp; Owner: spauser
--

SELECT pg_catalog.setval('spaapp_actividadcomercial_id_actividad_seq', 1, true);


--
-- Data for Name: spaapp_catalogoestado; Type: TABLE DATA; Schema: spaapp; Owner: spauser
--

COPY spaapp_catalogoestado (id_estado, estado) FROM stdin;
1	En Espera
2	En Proceso
3	Transportista en Espera
4	Enviado
5	Entregado
6	Problema de Proveedor
7	Problema en Entrega
8	Queja de Cliente
\.


--
-- Name: spaapp_catalogoestado_id_estado_seq; Type: SEQUENCE SET; Schema: spaapp; Owner: spauser
--

SELECT pg_catalog.setval('spaapp_catalogoestado_id_estado_seq', 8, true);


--
-- Data for Name: spaapp_categoria; Type: TABLE DATA; Schema: spaapp; Owner: spauser
--

COPY spaapp_categoria (id_categoria, categoria, detalles, ruta_foto) FROM stdin;
7	Pollos	Pollos a la braza	categorias/pollos.jpg
1	Pizza	dadadasdq	categorias/pizza-banner.jpg
2	Comida Asiática	dadadasd	categorias/banner_china.jpg
4	Comida Casera	dasasd	categorias/cocina_casera.jpg
5	Comida rápida	dasdasd	categorias/rapida.jpg
3	Heladería	sadadsa	categorias/helado.jpg
8	Bebidas	hjkb	categorias/bebidas.jpeg
\.


--
-- Name: spaapp_categoria_id_categoria_seq; Type: SEQUENCE SET; Schema: spaapp; Owner: spauser
--

SELECT pg_catalog.setval('spaapp_categoria_id_categoria_seq', 8, true);


--
-- Data for Name: spaapp_ciudad; Type: TABLE DATA; Schema: spaapp; Owner: spauser
--

COPY spaapp_ciudad (id_ciudad, nombre, descripcion) FROM stdin;
1	Loja	dasda
2	Loja	asdasdas
\.


--
-- Name: spaapp_ciudad_id_ciudad_seq; Type: SEQUENCE SET; Schema: spaapp; Owner: spauser
--

SELECT pg_catalog.setval('spaapp_ciudad_id_ciudad_seq', 2, true);


--
-- Data for Name: spaapp_cliente; Type: TABLE DATA; Schema: spaapp; Owner: spauser
--

COPY spaapp_cliente (id_cliente, fechainicio_suscripcion, fecha_pago, detalles_adicionales, pedidos_activos, id_perfil_id) FROM stdin;
1	2016-07-29	2016-07-29	nada	t	3
3	2016-09-05	\N		f	167
4	2016-09-08	\N		f	10
\.


--
-- Name: spaapp_cliente_id_cliente_seq; Type: SEQUENCE SET; Schema: spaapp; Owner: spauser
--

SELECT pg_catalog.setval('spaapp_cliente_id_cliente_seq', 4, true);


--
-- Data for Name: spaapp_contrato; Type: TABLE DATA; Schema: spaapp; Owner: spauser
--

COPY spaapp_contrato (id_contrato, codigo, detalles, vigencia, fecha_inicio, "fechaFin", valor, ruta_contrato, id_proveedor_id, id_sucursal_id) FROM stdin;
\.


--
-- Name: spaapp_contrato_id_contrato_seq; Type: SEQUENCE SET; Schema: spaapp; Owner: spauser
--

SELECT pg_catalog.setval('spaapp_contrato_id_contrato_seq', 1, false);


--
-- Data for Name: spaapp_coordenadas; Type: TABLE DATA; Schema: spaapp; Owner: spauser
--

COPY spaapp_coordenadas (id_coordenadas, latitud, longitud, fecha, estado, id_perfil_id) FROM stdin;
1	1233	123	\N	1	86
2	-3.9866013999999996	-79.1968647	2016-09-13 13:27:59.494-05	5	3
3	-3.9866013999999996	-79.1968647	2016-09-13 13:27:59.494-05	5	3
4	-3.9866142	-79.19685470000002	2016-09-13 13:27:59.494-05	5	3
5	-3.9865972000000003	-79.1968875	2016-09-13 13:27:59.494-05	5	3
6	-3.986593	-79.19686569999999	1969-12-31 19:00:00.013-05	5	3
7	-3.9865945000000003	-79.1968663	1969-12-31 19:00:00.013-05	5	3
8	-3.9865945000000003	-79.1968663	1969-12-31 19:00:00.013-05	5	3
9	-3.9866107000000004	-79.19684579999999	1969-12-31 19:00:00.013-05	5	3
10	-3.9866107000000004	-79.19684579999999	1969-12-31 19:00:00.013-05	5	3
11	-3.9866031	-79.19687600000002	1969-12-31 19:00:00.013-05	5	3
12	-3.9866031	-79.19687600000002	1969-12-31 19:00:00.013-05	5	3
13	-3.9866005999999996	-79.1968495	1969-12-31 19:00:00.013-05	5	3
14	-3.9866005999999996	-79.1968495	1969-12-31 19:00:00.013-05	5	3
15	-3.9866102	-79.1968582	1969-12-31 19:00:00.013-05	5	3
16	-3.9866102	-79.1968582	1969-12-31 19:00:00.013-05	5	3
17	-3.9866099999999993	-79.19685869999999	1969-12-31 19:00:00.013-05	5	3
18	-3.9866099999999993	-79.19685869999999	1969-12-31 19:00:00.013-05	5	3
19	-3.9866099999999993	-79.19685869999999	1969-12-31 19:00:00.013-05	5	3
20	-3.9866099999999993	-79.19685869999999	1969-12-31 19:00:00.013-05	5	3
21	-3.9865942999999997	-79.1968673	1969-12-31 19:00:00.013-05	5	3
22	-3.9865942999999997	-79.1968673	1969-12-31 19:00:00.013-05	5	3
23	-3.9865942999999997	-79.1968673	1969-12-31 19:00:00.013-05	5	3
24	-3.9865942999999997	-79.1968673	1969-12-31 19:00:00.013-05	5	3
25	-3.9865809	-79.19687619999999	1969-12-31 19:00:00.3-05	5	3
26	-3.9865809	-79.19687619999999	1969-12-31 19:00:00.3-05	5	3
27	-3.9865809	-79.19687619999999	1969-12-31 19:00:00.3-05	5	3
28	-3.9865809	-79.19687619999999	1969-12-31 19:00:00.3-05	5	3
\.


--
-- Name: spaapp_coordenadas_id_coordenadas_seq; Type: SEQUENCE SET; Schema: spaapp; Owner: spauser
--

SELECT pg_catalog.setval('spaapp_coordenadas_id_coordenadas_seq', 28, true);


--
-- Data for Name: spaapp_detallepedido; Type: TABLE DATA; Schema: spaapp; Owner: spauser
--

COPY spaapp_detallepedido (id_detalle, valor, cantidad_solicitada, id_pedido_id, id_plato_id, tamanio_id, valor_oferta) FROM stdin;
438	34	2	323	30	292	\N
439	40	5	324	23	252	\N
440	15.6	1	325	30	291	\N
482	3.5499999999999998	1	367	45	179	\N
483	10	1	368	21	254	\N
443	5	1	328	55	261	\N
444	12.32	1	329	64	295	\N
484	10	1	369	21	254	\N
485	14	1	370	21	253	\N
447	8	1	332	23	252	\N
448	17	1	333	30	292	\N
486	3.5	1	371	3	312	\N
450	17	1	335	30	292	\N
451	15.6	1	336	30	291	\N
452	12.32	1	337	64	295	\N
453	2.3500000000000001	1	338	63	294	\N
454	25.850000000000001	11	339	63	294	\N
455	12.32	1	340	64	295	\N
456	12.32	1	341	64	295	\N
487	5	1	372	55	261	\N
488	12.32	1	373	64	295	\N
459	2.3500000000000001	1	344	63	294	\N
460	12.32	1	345	64	295	\N
489	12.32	1	374	64	295	\N
462	17	1	347	30	292	\N
463	26	2	348	20	30	\N
490	10	1	375	21	254	\N
465	15.6	1	350	30	291	\N
466	15.6	1	351	30	291	\N
467	11	1	352	4	220	\N
491	11	1	376	4	220	\N
469	4.4000000000000004	4	354	58	271	\N
470	2.2000000000000002	2	355	58	271	\N
471	1.1000000000000001	1	356	58	271	\N
472	1.1000000000000001	1	357	58	271	\N
473	1.1000000000000001	1	358	58	271	\N
474	2.2000000000000002	2	359	58	271	\N
475	5	1	360	55	261	\N
476	0.01	1	361	57	317	\N
492	15.6	1	377	30	291	\N
493	15.6	1	378	30	291	\N
477	15.6	1	362	30	291	\N
478	2.3500000000000001	1	363	63	294	\N
479	2.3500000000000001	1	364	63	294	\N
480	3.5	1	365	3	312	\N
481	3.5	1	366	3	312	\N
494	10	1	379	21	254	\N
495	15.6	1	380	30	291	\N
496	17	1	381	30	292	\N
497	10	1	381	21	254	\N
498	2.3500000000000001	1	381	63	294	\N
499	15.6	1	382	30	291	\N
500	14	1	383	21	253	\N
501	14	1	384	21	253	\N
502	10	1	385	21	254	\N
503	11	1	386	4	220	\N
504	14	1	387	21	253	\N
505	14	1	388	21	253	\N
506	11	1	389	4	220	\N
507	11	1	390	4	220	\N
508	11	1	391	4	220	\N
509	11	1	392	4	220	\N
510	3.2000000000000002	1	393	55	260	\N
511	10	1	394	21	254	\N
512	10	1	395	21	254	\N
\.


--
-- Name: spaapp_detallepedido_id_detalle_seq; Type: SEQUENCE SET; Schema: spaapp; Owner: spauser
--

SELECT pg_catalog.setval('spaapp_detallepedido_id_detalle_seq', 512, true);


--
-- Data for Name: spaapp_direccion; Type: TABLE DATA; Schema: spaapp; Owner: spauser
--

COPY spaapp_direccion (id_direccion, calle_principal, calle_secundaria, numero_casa, latitud, longitud, referencia, id_perfil_id) FROM stdin;
140	11	11	11	-3.9865895000000005	-79.19686449999999	11	36
142	33	22	22	-3.9866092	-79.19685869999999	33	36
3	Vince	Ambato		-3.9870951803235783	-79.20502334833145	coca-cola	4
4	Latacunga	Bolivar		-3.9870951803235783	-79.20502334833145	coca-cola	6
144	44	44	44	-3.9865884999999994	-79.19686829999999	44	36
146	66	55	55	-3.9865925000000004	-79.1968655	66	36
148	88	88	88	-3.9865887	-79.1968778	88	36
8	we	w	sdf	-4.02147042659097	-79.21773362438964	we	36
150	cheo	cheo	N/A	-3.9865909999999998	-79.19684509999999	cheo	133
152	sqParisisisimo	paari	78-89	-3.9865783	-79.1968447	e	137
154	Venecia	Bucarest	12-98	-3.9865944	-79.1968385	Esq	138
156	Loxa	Loji	12-89	-3.9865827	-79.1968457	esq	142
158	sisi	sisi	12-36	-3.9865861999999996	-79.19685729999999	sisi	144
162	Paris	Paris	12-89	-3.986595	-79.196913	En Prendho	145
164	Crisentemos	Anturios	N/A	-4.015341	-79.201854	En el HUB	146
17	colombia2	filipinas2	15-36	-3.9747766385787027	-79.22028708737186	frente a casa	67
175	1	2	2	-3.9865909999999998	-79.1968562	3	107
177	aaaaaaaaaaaaaaa	as	123	-3.9865921	-79.1968739	s	144
179	Loxa	Liberis	12-89	-3.9866043999999996	-79.1968674	Liberis	148
181	oop	op		-3.9865988999999993	-79.1968612	op	144
183	oop	op	45-89	-3.9865898000000004	-79.19687920000001	op	144
185	qwqw	qw	12	-3.9866029999999997	-79.19687669999999	qww	153
187	jjjjj	jjj	14	-447241.6101273	-8822421.1979056	jjjj	105
189	22	22	22	-3.986593	-79.1968647	22	155
191	oooo	oo	111	-3.989609527002936	-79.19792207933503	ooo	157
193	fdsf	fs	4	-3.9866029000000003	-79.196827	fsd	160
195	qq	qq	12	-444144.0058122743	-8816154.059607262	qq	160
197	q	q	1	-3.9879976119857035	-79.19358773383787	q	160
199	qw	qw	12	-444142.66673829907	-8816152.200571768	qw	160
201	paris	marcelno	126	-444143.73799747875	-8816152.77943312	utpl	158
203	LOL	LOL	123	-1.214545	-79.197015	Frente	3
205	gh	df	ty	-444145.6796547706	-8816151.187564403	h	36
207	loja	loja	12345	-444142.88991729426	-8816157.477115631	loja	167
209	loxita	loxi	1234	-444144.5079650205	-8816157.310136395	lo	167
211	qew	wqe	12	-444143.3697521326	-8816154.927899292	wqe	173
213	dsfkj	qjkds	2	-3.985558598222438	-79.19670264393292	kjds	36
215	loja	loja	1234	-444144.351739722	-8816152.868488712	loja	178
74	fdsfd	fsdf	14	-4.017973134894606	-79.21208280720565	dfd	105
2	Sucre	Miguel Riofrío	12-34	-3.9978661165384266	-79.20301992157755	Frente a la Inmaculada	5
141	22	22	22	-3.9865931999999997	-79.1968873	22	36
143	44	44	44	-3.9865687999999997	-79.1968737	44	36
145	55	55	55	-3.9865925000000004	-79.1968658	55	36
147	77	77	77	-3.9865904	-79.196877	77	36
149	Monte	CArlo	N/A	-3.9865921	-79.1968622	Bosque	133
151	Praga	Doble	12-65	-3.9865884	-79.1968437	Esq	137
153	lojita	dos	N/A	-3.9865972999999997	-79.19684389999999	lojita	137
155	5555	55	55	-3.986592	-79.1968692	555	105
91	PAris	Penci	12-98	-3.9866216	-79.1968516	Esq	128
92	sda	da	11111	-3.9866075999999993	-79.1968531	da	114
176	sdas	das	12-98	-3.9865888999999997	-79.19685419999999	dasd	36
178	fdger	ert	4355	-3.9825732	-79.19434230000002	ert	36
180	pobre	pobre	12-89	-3.9865773	-79.1968558	pobre	144
182	oop	op		-3.9865891999999996	-79.19687979999999	op	144
184	que	q	1	-3.9865894	-79.1968799	q	144
186	Mistral	Rómulo Gallegos	22	-3.9866134000000004	-79.1968722	afasfassf	143
96	LOP	LOP	12-56	-3.9866170999999997	-79.1968871	12-56	114
97	lolo		12-58	-3.9866170999999997	-79.1968871	Esq	114
157	loxi	loxi	12-98	-3.9865827	-79.19684029999999	loxi	36
95	24 de Mayo	Miguel Riofrío	N/A	-4.002087429754183	-79.19728585767066	Frente a escuela	130
159	:D	:D	12-98	-3.9865831999999997	-79.1968536	:D	144
161	calle	calle2	12-98	-3.9865797999999995	-79.1968553	dos	144
188	11	11	11	-444416.21229496	-8816245.4801761	11	155
0	Para recoger	''	''	''	''	''	67
99	rreAgui	rorar	15-89	-3.9865812	-79.1968605	ora	133
190	33	33	33	-443777.6398574	-8816071.4198998	33	155
192	hjgf	fdf	fdfd	-3.9827778672999172	-79.20188009527656	fdf	158
101	Primcipal22	Guaman	1	-3.9865871999999998	-79.1968435	sq	133
194	f	fd	fd	-444143.4590237323	-8816153.759044638	fd	161
196	q	q	1	-3.9471441615692653	-79.23873477597655	q	160
198	fvds	sdfs	dsf	-4.054861290899052	-79.09361306112025	fds	161
200	sipo	sa	1	-3.9869766063220475	-79.19476097696885	sipo	144
106	mi direccion	mi dir	12-89	-3.9865941	-79.19686159999999	queti	133
202	mucho	mas	1234	-444146.5835297321	-8816150.853605928	mas	36
204	as	ds	gf	-444145.6796547706	-8816151.187564403	df	36
206	poq	poq	1234	-444142.9122351923	-8816155.80732327	poq	36
208	catamayo	manuela	666	-443695.4506002563	-8815873.857317027	frente a nada	172
210	loja	okj	797	-1.54648797	-79.197015	frente a	176
212	qw	qw	12	-3.9908309442307264	-79.19721132275373	qw	167
214	sd	csc	43	-443695.4506002563	-8815873.857317027	D	36
120	mi	paraiso	666	-3.9866165	-79.1968574	.com	133
121	qNuevaLoja	Holi	12-78	-3.9865895000000005	-79.19684769999999	es	133
1	Av. Universitariajhjk	Mercadillo	123	-4.004781615666946	-79.23178415301382	Frente al Leónjj	2
127	paris	paris	12-25	-3.9865925000000004	-79.1968488	paris	133
128	loxa	lox	1266	-3.9865925000000004	-79.1968488	loxa	133
129	yyyyyyyyyyyyyyyyyyy	qqqqqqqqqqqqqqqqqqqqqq	78	-3.9865925000000004	-79.1968488	46454653	133
98	Av. 18 de Noviembre	Mercadillo	12-89	-4.001625972451649	-79.20358799875574	Esquina	134
\.


--
-- Name: spaapp_direccion_id_direccion_seq; Type: SEQUENCE SET; Schema: spaapp; Owner: spauser
--

SELECT pg_catalog.setval('spaapp_direccion_id_direccion_seq', 215, true);


--
-- Data for Name: spaapp_horariotransportista; Type: TABLE DATA; Schema: spaapp; Owner: spauser
--

COPY spaapp_horariotransportista (id_horario, dias, horas, id_transportista_id) FROM stdin;
\.


--
-- Name: spaapp_horariotransportista_id_horario_seq; Type: SEQUENCE SET; Schema: spaapp; Owner: spauser
--

SELECT pg_catalog.setval('spaapp_horariotransportista_id_horario_seq', 1, false);


--
-- Data for Name: spaapp_ingrediente; Type: TABLE DATA; Schema: spaapp; Owner: spauser
--

COPY spaapp_ingrediente (id_ingrediente, nombre, id_proveedor_id) FROM stdin;
64	Cebolla	1
65	pimiento	1
66	harina	1
67	aceitunas	1
68	carne	13
69	quezo	1
70	Platano	1
3	Pollo	1
5	Carne de res	2
6	Arroz	2
7	Pescado	2
8	Cebolla	2
9	pimiento	2
10	zanahoria	2
15	tomate	2
16	culantro	2
17	helado	8
18	tallarin	3
19	chocolate	8
20	harina	6
21	aceitunas	8
22	palmito	3
23	albondigas	2
24	Dos copas	7
25	cereza	7
26	oregano	5
27	veganito	5
28	carne de chancho	10
30	queso	1
29	chuleta	2
31	camaron	10
32	tallarin	10
33	verduras	10
34	arroz	10
35	queso	11
36	chorizo	11
37	CHAMPIÑONES	11
38	jamon	11
39	piña	11
40	zanahoria	11
41	pizza	11
42	Pollo	2
43	zanahoria	1
44	tomate	1
45	Arroz	1
46	Carne de res	1
47	chuleta	1
48	piña	1
49	tallarin	1
50	palmito	1
51	culantro	1
52	bizcochuelo	4
53	leche condensada	4
54	leche evaporada	4
55	leche entera	4
56	crema	4
57	helado	4
58	pan	1
59	platanito	1
60	maracuya	12
61	soya	12
62	piña	12
63	naranjilla	12
\.


--
-- Name: spaapp_ingrediente_id_ingrediente_seq; Type: SEQUENCE SET; Schema: spaapp; Owner: spauser
--

SELECT pg_catalog.setval('spaapp_ingrediente_id_ingrediente_seq', 70, true);


--
-- Data for Name: spaapp_menu; Type: TABLE DATA; Schema: spaapp; Owner: spauser
--

COPY spaapp_menu (id_menu, id_proveedor_id) FROM stdin;
1	1
2	2
3	3
4	4
5	5
6	7
7	6
8	8
9	8
10	9
11	9
12	10
13	11
14	12
15	13
16	14
17	12
18	8
19	12
\.


--
-- Name: spaapp_menu_id_menu_seq; Type: SEQUENCE SET; Schema: spaapp; Owner: spauser
--

SELECT pg_catalog.setval('spaapp_menu_id_menu_seq', 19, true);


--
-- Data for Name: spaapp_modificardetallepedido; Type: TABLE DATA; Schema: spaapp; Owner: spauser
--

COPY spaapp_modificardetallepedido (id_modificardetallepedido, id_ingrediente_quitar_id, id_detallepedido_id) FROM stdin;
\.


--
-- Name: spaapp_modificardetallepedido_id_modificardetallepedido_seq; Type: SEQUENCE SET; Schema: spaapp; Owner: spauser
--

SELECT pg_catalog.setval('spaapp_modificardetallepedido_id_modificardetallepedido_seq', 1, false);


--
-- Data for Name: spaapp_pedido; Type: TABLE DATA; Schema: spaapp; Owner: spauser
--

COPY spaapp_pedido (id_pedido, fecha, observaciones, valor, tiempo, id_direccion_id, id_sucursal_id, id_tipo_pago_id, id_tipo_pedido_id, id_trasportista_id, usuario_id, id_estado_id, notificado, "notificadoPersistente") FROM stdin;
323	2016-09-07 16:06:59-05	Sin Comentario	35.200000000000003	\N	214	1	1	1	1	15	1	f	I
325	2016-09-07 16:10:50-05	Sin Comentario	16.800000000000001	\N	207	1	2	1	1	136	1	f	I
326	2016-09-07 16:11:30-05	Sin Comentario	4.7000000000000002	\N	207	1	1	1	1	136	1	f	I
327	2016-09-07 16:11:48-05	Sin Comentario	7.5	\N	207	1	1	1	1	136	1	f	I
328	2016-09-07 16:12:09-05	Sin Comentario	6.2000000000000002	\N	207	1	1	1	1	136	1	f	I
329	2016-09-07 16:12:27-05	Sin Comentario	13.52	\N	207	1	1	1	1	136	1	f	I
330	2016-09-07 16:12:44-05	Sin Comentario	2.1000000000000001	\N	207	12	1	1	1	136	1	f	I
324	2016-09-07 16:09:26-05	Sin Comentario	40	1	186	1	1	2	1	112	5	f	I
331	2016-09-07 16:13:42-05	Sin Comentario	6.7000000000000002	\N	207	1	1	1	1	136	1	f	I
332	2016-09-07 16:14:21-05	Sin Comentario	9.1999999999999993	\N	207	1	1	1	1	136	1	f	I
333	2016-09-07 16:47:32-05	Sin Comentario	18.199999999999999	\N	207	1	1	1	1	136	1	f	I
334	2016-09-07 18:07:16-05	Sin Comentario	20.099999999999998	\N	186	1	1	2	1	112	1	f	I
335	2016-09-07 18:19:02-05	Sin Comentario	17	\N	74	1	1	2	1	74	1	f	I
336	2016-09-07 18:26:42-05	Sin Comentario	16.800000000000001	\N	202	1	1	2	1	15	1	f	I
337	2016-09-07 18:37:14-05	Sin Comentario	13.52	\N	207	1	1	1	1	136	1	f	I
389	2016-09-13 12:15:31-05	Sin Comentario	12	100	8	1	1	1	1	15	2	f	I
352	2016-09-08 01:12:03-05	Sin Comentario	12.199999999999999	1	207	1	1	1	1	136	4	t	I
341	2016-09-07 19:06:23-05	Sin Comentario	12.32	6662	8	1	1	2	1	15	4	t	I
340	2016-09-07 19:03:37-05	Sin Comentario	12.32	666	8	1	1	2	1	15	4	t	I
339	2016-09-07 18:58:20-05	lalalalallala	25.850000000000001	1000	8	1	1	2	1	15	4	t	I
363	2016-09-08 02:07:27-05	Sin Comentario	2.3500000000000001	666	175	1	1	2	1	76	5	t	I
338	2016-09-07 18:54:59-05	Sin Comentario	2.3500000000000001	15	8	1	1	2	1	15	4	t	I
342	2016-09-07 19:07:17-05	Sin Comentario	3.5	333	8	1	1	2	1	15	4	t	I
366	2016-09-08 11:11:38-05	Sin Comentario	4.7000000000000002	35	8	1	1	1	1	15	5	f	I
344	2016-09-07 19:33:22-05	test	3.5499999999999998	\N	178	1	1	1	1	15	1	f	I
345	2016-09-07 19:35:11-05	plato	13.52	\N	202	1	1	1	1	15	1	f	I
365	2016-09-08 11:10:53-05	jajasjda	3.5	20	8	1	1	2	1	15	5	t	I
348	2016-09-08 00:54:31-05	Sin Comentario	26	\N	186	2	1	2	1	112	1	f	I
373	2016-09-12 12:52:44-05	Sin Comentario	13.32	6	74	1	1	1	1	74	5	f	I
372	2016-09-12 12:36:37-05	Sin Comentario	6	3	74	1	1	1	1	74	5	f	I
347	2016-09-08 00:54:12-05	Sin Comentario	17	1111	175	1	1	2	1	76	5	f	I
353	2016-09-08 01:12:56-05	Sin Comentario	6.7000000000000002	2	207	1	1	1	1	136	5	t	I
349	2016-09-08 01:02:36-05	Sin Comentario	5.5	666	175	1	1	2	1	76	5	f	I
354	2016-09-08 01:31:58-05	Sin Comentario	4.4000000000000004	1	186	12	1	2	1	112	5	t	I
346	2016-09-08 00:52:05-05	Sin Comentario	5.5	1	8	1	1	2	1	15	5	t	I
356	2016-09-08 01:38:48-05	Sin Comentario	2.1000000000000001	\N	207	12	1	1	1	136	1	f	I
350	2016-09-07 20:08:48-05	Sin Comentario	16.800000000000001	\N	207	1	1	1	1	136	1	f	I
371	2016-09-12 12:19:57-05	Sin Comentario	4.5	4	74	1	1	1	1	74	5	f	I
374	2016-09-12 13:16:28-05	Sin Comentario	13.32	3	74	1	1	1	1	74	5	f	I
351	2016-09-08 01:10:26-05	Sin Comentario	16.800000000000001	1	207	1	1	1	1	136	5	f	I
355	2016-09-08 01:35:23-05	Sin Comentario	2.2000000000000002	1	186	12	1	2	1	112	5	t	I
357	2016-09-08 01:39:12-05	Sin Comentario	2.1000000000000001	\N	207	12	1	1	1	136	1	f	I
375	2016-09-12 13:20:19-05	Sin Comentario	10	1	74	1	1	2	1	74	5	t	I
359	2016-09-08 01:40:42-05	Sin Comentario	3.2000000000000002	\N	207	12	1	1	1	136	1	f	I
364	2016-09-08 02:08:06-05	Sin Comentario	2.3500000000000001	666	175	1	1	2	1	76	5	t	I
358	2016-09-08 01:39:31-05	Sin Comentario	1.1000000000000001	1	207	12	1	2	1	136	5	t	I
370	2016-09-12 12:17:31-05	Sin Comentario	14	1	1	1	1	2	1	2	4	f	I
360	2016-09-08 01:44:30-05	Sin Comentario	5	1	1	1	1	2	1	147	5	t	I
377	2016-09-12 17:04:14-05	Sin Comentario	16.600000000000001	10	207	1	1	1	1	136	2	f	I
361	2016-09-08 01:47:11-05	Sin Comentario	0.01	1	162	12	1	2	1	147	5	t	I
379	2016-09-12 17:07:16-05	Sin Comentario	10	10	215	1	1	2	1	147	5	t	I
380	2016-09-12 17:10:05-05	Sin Comentario	15.6	15	207	1	1	2	1	136	5	t	I
381	2016-09-12 17:12:11-05	Sin Comentario	30.350000000000001	\N	74	1	1	1	1	74	1	f	I
378	2016-09-12 17:06:52-05	Sin Comentario	16.600000000000001	15	215	1	1	1	1	147	2	f	I
362	2016-09-08 01:57:54-05	Sin Comentario	15.6	15	74	1	1	2	1	74	5	t	I
367	2016-09-09 09:57:00-05	Sin Comentario	5.0499999999999998	\N	8	10	1	1	1	15	1	f	I
368	2016-09-09 12:51:54-05	Sin Comentario	10	\N	207	1	1	2	1	136	1	f	I
369	2016-09-09 15:49:33-05	Sin Comentario	10	\N	74	1	1	2	1	74	1	f	I
343	2016-09-07 19:30:49-05	Sin Comentario	5.5	111	8	1	1	2	1	15	5	t	I
382	2016-09-12 17:11:49-05	Sin Comentario	16.600000000000001	16	207	1	1	1	1	136	4	t	I
376	2016-09-12 16:17:15-05	Sin Comentario	12	11	8	1	1	1	1	15	3	f	I
384	2016-09-13 09:57:51-05	Sin Comentario	15	22	8	1	1	1	1	15	4	t	I
385	2016-09-13 11:00:42-05	Sin Comentario	11	5	8	1	1	1	1	15	2	f	I
383	2016-09-13 09:50:05-05	Sin Comentario	15	5	8	1	1	1	1	15	2	f	I
386	2016-09-13 11:23:43-05	Sin Comentario	12	7	8	1	1	1	1	15	4	t	I
388	2016-09-13 11:28:32-05	Sin Comentario	14	10	8	1	1	2	1	15	5	t	I
387	2016-09-13 11:28:30-05	Sin Comentario	14	10	8	1	1	2	1	15	5	t	I
390	2016-09-13 12:15:53-05	Sin Comentario	11	1	8	1	1	2	1	15	5	t	I
391	2016-09-13 12:20:43-05	Sin Comentario	11	2	8	1	1	2	1	15	5	t	I
392	2016-09-13 12:23:26-05	Sin Comentario	12	3	8	1	1	1	1	15	5	t	I
393	2016-09-13 12:23:48-05	Sin Comentario	4.2000000000000002	11	8	1	1	1	1	15	5	t	I
394	2016-09-13 12:32:45-05	Sin Comentario	10	100	8	1	1	2	1	15	5	t	I
395	2016-09-13 12:50:30-05	Sin Comentario	10	150	8	1	1	2	1	15	5	t	I
\.


--
-- Name: spaapp_pedido_id_pedido_seq; Type: SEQUENCE SET; Schema: spaapp; Owner: spauser
--

SELECT pg_catalog.setval('spaapp_pedido_id_pedido_seq', 395, true);


--
-- Data for Name: spaapp_perfil; Type: TABLE DATA; Schema: spaapp; Owner: spauser
--

COPY spaapp_perfil (id_perfil, cedula, fecha_nacimiento, telefono, genero, ruta_foto, sim_dispositivo, id_usuario_id) FROM stdin;
86		\N		\N	usuarioFoto/descarga.png	0	55
105		\N		\N	usuarioFoto/Positive_Thinking_by_Cloud4ever.png		74
4		\N		\N	usuarioFoto/rest1_GTgybUv.png	14	6
6		\N		\N	usuarioFoto/rest10_Tb8n5Vo.jpg	14	8
7	123123312	2016-07-28	1312312	Femenino	usuarioFoto/papalogo_T69w2cx_chpNt8u.jpg	sdasdsa	9
8	1212121	\N		\N	usuarioFoto/rest12_pgD61rK.png	12	10
1	2222222222	2016-07-26	0984532	Masculino	noname	22222	3
52	\N	\N	\N	\N	usuarioFoto/userDefault.jpg	0	23
53	\N	\N	\N	\N	usuarioFoto/userDefault.jpg	0	24
126	\N	\N	\N	\N	usuarioFoto/userDefault.jpg	0	95
172	\N	\N	\N	\N	usuarioFoto/userDefault.jpg	0	141
170	110466332	\N		Otro	usuarioFoto/userDefault.jpg		139
56	\N	\N	\N	\N	usuarioFoto/userDefault.jpg	0	27
45	1102984765	2016-07-29	09876543	Masculino	usuarioFoto/descarga.png	30000	3
57	\N	\N	\N	\N	usuarioFoto/userDefault.jpg	0	28
94		\N		\N	usuarioFoto/Pollo-Campero.jpg	0	63
58	\N	\N	\N	\N	usuarioFoto/userDefault.jpg	0	29
59	\N	\N	\N	\N	usuarioFoto/userDefault.jpg	0	30
82	\N	\N	\N	\N	usuarioFoto/userDefault.jpg	0	51
62	\N	\N	\N	\N	usuarioFoto/userDefault.jpg	0	32
46	1109483737	2016-08-26	25467877	Masculino	usuarioFoto/userDefault.jpg	7	3
48	1104322333	2000-10-10	2584179	Masculino	usuarioFoto/userDefault.jpg	2584179	3
66	1111111111	2016-08-07	12	Masculino	noname	12	3
63	\N	\N	\N	\N	usuarioFoto/userDefault.jpg	0	33
44	1104857563	2016-07-28	12345	Masculino	usuarioFoto/userDefault.jpg	5554321	3
133	1102578996	1994-09-06	9999999999	Femenino	usuarioFoto/perry.png		102
64	\N	\N	\N	\N	usuarioFoto/userDefault.jpg	0	34
107		\N		\N	usuarioFoto/userDefault.jpg		76
49	1212121	2016-08-08	1526464643	Masculino	usuarioFoto/userDefault.jpg	7	11
34	55555	2016-01-01	123456	\N	usuarioFoto/userDefault.jpg	aaaaa	13
35	1123456789	2016-01-01	123456	aaaa	usuarioFoto/userDefault.jpg	aaaaa	14
37	1123456789	2016-01-01	555555	genero	usuarioFoto/userDefault.jpg	aaaaa	16
39	11111	1990-05-28	13123131	femenino	usuarioFoto/userDefault.jpg		17
40	111111	2016-01-01	555555	\N	usuarioFoto/userDefault.jpg	aaaaa	18
47	1123456789	2016-01-01	555555	genero	usuarioFoto/userDefault.jpg	aaaaa	19
51	\N	\N	\N	\N	usuarioFoto/userDefault.jpg	0	22
65	\N	\N	\N	\N	usuarioFoto/userDefault.jpg	0	35
67	1104666332	2015-03-20	2464	Masculino	usuarioFoto/userDefault.jpg	0	36
71	\N	\N	\N	\N	usuarioFoto/userDefault.jpg	0	40
72	\N	\N	\N	\N	usuarioFoto/userDefault.jpg	0	41
73	\N	\N	\N	\N	usuarioFoto/userDefault.jpg	0	42
74	\N	\N	\N	\N	usuarioFoto/userDefault.jpg	0	43
75	\N	\N	\N	\N	usuarioFoto/userDefault.jpg	0	44
76	\N	\N	\N	\N	usuarioFoto/userDefault.jpg	0	45
77	\N	\N	\N	\N	usuarioFoto/userDefault.jpg	0	46
78	\N	\N	\N	\N	usuarioFoto/userDefault.jpg	0	47
79	\N	\N	\N	\N	usuarioFoto/userDefault.jpg	0	48
80	\N	\N	\N	\N	usuarioFoto/userDefault.jpg	0	49
81	\N	\N	\N	\N	usuarioFoto/userDefault.jpg	0	50
83	\N	\N	\N	\N	usuarioFoto/userDefault.jpg	0	52
84	\N	\N	\N	\N	usuarioFoto/userDefault.jpg	0	53
85	\N	\N	\N	\N	usuarioFoto/userDefault.jpg	0	54
87	\N	\N	\N	\N	usuarioFoto/userDefault.jpg	0	56
88	\N	\N	\N	\N	usuarioFoto/userDefault.jpg	0	57
89	\N	\N	\N	\N	usuarioFoto/userDefault.jpg	0	58
90	\N	\N	\N	\N	usuarioFoto/userDefault.jpg	0	59
91	\N	\N	\N	\N	usuarioFoto/userDefault.jpg	0	60
92	\N	\N	\N	\N	usuarioFoto/userDefault.jpg	0	61
93	\N	\N	\N	\N	usuarioFoto/userDefault.jpg	0	62
95	\N	\N	\N	\N	usuarioFoto/userDefault.jpg	0	64
96	\N	\N	\N	\N	usuarioFoto/userDefault.jpg	0	65
97	\N	\N	\N	\N	usuarioFoto/userDefault.jpg	0	66
98	\N	\N	\N	\N	usuarioFoto/userDefault.jpg	0	67
100	\N	\N	\N	\N	usuarioFoto/userDefault.jpg	0	69
101	\N	\N	\N	\N	usuarioFoto/userDefault.jpg	0	70
102	\N	\N	\N	\N	usuarioFoto/userDefault.jpg	0	71
104	\N	\N	\N	\N	usuarioFoto/userDefault.jpg	0	73
106	\N	\N	\N	\N	usuarioFoto/userDefault.jpg	0	75
118	1111111111	\N		\N	usuarioFoto/userDefault.jpg	0	87
110	\N	\N	\N	\N	usuarioFoto/userDefault.jpg	0	78
111	\N	\N	\N	\N	usuarioFoto/userDefault.jpg	0	79
109	110466332	2016-07-12	2588897	Masculino	usuarioFoto/hobo_owl-wallpaper-1920x1080.jpg		77
112		\N		Masculino	usuarioFoto/avatar_V2CJK2U.png		80
99	1104666332	1995-03-20	0989906930	Femenino	usuarioFoto/DSCN3826_VNWKmmL.JPG		68
113	\N	\N	\N	\N	usuarioFoto/userDefault.jpg	0	81
115	1105896478	1994-06-09	2589764	Masculino	usuarioFoto/little_dragon_black-wallpaper-1366x768.jpg		83
116	\N	\N	\N	\N	usuarioFoto/userDefault.jpg	0	85
119	1111111111	2016-08-11		\N	usuarioFoto/userDefault.jpg	0	88
117	\N	\N	\N	\N	usuarioFoto/userDefault.jpg	0	86
120	\N	\N	\N	\N	usuarioFoto/userDefault.jpg	0	89
121	11	\N		\N	usuarioFoto/userDefault.jpg	0	90
122	44	\N		\N	usuarioFoto/userDefault.jpg	0	91
123	111	\N		\N	usuarioFoto/userDefault.jpg	0	92
124	2555555555	2016-08-10	258897	Femenino	usuarioFoto/travel_the_world-wallpaper-1366x768_8amqeqC.jpg		93
108	Lolito	2016-08-09	258897	Masculino	usuarioFoto/userDefault.jpg	45	3
125	110466332	1995-03-20	258897	Masculino	usuarioFoto/hobo_owl-wallpaper-1920x1080_omWGX9L.jpg		94
127	\N	\N	\N	\N	usuarioFoto/userDefault.jpg	0	96
129	\N	\N	\N	\N	usuarioFoto/userDefault.jpg	0	98
128	1104666332	2013-05-12	0989906930	Masculino	usuarioFoto/new_york_city_aerial_view-wallpaper-1366x768.jpg		97
130	1666666666	1990-05-10	9999999999	Masculino	usuarioFoto/chifabei.jpg	0	99
5	1122334455	2016-07-28	213131	Femenino	usuarioFoto/icecreamsocial_yj6ICi3.jpg	sdada	7
136	\N	\N	\N	\N	usuarioFoto/userDefault.jpg	0	105
135	\N	\N	\N	\N	usuarioFoto/userDefault.jpg	0	104
137	1104632454	1994-05-12	2588897	Masculino	usuarioFoto/fondolinux_gJY8f2k.png		106
138	\N	\N	\N	\N	usuarioFoto/userDefault.jpg	0	107
36	1234567891	2016-01-01	5555558	Femenino			15
148	\N	\N	\N	\N	usuarioFoto/userDefault.jpg	0	117
150	\N	\N	\N	\N	usuarioFoto/userDefault.jpg	0	119
152	\N	\N	\N	\N	usuarioFoto/userDefault.jpg	0	121
154	\N	\N	\N	\N	usuarioFoto/userDefault.jpg	0	123
156	\N	\N	\N	\N	usuarioFoto/userDefault.jpg	0	125
158	\N	\N	\N	\N	usuarioFoto/userDefault.jpg	0	127
160		\N		Femenino	usuarioFoto/userDefault.jpg		129
162	\N	\N	\N	\N	usuarioFoto/userDefault.jpg	0	131
164	\N	\N	\N	\N	usuarioFoto/userDefault.jpg	0	133
166	1sadas	2016-09-02		Masculino	usuarioFoto/userDefault.jpg		135
175	1103161889	\N	\N	\N	usuarioFoto/userDefault.jpg	0	144
131	1104662356	1994-06-20	0984546464	Femenino	usuarioFoto/Captura_de_pantalla_de_2016-07-13_110847.png		100
173	1104243504	\N	752	Masculino	usuarioFoto/userDefault.jpg	0	142
132	1970	1961-08-16	1970	Otro	usuarioFoto/nodo-electritelecom.jpg		101
169		\N		\N	usuarioFoto/userDefault.jpg		138
114	dsdasdasd	1995-03-20	4546464646	Femenino	usuarioFoto/Captura_de_pantalla_de_2016-07-19_175259_Ct4KyY5.png		82
171		\N		\N	usuarioFoto/userDefault.jpg		140
177	1104620800	\N	\N	\N	usuarioFoto/userDefault.jpg	0	146
3	1122334455	2016-03-16	1111111	Masculino	usuarioFoto/chinito_HYopzZ2.jpg	12312312	5
178	1103819338	\N	\N	\N	usuarioFoto/userDefault.jpg	0	147
167	1104666332	1995-03-23	259895	Otro	usuarioFoto/tortilla_Iu8zmJK.jpg		136
134	1111111111	2016-08-19	2579797	Femenino	usuarioFoto/pizzahut.png	0	103
180	1100315421	\N	\N	\N	usuarioFoto/userDefault.jpg	0	149
2	2222222	2016-02-20	555	Masculino	usuarioFoto/phu.jpg	14	4
139	\N	\N	\N	\N	usuarioFoto/userDefault.jpg	0	108
140	\N	\N	\N	\N	usuarioFoto/userDefault.jpg	0	109
141	\N	\N	\N	\N	usuarioFoto/userDefault.jpg	0	110
147	\N	\N	\N	\N	usuarioFoto/userDefault.jpg	0	116
142		\N		\N	usuarioFoto/userDefault.jpg		111
143	\N	\N	\N	\N	usuarioFoto/userDefault.jpg	0	112
149	\N	\N	\N	\N	usuarioFoto/userDefault.jpg	0	118
151	\N	\N	\N	\N	usuarioFoto/userDefault.jpg	0	120
145		\N		\N	usuarioFoto/Logo_Soyard_-_pantone.jpg	0	114
146	\N	\N	\N	\N	usuarioFoto/userDefault.jpg	0	115
153	\N	\N	\N	\N	usuarioFoto/userDefault.jpg	0	122
155	\N	\N	\N	\N	usuarioFoto/userDefault.jpg	0	124
157	\N	\N	\N	\N	usuarioFoto/userDefault.jpg	0	126
159	\N	\N	\N	\N	usuarioFoto/userDefault.jpg	0	128
161	\N	\N	\N	\N	usuarioFoto/userDefault.jpg	0	130
163	\N	\N	\N	\N	usuarioFoto/userDefault.jpg	0	132
144	<script>al	1995-02-01	25879797	Masculino	usuarioFoto/pizza-banner.jpg		113
174	1102783865	\N	5645767	Femenino	usuarioFoto/tortilla_Ug5qOg9.jpg	0	143
176	\N	\N	\N	\N	usuarioFoto/userDefault.jpg	0	145
10	1102323232	2016-05-20	254494	Femenino	http://pbs.twimg.com/profile_images/378800000624286322/9afb590f49c6b4753d3a57945e657a09.jpeg	12	2
179	1104650856	\N	\N	\N	usuarioFoto/userDefault.jpg	0	148
168	\N	\N	\N	\N	usuarioFoto/userDefault.jpg	0	137
\.


--
-- Name: spaapp_perfil_id_perfil_seq; Type: SEQUENCE SET; Schema: spaapp; Owner: spauser
--

SELECT pg_catalog.setval('spaapp_perfil_id_perfil_seq', 180, true);


--
-- Data for Name: spaapp_plato; Type: TABLE DATA; Schema: spaapp; Owner: spauser
--

COPY spaapp_plato (id_plato, nombre_producto, ruta_foto, descripcion, cantidad_diaria, venta_aproximada, hora_mayor_venta, cantidad_mayor_venta, existencia_actual, id_platocategoria_id, activo) FROM stdin;
20	Tallarin Salteado de Pollo	menuFoto/e.jpg	dasdas	5	5	12:00:00	5	5	1	t
22	Burrito	menuFoto/e_y8U7CUV.jpg	fds	5	5	12:00:00	5	5	1	t
39	aa	menuFoto/vegana_Huvzqnr.jpg	agggg	5	5	12:00:00	5	5	1	t
45	Chaulafan especial2	menuFoto/Chaulafan-1.jpg	arroz, pollo, camaron, gato	5	5	12:00:00	5	5	5	t
42	dasdas	menuFoto/e_0UtoCE0.jpg	platanos	5	5	12:00:00	5	5	2	t
47	Tallarin especial	menuFoto/tallarin_aBqyVQB.jpg	tallarin, camaron, salsa de la casa	5	5	12:00:00	5	5	5	f
43	popopopo	menuFoto/cevi.jpg	ojoojojojojojojo	5	5	12:00:00	5	5	2	t
41	cualquier cosa	menuFoto/chaulafan_uN8vdk7.jpg	huhuh	5	5	12:00:00	5	5	2	t
44	Chaulafan especial2	menuFoto/1548-Chaulafan-1.jpg	arroz, carne de gato, pollo, camaron	5	5	12:00:00	5	5	2	t
48	chancho con verduras	menuFoto/verduras_y_chancho.jpg	arroz, pollo, camaron, gato	5	5	12:00:00	5	5	5	t
57	Soyard Piña	menuFoto/soyardpinia.png	Bebida refrescante con delicioso sabor a piña	12	12	12:00:00	12	12	10	t
49	Pizza Extra-Queso	menuFoto/extra.jpg	Mucho queso	5	5	12:00:00	5	5	2	t
54	Copas Locas	menuFoto/helado2doble.jpg	Dos copas de helado de cualquier sabor	5	5	12:00:00	5	5	1	t
59	Soyard Naranjilla	menuFoto/soyardVerde.png	Deliciosa bebida de naranjilla y soya	5	5	12:00:00	5	5	10	t
33	Pastel Tres Leches	menuFoto/tresleches.jpg	Con deliciosa masa de bizcochuelo	5	5	12:00:00	5	5	9	t
29	veganito	menuFoto/vegana_Agp1DbI.jpg	hihihihi	5	5	12:00:00	5	5	2	f
51	hjghjgjgj	menuFoto/pizzaamericana.jpg	dsadasdasd	5	5	12:00:00	5	5	2	f
56	pizzita	menuFoto/vegas_BMeAxzk.jpg	La mejor pizzaa chiquit	5	5	12:00:00	5	5	2	f
37	chaulafan	menuFoto/chaulafan_zL7HQdn.jpg	wwwww	5	5	12:00:00	5	5	8	f
35	Chaulafan especial	menuFoto/OTR01_Chaulafandepollo_30.jpg	Delicioso plato con carnes	5	5	12:00:00	5	5	5	t
40	Bayesias	menuFoto/relleno_oW7HMJX.jpg	sasasassasasas	5	5	12:00:00	5	5	2	t
52	iopipi	menuFoto/extra_wiNCYSv.jpg	fsdfsfds	5	5	12:00:00	5	5	2	f
32	aaaa	menuFoto/tomate_wCBXXkx.jpg	aaaaaaaaa	5	5	12:00:00	5	5	2	f
10	pollo	menuFoto/Captura_de_pantalla_de_2016-07-19_180031.png	pollo	5	5	12:00:00	5	5	4	f
50	Pizza de Jamón	menuFoto/pizzajamon.jpg	Con jamón del día	5	5	12:00:00	5	5	2	t
36	Super Lojana	menuFoto/superPizza.jpg	queso, salami, tomate	5	5	12:00:00	5	5	2	f
34	rora	menuFoto/chaulafan_tZzD5gm.jpg	dedede	5	5	12:00:00	5	5	2	f
38	Chaulafan especial	menuFoto/chaulafan_vr7K4I0.jpg	Delicioso plato con arroz	5	5	12:00:00	5	5	11	t
26	Pizza Vegana	menuFoto/vegana.jpg	Deliciosa Pizza con los mejores vegetales.	5	5	12:00:00	5	5	2	f
31	Pollito	menuFoto/relleno_X2dwMru.jpg	Delicia	5	5	12:00:00	5	5	8	f
23	Arroz Relleno	menuFoto/relleno.jpg	Delicia	5	5	12:00:00	5	5	7	t
21	Tallarin y Pollo	menuFoto/e_fXRgePw.jpg	Tallarín italiano	5	5	12:00:00	5	5	2	t
53	Una copa loca	menuFoto/helado1bola.jpg	Delicioso helado con una bola de cualquier sabor	5	5	12:00:00	5	5	1	t
4	Napolitana	menuFoto/napo.jpg	La pizza napolitana puede contener anchoas, orégano, alcaparras y ajo, entre otros ingredientes.	2	4	11:51:03	8	12	2	t
55	Pizza de tomate Las Vegas	menuFoto/vegas.jpg	La mejor pizza!!!	5	5	12:00:00	5	5	2	t
25	Pizza de tomate	menuFoto/tomate.jpg	Deliciosa Pizza	5	5	12:00:00	5	5	2	f
58	Soyard Maracuyá	menuFoto/soyardMaracuya.png	Deliciosa bebida de maracuyá y soya.	5	5	12:00:00	5	5	10	t
30	Super Parrilla	menuFoto/parrilla.jpg	Deliciosas carnes	5	5	12:00:00	5	5	8	t
2	Helado de chocolate	menuFoto/he2_sL69ayP.jpg	Helado de chocolate	2	4	20:19:35	8	12	1	f
3	Hawaiana	menuFoto/plato6_lEA1j32.jpg	Deliciosa pizza que lleva jamón , piña	2	4	11:51:03	8	12	2	t
60	carne	menuFoto/enceboollado.jpg	carne	5	5	12:00:00	5	5	11	t
63	qwe	menuFoto/enceboollado_OsXVNGZ.jpg	wqewqeqwe	5	5	12:00:00	5	5	11	t
64	qftghji	menuFoto/ace.jpg	dfdsfsf	5	5	12:00:00	5	5	11	t
61	soyard peques	menuFoto/soyardVerde_efgy1K4.png	sa	5	5	12:00:00	5	5	10	t
66	Pizza extra grande	menuFoto/encebollado.jpg	La piiza muy grande	5	5	12:00:00	5	5	2	f
65	tubis	menuFoto/ace_idUJvrX.jpg	fad	5	5	12:00:00	5	5	13	t
\.


--
-- Data for Name: spaapp_plato_id_menu; Type: TABLE DATA; Schema: spaapp; Owner: spauser
--

COPY spaapp_plato_id_menu (id, plato_id, menu_id) FROM stdin;
182	38	2
183	60	15
68	29	1
185	26	1
186	25	1
187	30	1
189	63	1
190	64	1
79	37	10
80	35	10
23	20	2
25	22	2
87	40	10
88	39	10
202	3	1
205	57	14
95	42	10
206	59	14
98	43	10
99	41	10
101	44	10
209	61	14
211	56	1
212	66	1
219	65	1
56	2	1
122	45	12
124	47	12
125	48	12
126	49	13
130	51	13
131	52	13
132	32	2
133	10	2
134	50	13
135	36	1
136	34	1
141	31	1
147	4	1
153	54	4
154	33	4
158	23	1
159	21	1
161	53	4
163	55	1
171	58	14
\.


--
-- Name: spaapp_plato_id_menu_id_seq; Type: SEQUENCE SET; Schema: spaapp; Owner: spauser
--

SELECT pg_catalog.setval('spaapp_plato_id_menu_id_seq', 219, true);


--
-- Name: spaapp_plato_id_plato_seq; Type: SEQUENCE SET; Schema: spaapp; Owner: spauser
--

SELECT pg_catalog.setval('spaapp_plato_id_plato_seq', 67, true);


--
-- Data for Name: spaapp_platocategoria; Type: TABLE DATA; Schema: spaapp; Owner: spauser
--

COPY spaapp_platocategoria (id_platocategoria, categoria) FROM stdin;
1	Helados
2	Pizza
3	Hamburguesa
4	Bebida
5	Marisco
6	Pescado
7	Pollo
8	Carnes
9	Pasteles
10	Bebidas
11	Plato Fuerte
13	Ensaladas y Frutas
\.


--
-- Name: spaapp_platocategoria_id_platocategoria_seq; Type: SEQUENCE SET; Schema: spaapp; Owner: spauser
--

SELECT pg_catalog.setval('spaapp_platocategoria_id_platocategoria_seq', 13, true);


--
-- Data for Name: spaapp_platoingrediente; Type: TABLE DATA; Schema: spaapp; Owner: spauser
--

COPY spaapp_platoingrediente (id_plato_ingrediente, requerido, horafecha, id_ingrediente_id, id_plato_id) FROM stdin;
559	t	2016-09-09 11:11:13.209714-05	64	65
560	t	2016-09-09 11:11:13.209714-05	58	65
561	t	2016-09-09 11:11:13.209714-05	70	65
449	t	2016-08-25 10:36:08.559135-05	60	58
155	t	2016-08-16 10:12:25.294531-05	19	2
156	f	2016-08-16 10:12:25.294531-05	23	2
157	f	2016-08-16 10:12:25.294531-05	24	2
158	f	2016-08-16 10:12:25.294531-05	23	2
159	f	2016-08-16 10:12:25.294531-05	25	2
450	t	2016-08-25 10:36:08.559135-05	61	58
312	f	2016-08-18 18:15:39.123532-05	31	45
24	t	2016-08-09 18:07:19.00023-05	3	20
25	t	2016-08-09 18:07:19.00023-05	18	20
313	f	2016-08-18 18:15:39.123532-05	32	45
28	t	2016-08-09 18:22:42.147262-05	5	22
29	t	2016-08-09 18:22:42.147262-05	18	22
479	t	2016-08-31 15:09:25.633147-05	68	60
226	t	2016-08-18 15:26:50.610333-05	6	37
227	f	2016-08-18 15:26:50.610333-05	29	37
228	f	2016-08-18 15:34:48.779112-05	3	35
229	f	2016-08-18 15:34:48.779112-05	5	35
230	f	2016-08-18 15:34:48.779112-05	6	35
231	t	2016-08-18 15:34:48.779112-05	29	35
318	f	2016-08-18 18:17:06.566403-05	28	47
319	f	2016-08-18 18:17:06.566403-05	31	47
320	t	2016-08-18 18:17:06.566403-05	32	47
321	f	2016-08-18 18:17:06.566403-05	33	47
322	f	2016-08-18 18:18:44.240842-05	28	48
323	f	2016-08-18 18:18:44.240842-05	31	48
324	f	2016-08-18 18:18:44.240842-05	32	48
325	f	2016-08-18 18:18:44.240842-05	33	48
326	t	2016-08-18 18:18:44.240842-05	34	48
482	t	2016-09-05 18:29:24.871191-05	64	26
483	t	2016-09-05 18:29:24.871191-05	65	26
484	t	2016-09-05 18:29:24.871191-05	44	26
327	t	2016-08-19 16:44:29.779619-05	35	49
328	f	2016-08-19 16:44:29.779619-05	36	49
329	t	2016-08-19 16:44:29.779619-05	37	49
485	t	2016-09-05 18:29:24.871191-05	66	26
486	t	2016-09-05 18:29:24.871191-05	67	26
248	t	2016-08-18 15:37:34.102694-05	5	38
249	t	2016-08-18 15:37:34.102694-05	6	38
250	f	2016-08-18 15:37:34.102694-05	7	38
487	f	2016-09-05 18:29:24.871191-05	50	26
251	t	2016-08-18 15:37:34.102694-05	10	38
252	f	2016-08-18 15:37:34.102694-05	15	38
253	t	2016-08-18 15:37:34.102694-05	31	38
488	f	2016-09-05 18:29:59.716261-05	64	25
489	f	2016-09-05 18:29:59.716261-05	65	25
256	f	2016-08-18 15:44:30.255394-05	6	40
490	t	2016-09-05 18:29:59.716261-05	44	25
191	f	2016-08-17 17:14:45.060005-05	27	29
257	f	2016-08-18 15:44:56.826575-05	6	39
491	t	2016-09-05 18:29:59.716261-05	66	25
336	f	2016-08-19 17:00:30.527266-05	36	51
337	t	2016-08-19 17:00:30.527266-05	39	51
338	t	2016-08-19 17:00:36.211187-05	40	52
339	f	2016-08-19 17:00:36.211187-05	41	52
340	t	2016-08-22 10:53:48.024912-05	5	32
341	t	2016-08-22 10:54:06.727599-05	42	10
342	t	2016-08-22 11:55:40.116511-05	35	50
343	t	2016-08-22 11:55:40.116511-05	38	50
344	f	2016-08-22 12:43:12.403272-05	3	36
345	f	2016-08-22 12:43:12.403272-05	43	36
346	t	2016-08-22 12:43:12.403272-05	44	36
347	t	2016-08-22 12:43:12.403272-05	30	36
348	f	2016-08-22 12:43:18.276554-05	45	34
492	t	2016-09-05 18:31:57.947806-05	46	30
493	t	2016-09-05 18:31:57.947806-05	47	30
494	t	2016-09-05 18:31:57.947806-05	48	30
496	t	2016-09-07 19:12:33.17526-05	66	63
497	t	2016-09-07 20:53:48.710835-05	64	64
272	t	2016-08-18 15:52:16.579651-05	5	42
273	f	2016-08-18 15:52:16.579651-05	31	42
278	t	2016-08-18 15:56:46.144587-05	3	43
279	f	2016-08-18 15:56:46.144587-05	7	43
280	f	2016-08-18 16:01:34.890881-05	5	41
281	t	2016-08-18 16:01:34.890881-05	30	41
356	t	2016-08-22 13:52:02.416631-05	3	31
285	f	2016-08-18 16:28:04.776283-05	3	44
286	f	2016-08-18 16:28:04.776283-05	5	44
287	f	2016-08-18 16:28:04.776283-05	31	44
357	f	2016-08-22 13:52:02.416631-05	46	31
358	t	2016-08-22 13:52:02.416631-05	50	31
359	f	2016-08-22 13:52:02.416631-05	47	31
509	t	2016-09-08 01:26:22.198268-05	48	3
365	f	2016-08-22 15:20:57.095576-05	3	4
518	t	2016-09-08 01:29:11.015977-05	61	57
519	t	2016-09-08 01:29:11.015977-05	62	57
520	t	2016-09-08 01:29:39.859476-05	61	59
521	t	2016-09-08 01:29:39.859476-05	63	59
526	t	2016-09-08 01:35:17.320625-05	62	61
527	t	2016-09-08 01:35:17.320625-05	63	61
388	t	2016-08-22 16:24:45.767256-05	56	54
389	t	2016-08-22 16:24:45.767256-05	57	54
390	t	2016-08-22 16:30:37.304881-05	52	33
391	t	2016-08-22 16:30:37.304881-05	53	33
392	t	2016-08-22 16:30:37.304881-05	54	33
393	t	2016-08-22 16:30:37.304881-05	55	33
394	t	2016-08-22 16:30:37.304881-05	56	33
533	f	2016-09-08 11:18:36.022057-05	3	56
534	t	2016-09-08 11:18:36.022057-05	30	56
535	t	2016-09-08 11:18:36.022057-05	44	56
536	f	2016-09-08 11:18:36.022057-05	48	56
537	t	2016-09-08 11:18:36.022057-05	58	56
538	f	2016-09-08 11:18:36.022057-05	59	56
539	t	2016-09-08 11:18:45.471555-05	64	66
540	t	2016-09-08 11:18:45.471555-05	65	66
541	t	2016-09-08 11:18:45.471555-05	66	66
542	f	2016-09-08 11:18:45.471555-05	67	66
543	f	2016-09-08 11:18:45.471555-05	69	66
410	t	2016-08-23 10:53:30.692197-05	3	23
411	f	2016-08-23 10:53:30.692197-05	46	23
412	t	2016-08-23 10:53:30.692197-05	45	23
413	t	2016-08-23 10:53:30.692197-05	43	23
414	f	2016-08-23 10:53:30.692197-05	51	23
415	f	2016-08-23 15:35:44.650732-05	3	21
416	t	2016-08-23 15:35:44.650732-05	49	21
419	t	2016-08-23 17:00:30.815114-05	56	53
420	t	2016-08-23 17:00:30.815114-05	57	53
423	t	2016-08-23 18:47:52.190414-05	46	55
424	t	2016-08-23 18:47:52.190414-05	58	55
\.


--
-- Name: spaapp_platoingrediente_id_plato_ingrediente_seq; Type: SEQUENCE SET; Schema: spaapp; Owner: spauser
--

SELECT pg_catalog.setval('spaapp_platoingrediente_id_plato_ingrediente_seq', 561, true);


--
-- Data for Name: spaapp_proveedor; Type: TABLE DATA; Schema: spaapp; Owner: spauser
--

COPY spaapp_proveedor (id_proveedor, nombre_comercial, telefono, telefono_contacto, prioridad, me_gusta, razon_social, id_actividad_id, id_categoria_id, id_perfil_id) FROM stdin;
1	Pizza	65821212		4	5	5216454645	1	1	2
2	Chinito	111111		1	\N	adasdasda	1	1	3
3	Casa China	1526464643		4	\N	221212	1	2	4
4	Ice Cream Social	111111		1	\N	sadasdas	1	3	5
5	Chamelion	65821212		4	\N	5216454645	1	4	6
6	PapaLogo	213123		1	\N	asdadsa	1	5	7
7	Tony's	65821212		4	\N	12	1	3	8
8	Fruques	1526464643		4	\N	5216454645	1	3	86
9	Gusy	343434		2	\N	232	1	7	94
10	Chifa Beijing	111111	2222222222	1	0	11054587878787878	1	2	130
11	PizzaHut	2898989898	0989798797	1	1	11054464	1	1	134
12	Soyard	156413	51352142	1	1	21121221	1	8	145
13	Loco Chavez	2588646	0984654561	1	1	1104464646	1	5	146
14	Restauarnte 23	25898+8	0984646465	1	1	hg	1	4	176
\.


--
-- Name: spaapp_proveedor_id_proveedor_seq; Type: SEQUENCE SET; Schema: spaapp; Owner: spauser
--

SELECT pg_catalog.setval('spaapp_proveedor_id_proveedor_seq', 14, true);


--
-- Data for Name: spaapp_redsocial; Type: TABLE DATA; Schema: spaapp; Owner: spauser
--

COPY spaapp_redsocial (id_red_social, nombre_red_social, cuenta_persona, id_proveedor_id) FROM stdin;
\.


--
-- Name: spaapp_redsocial_id_red_social_seq; Type: SEQUENCE SET; Schema: spaapp; Owner: spauser
--

SELECT pg_catalog.setval('spaapp_redsocial_id_red_social_seq', 1, false);


--
-- Data for Name: spaapp_sucursal; Type: TABLE DATA; Schema: spaapp; Owner: spauser
--

COPY spaapp_sucursal (id_sucursal, nombre_sucursal, razon_social, telefono, telefono_contacto, dias_atencion, hora_atencion, estado, prioridad, activo, hora_pico, me_gusta, id_ciudad_id, id_direccion_id, id_menu_id, id_proveedor_id, descripcion, precio_envio) FROM stdin;
1	Pizza	111111111112	N/	4444444445	Lunes - Sábado	13:30 - 20:00	1	1	f	15:00:20	1	1	1	1	1		1
12	Soyard	Soyard	44564645	45646445	Lunes a Viernes	12:00-15:00	1	1	f	20:13:22	12	1	162	14	12	Bebidas refrescante, ideal para consumir a cualquier hora del dia	1
6	Tony's	212121	65821212		Lunes - Sábado	8:00 - 18:00	0	4	f	11:39:43	5	1	4	6	7	\N	\N
5	Chamelion	212121	1526464643		Lunes - Sábado	8:00 - 18:00	1	4	f	20:11:15	3	1	4	5	5	\N	\N
3	Casa china	5216454645	65821212		Lunes - Sábado	8:00 - 18:00	1	4	f	20:08:04	6	1	3	3	3	\N	\N
9	Gusy	12121	12121		Lunes - Sabado	09:00 - 21:00	0	2	t	14:00:09	10	1	17	11	9	\N	\N
7	PapaLogo	asdadasd	dasdasda		7	08:00	0	1	f	12:00:00	2	1	2	7	6	\N	\N
13	Loco Chavez	101241656445	2578979	0486465464	Lunes - Viernes	9:00 - 19:00	1	1	f	12:00:00	1	1	164	15	13	Descripcion	1.1000000000000001
10	Chifa Beijing - Norte	111111111111	0985464655	4444444444	Lunes-Domingo	11:00 - 21:00	0	1	f	13:10:00	1	1	95	12	10	!Ven y disfruta de los mejores sabores de la comida asiáticaa!	1.5
4	Ice Cream Social	heladería	2588897		Lunes-Viernes	13:00 -20:00	1	1	f	12:00:00	1	1	2	4	4	Los mejores helados y pasteles en un solo lugar!	1
11	PizzaHut - Zamora	11045646464	2588978	098846454	Lunes-Domingo	12:30 - 18:40	1	1	f	21:39:15	1	1	98	13	11	Pizza Hut es una empresa estadounidense de restaurantes de comida rápida, especializada en la elaboración de pizzas. Pertenece al grupo Yum! Brands.	1.1000000000000001
2	Chinito	Restaurante	12345678		7	08:00	1	1	f	12:00:00	1	1	203	2	2		1
\.


--
-- Name: spaapp_sucursal_id_sucursal_seq; Type: SEQUENCE SET; Schema: spaapp; Owner: spauser
--

SELECT pg_catalog.setval('spaapp_sucursal_id_sucursal_seq', 13, true);


--
-- Data for Name: spaapp_tamanio; Type: TABLE DATA; Schema: spaapp; Owner: spauser
--

COPY spaapp_tamanio (id_tamanio, tamanio) FROM stdin;
1	Standard
2	Mediana
3	Grande
4	Normal
5	Simple
6	Doble
\.


--
-- Name: spaapp_tamanio_id_tamanio_seq; Type: SEQUENCE SET; Schema: spaapp; Owner: spauser
--

SELECT pg_catalog.setval('spaapp_tamanio_id_tamanio_seq', 6, true);


--
-- Data for Name: spaapp_tamanioplato; Type: TABLE DATA; Schema: spaapp; Owner: spauser
--

COPY spaapp_tamanioplato (id_tamanioplato, valor, id_plato_id, id_tamanio_id, activo, valor_oferta) FROM stdin;
235	2.5	54	6	t	\N
236	12	33	2	t	\N
284	12	60	1	t	\N
146	12.58	38	1	t	\N
147	15.539999999999999	38	2	t	\N
286	15.35	26	2	f	\N
150	12	40	1	t	\N
151	12	39	1	t	\N
287	18.559999999999999	26	3	f	\N
288	12	25	2	f	\N
289	15	25	3	t	\N
290	10	25	4	t	\N
158	12	42	1	t	\N
249	15	23	2	f	\N
250	10	23	4	f	\N
251	20	23	3	t	\N
163	15.56	43	1	t	\N
164	78.890000000000001	43	3	t	\N
165	12.23	43	1	t	\N
166	12	41	2	t	\N
252	8	23	1	t	\N
253	14	21	3	t	\N
168	3.5600000000000001	44	2	t	\N
254	10	21	2	t	\N
102	2	2	3	t	\N
30	15	20	2	t	13
256	1.1000000000000001	53	5	f	\N
257	1.5	53	2	t	\N
32	14	22	3	t	12.5
101	1.5	2	2	t	1.25
260	3.2000000000000002	55	4	t	\N
261	5	55	2	t	\N
179	3.5499999999999998	45	2	t	\N
291	15.6	30	4	t	\N
292	18.300000000000001	30	3	t	17
295	12.32	64	3	t	\N
181	2.5	47	2	t	\N
182	5.25	48	2	t	\N
183	12.5	49	2	t	\N
294	2.3500000000000001	63	1	t	0
271	1.1000000000000001	58	1	t	\N
125	12	29	2	t	\N
184	15.48	49	3	t	\N
188	12.6	51	1	t	\N
189	12.52	52	2	t	\N
190	12	32	1	t	\N
191	12	10	2	t	\N
192	15	50	1	t	\N
193	18	50	2	t	\N
194	22.350000000000001	36	3	t	\N
195	12	34	2	t	\N
140	12	37	2	t	\N
141	3.5	35	2	t	\N
142	2.5299999999999998	35	1	t	\N
204	12.35	31	2	t	\N
205	20.32	31	1	t	\N
317	1.1000000000000001	57	1	t	0.01
318	1.1000000000000001	59	1	t	0.01
219	10	4	1	t	\N
220	11	4	2	t	\N
321	1	61	1	t	0.01
312	3.5	3	4	t	\N
313	5.5	3	3	t	0.10000000000000001
323	6.2999999999999998	56	1	t	0.10000000000000001
324	12.32	56	3	f	\N
325	15	66	4	t	\N
336	2	65	2	f	\N
337	3	65	3	t	0.01
\.


--
-- Name: spaapp_tamanioplato_id_tamanioplato_seq; Type: SEQUENCE SET; Schema: spaapp; Owner: spauser
--

SELECT pg_catalog.setval('spaapp_tamanioplato_id_tamanioplato_seq', 337, true);


--
-- Data for Name: spaapp_tipopago; Type: TABLE DATA; Schema: spaapp; Owner: spauser
--

COPY spaapp_tipopago (id_tipo_pago, tipo_pago, observaciones) FROM stdin;
1	Efectivo	Efectivo
2	Dinero Electrónico	Dinero Electrónico
\.


--
-- Name: spaapp_tipopago_id_tipo_pago_seq; Type: SEQUENCE SET; Schema: spaapp; Owner: spauser
--

SELECT pg_catalog.setval('spaapp_tipopago_id_tipo_pago_seq', 2, true);


--
-- Data for Name: spaapp_tipopedido; Type: TABLE DATA; Schema: spaapp; Owner: spauser
--

COPY spaapp_tipopedido (id_tipo_pedido, tipo_pedido, observaciones) FROM stdin;
1	A domicilio	A domicilio
2	Para recoger	Para recoger
\.


--
-- Name: spaapp_tipopedido_id_tipo_pedido_seq; Type: SEQUENCE SET; Schema: spaapp; Owner: spauser
--

SELECT pg_catalog.setval('spaapp_tipopedido_id_tipo_pedido_seq', 2, true);


--
-- Data for Name: spaapp_transportista; Type: TABLE DATA; Schema: spaapp; Owner: spauser
--

COPY spaapp_transportista (id_transportista, tipo_transporte, tipo_servicio, id_perfil_id) FROM stdin;
8	MotoTaxi	Entrega	48
6	Taxi	Entrega	45
7	Taxi	Entrega	46
5	Moto	Servicio	44
10	2	1	108
1	Moto	Entrega	1
9	1	1	66
\.


--
-- Name: spaapp_transportista_id_transportista_seq; Type: SEQUENCE SET; Schema: spaapp; Owner: spauser
--

SELECT pg_catalog.setval('spaapp_transportista_id_transportista_seq', 10, true);


--
-- Data for Name: spaapp_valoracion; Type: TABLE DATA; Schema: spaapp; Owner: spauser
--

COPY spaapp_valoracion (id_valoracion, observaciones, valoracion_general, id_pedido_id, id_sucursal_id, usuario_id, valor_sucursal) FROM stdin;
71		5	359	12	136	\N
72		3	358	12	136	\N
73		4	357	12	136	\N
74		4	356	12	136	\N
75		4	353	1	136	\N
76		5	360	1	147	\N
\.


--
-- Name: spaapp_valoracion_id_valoracion_seq; Type: SEQUENCE SET; Schema: spaapp; Owner: spauser
--

SELECT pg_catalog.setval('spaapp_valoracion_id_valoracion_seq', 76, true);


--
-- Name: administracionAPP_contacto_pkey; Type: CONSTRAINT; Schema: spaapp; Owner: spauser
--

ALTER TABLE ONLY "administracionAPP_contacto"
    ADD CONSTRAINT "administracionAPP_contacto_pkey" PRIMARY KEY (id);


--
-- Name: auth_group_name_key; Type: CONSTRAINT; Schema: spaapp; Owner: spauser
--

ALTER TABLE ONLY auth_group
    ADD CONSTRAINT auth_group_name_key UNIQUE (name);


--
-- Name: auth_group_permissions_group_id_0cd325b0_uniq; Type: CONSTRAINT; Schema: spaapp; Owner: spauser
--

ALTER TABLE ONLY auth_group_permissions
    ADD CONSTRAINT auth_group_permissions_group_id_0cd325b0_uniq UNIQUE (group_id, permission_id);


--
-- Name: auth_group_permissions_pkey; Type: CONSTRAINT; Schema: spaapp; Owner: spauser
--

ALTER TABLE ONLY auth_group_permissions
    ADD CONSTRAINT auth_group_permissions_pkey PRIMARY KEY (id);


--
-- Name: auth_group_pkey; Type: CONSTRAINT; Schema: spaapp; Owner: spauser
--

ALTER TABLE ONLY auth_group
    ADD CONSTRAINT auth_group_pkey PRIMARY KEY (id);


--
-- Name: auth_permission_content_type_id_01ab375a_uniq; Type: CONSTRAINT; Schema: spaapp; Owner: spauser
--

ALTER TABLE ONLY auth_permission
    ADD CONSTRAINT auth_permission_content_type_id_01ab375a_uniq UNIQUE (content_type_id, codename);


--
-- Name: auth_permission_pkey; Type: CONSTRAINT; Schema: spaapp; Owner: spauser
--

ALTER TABLE ONLY auth_permission
    ADD CONSTRAINT auth_permission_pkey PRIMARY KEY (id);


--
-- Name: auth_user_groups_pkey; Type: CONSTRAINT; Schema: spaapp; Owner: spauser
--

ALTER TABLE ONLY auth_user_groups
    ADD CONSTRAINT auth_user_groups_pkey PRIMARY KEY (id);


--
-- Name: auth_user_groups_user_id_94350c0c_uniq; Type: CONSTRAINT; Schema: spaapp; Owner: spauser
--

ALTER TABLE ONLY auth_user_groups
    ADD CONSTRAINT auth_user_groups_user_id_94350c0c_uniq UNIQUE (user_id, group_id);


--
-- Name: auth_user_pkey; Type: CONSTRAINT; Schema: spaapp; Owner: spauser
--

ALTER TABLE ONLY auth_user
    ADD CONSTRAINT auth_user_pkey PRIMARY KEY (id);


--
-- Name: auth_user_user_permissions_pkey; Type: CONSTRAINT; Schema: spaapp; Owner: spauser
--

ALTER TABLE ONLY auth_user_user_permissions
    ADD CONSTRAINT auth_user_user_permissions_pkey PRIMARY KEY (id);


--
-- Name: auth_user_user_permissions_user_id_14a6b632_uniq; Type: CONSTRAINT; Schema: spaapp; Owner: spauser
--

ALTER TABLE ONLY auth_user_user_permissions
    ADD CONSTRAINT auth_user_user_permissions_user_id_14a6b632_uniq UNIQUE (user_id, permission_id);


--
-- Name: auth_user_username_key; Type: CONSTRAINT; Schema: spaapp; Owner: spauser
--

ALTER TABLE ONLY auth_user
    ADD CONSTRAINT auth_user_username_key UNIQUE (username);


--
-- Name: django_admin_log_pkey; Type: CONSTRAINT; Schema: spaapp; Owner: spauser
--

ALTER TABLE ONLY django_admin_log
    ADD CONSTRAINT django_admin_log_pkey PRIMARY KEY (id);


--
-- Name: django_content_type_app_label_76bd3d3b_uniq; Type: CONSTRAINT; Schema: spaapp; Owner: spauser
--

ALTER TABLE ONLY django_content_type
    ADD CONSTRAINT django_content_type_app_label_76bd3d3b_uniq UNIQUE (app_label, model);


--
-- Name: django_content_type_pkey; Type: CONSTRAINT; Schema: spaapp; Owner: spauser
--

ALTER TABLE ONLY django_content_type
    ADD CONSTRAINT django_content_type_pkey PRIMARY KEY (id);


--
-- Name: django_migrations_pkey; Type: CONSTRAINT; Schema: spaapp; Owner: spauser
--

ALTER TABLE ONLY django_migrations
    ADD CONSTRAINT django_migrations_pkey PRIMARY KEY (id);


--
-- Name: django_session_pkey; Type: CONSTRAINT; Schema: spaapp; Owner: spauser
--

ALTER TABLE ONLY django_session
    ADD CONSTRAINT django_session_pkey PRIMARY KEY (session_key);


--
-- Name: social_auth_association_pkey; Type: CONSTRAINT; Schema: spaapp; Owner: spauser
--

ALTER TABLE ONLY social_auth_association
    ADD CONSTRAINT social_auth_association_pkey PRIMARY KEY (id);


--
-- Name: social_auth_code_email_801b2d02_uniq; Type: CONSTRAINT; Schema: spaapp; Owner: spauser
--

ALTER TABLE ONLY social_auth_code
    ADD CONSTRAINT social_auth_code_email_801b2d02_uniq UNIQUE (email, code);


--
-- Name: social_auth_code_pkey; Type: CONSTRAINT; Schema: spaapp; Owner: spauser
--

ALTER TABLE ONLY social_auth_code
    ADD CONSTRAINT social_auth_code_pkey PRIMARY KEY (id);


--
-- Name: social_auth_nonce_pkey; Type: CONSTRAINT; Schema: spaapp; Owner: spauser
--

ALTER TABLE ONLY social_auth_nonce
    ADD CONSTRAINT social_auth_nonce_pkey PRIMARY KEY (id);


--
-- Name: social_auth_nonce_server_url_f6284463_uniq; Type: CONSTRAINT; Schema: spaapp; Owner: spauser
--

ALTER TABLE ONLY social_auth_nonce
    ADD CONSTRAINT social_auth_nonce_server_url_f6284463_uniq UNIQUE (server_url, "timestamp", salt);


--
-- Name: social_auth_usersocialauth_pkey; Type: CONSTRAINT; Schema: spaapp; Owner: spauser
--

ALTER TABLE ONLY social_auth_usersocialauth
    ADD CONSTRAINT social_auth_usersocialauth_pkey PRIMARY KEY (id);


--
-- Name: social_auth_usersocialauth_provider_e6b5e668_uniq; Type: CONSTRAINT; Schema: spaapp; Owner: spauser
--

ALTER TABLE ONLY social_auth_usersocialauth
    ADD CONSTRAINT social_auth_usersocialauth_provider_e6b5e668_uniq UNIQUE (provider, uid);


--
-- Name: spaapp_actividadcomercial_pkey; Type: CONSTRAINT; Schema: spaapp; Owner: spauser
--

ALTER TABLE ONLY spaapp_actividadcomercial
    ADD CONSTRAINT spaapp_actividadcomercial_pkey PRIMARY KEY (id_actividad);


--
-- Name: spaapp_catalogoestado_pkey; Type: CONSTRAINT; Schema: spaapp; Owner: spauser
--

ALTER TABLE ONLY spaapp_catalogoestado
    ADD CONSTRAINT spaapp_catalogoestado_pkey PRIMARY KEY (id_estado);


--
-- Name: spaapp_categoria_pkey; Type: CONSTRAINT; Schema: spaapp; Owner: spauser
--

ALTER TABLE ONLY spaapp_categoria
    ADD CONSTRAINT spaapp_categoria_pkey PRIMARY KEY (id_categoria);


--
-- Name: spaapp_ciudad_pkey; Type: CONSTRAINT; Schema: spaapp; Owner: spauser
--

ALTER TABLE ONLY spaapp_ciudad
    ADD CONSTRAINT spaapp_ciudad_pkey PRIMARY KEY (id_ciudad);


--
-- Name: spaapp_cliente_pkey; Type: CONSTRAINT; Schema: spaapp; Owner: spauser
--

ALTER TABLE ONLY spaapp_cliente
    ADD CONSTRAINT spaapp_cliente_pkey PRIMARY KEY (id_cliente);


--
-- Name: spaapp_contrato_pkey; Type: CONSTRAINT; Schema: spaapp; Owner: spauser
--

ALTER TABLE ONLY spaapp_contrato
    ADD CONSTRAINT spaapp_contrato_pkey PRIMARY KEY (id_contrato);


--
-- Name: spaapp_coordenadas_pkey; Type: CONSTRAINT; Schema: spaapp; Owner: spauser
--

ALTER TABLE ONLY spaapp_coordenadas
    ADD CONSTRAINT spaapp_coordenadas_pkey PRIMARY KEY (id_coordenadas);


--
-- Name: spaapp_detallepedido_pkey; Type: CONSTRAINT; Schema: spaapp; Owner: spauser
--

ALTER TABLE ONLY spaapp_detallepedido
    ADD CONSTRAINT spaapp_detallepedido_pkey PRIMARY KEY (id_detalle);


--
-- Name: spaapp_direccion_pkey; Type: CONSTRAINT; Schema: spaapp; Owner: spauser
--

ALTER TABLE ONLY spaapp_direccion
    ADD CONSTRAINT spaapp_direccion_pkey PRIMARY KEY (id_direccion);


--
-- Name: spaapp_horariotransportista_pkey; Type: CONSTRAINT; Schema: spaapp; Owner: spauser
--

ALTER TABLE ONLY spaapp_horariotransportista
    ADD CONSTRAINT spaapp_horariotransportista_pkey PRIMARY KEY (id_horario);


--
-- Name: spaapp_ingrediente_pkey; Type: CONSTRAINT; Schema: spaapp; Owner: spauser
--

ALTER TABLE ONLY spaapp_ingrediente
    ADD CONSTRAINT spaapp_ingrediente_pkey PRIMARY KEY (id_ingrediente);


--
-- Name: spaapp_menu_pkey; Type: CONSTRAINT; Schema: spaapp; Owner: spauser
--

ALTER TABLE ONLY spaapp_menu
    ADD CONSTRAINT spaapp_menu_pkey PRIMARY KEY (id_menu);


--
-- Name: spaapp_modificardetallepedido_pkey; Type: CONSTRAINT; Schema: spaapp; Owner: spauser
--

ALTER TABLE ONLY spaapp_modificardetallepedido
    ADD CONSTRAINT spaapp_modificardetallepedido_pkey PRIMARY KEY (id_modificardetallepedido);


--
-- Name: spaapp_pedido_pkey; Type: CONSTRAINT; Schema: spaapp; Owner: spauser
--

ALTER TABLE ONLY spaapp_pedido
    ADD CONSTRAINT spaapp_pedido_pkey PRIMARY KEY (id_pedido);


--
-- Name: spaapp_perfil_pkey; Type: CONSTRAINT; Schema: spaapp; Owner: spauser
--

ALTER TABLE ONLY spaapp_perfil
    ADD CONSTRAINT spaapp_perfil_pkey PRIMARY KEY (id_perfil);


--
-- Name: spaapp_plato_id_menu_pkey; Type: CONSTRAINT; Schema: spaapp; Owner: spauser
--

ALTER TABLE ONLY spaapp_plato_id_menu
    ADD CONSTRAINT spaapp_plato_id_menu_pkey PRIMARY KEY (id);


--
-- Name: spaapp_plato_id_menu_plato_id_a7b45c73_uniq; Type: CONSTRAINT; Schema: spaapp; Owner: spauser
--

ALTER TABLE ONLY spaapp_plato_id_menu
    ADD CONSTRAINT spaapp_plato_id_menu_plato_id_a7b45c73_uniq UNIQUE (plato_id, menu_id);


--
-- Name: spaapp_plato_pkey; Type: CONSTRAINT; Schema: spaapp; Owner: spauser
--

ALTER TABLE ONLY spaapp_plato
    ADD CONSTRAINT spaapp_plato_pkey PRIMARY KEY (id_plato);


--
-- Name: spaapp_platocategoria_pkey; Type: CONSTRAINT; Schema: spaapp; Owner: spauser
--

ALTER TABLE ONLY spaapp_platocategoria
    ADD CONSTRAINT spaapp_platocategoria_pkey PRIMARY KEY (id_platocategoria);


--
-- Name: spaapp_platoingrediente_pkey; Type: CONSTRAINT; Schema: spaapp; Owner: spauser
--

ALTER TABLE ONLY spaapp_platoingrediente
    ADD CONSTRAINT spaapp_platoingrediente_pkey PRIMARY KEY (id_plato_ingrediente);


--
-- Name: spaapp_proveedor_pkey; Type: CONSTRAINT; Schema: spaapp; Owner: spauser
--

ALTER TABLE ONLY spaapp_proveedor
    ADD CONSTRAINT spaapp_proveedor_pkey PRIMARY KEY (id_proveedor);


--
-- Name: spaapp_redsocial_pkey; Type: CONSTRAINT; Schema: spaapp; Owner: spauser
--

ALTER TABLE ONLY spaapp_redsocial
    ADD CONSTRAINT spaapp_redsocial_pkey PRIMARY KEY (id_red_social);


--
-- Name: spaapp_sucursal_pkey; Type: CONSTRAINT; Schema: spaapp; Owner: spauser
--

ALTER TABLE ONLY spaapp_sucursal
    ADD CONSTRAINT spaapp_sucursal_pkey PRIMARY KEY (id_sucursal);


--
-- Name: spaapp_tamanio_pkey; Type: CONSTRAINT; Schema: spaapp; Owner: spauser
--

ALTER TABLE ONLY spaapp_tamanio
    ADD CONSTRAINT spaapp_tamanio_pkey PRIMARY KEY (id_tamanio);


--
-- Name: spaapp_tamanioplato_pkey; Type: CONSTRAINT; Schema: spaapp; Owner: spauser
--

ALTER TABLE ONLY spaapp_tamanioplato
    ADD CONSTRAINT spaapp_tamanioplato_pkey PRIMARY KEY (id_tamanioplato);


--
-- Name: spaapp_tipopago_pkey; Type: CONSTRAINT; Schema: spaapp; Owner: spauser
--

ALTER TABLE ONLY spaapp_tipopago
    ADD CONSTRAINT spaapp_tipopago_pkey PRIMARY KEY (id_tipo_pago);


--
-- Name: spaapp_tipopedido_pkey; Type: CONSTRAINT; Schema: spaapp; Owner: spauser
--

ALTER TABLE ONLY spaapp_tipopedido
    ADD CONSTRAINT spaapp_tipopedido_pkey PRIMARY KEY (id_tipo_pedido);


--
-- Name: spaapp_transportista_pkey; Type: CONSTRAINT; Schema: spaapp; Owner: spauser
--

ALTER TABLE ONLY spaapp_transportista
    ADD CONSTRAINT spaapp_transportista_pkey PRIMARY KEY (id_transportista);


--
-- Name: spaapp_valoracion_pkey; Type: CONSTRAINT; Schema: spaapp; Owner: spauser
--

ALTER TABLE ONLY spaapp_valoracion
    ADD CONSTRAINT spaapp_valoracion_pkey PRIMARY KEY (id_valoracion);


--
-- Name: auth_group_name_a6ea08ec_like; Type: INDEX; Schema: spaapp; Owner: spauser
--

CREATE INDEX auth_group_name_a6ea08ec_like ON auth_group USING btree (name varchar_pattern_ops);


--
-- Name: auth_group_permissions_0e939a4f; Type: INDEX; Schema: spaapp; Owner: spauser
--

CREATE INDEX auth_group_permissions_0e939a4f ON auth_group_permissions USING btree (group_id);


--
-- Name: auth_group_permissions_8373b171; Type: INDEX; Schema: spaapp; Owner: spauser
--

CREATE INDEX auth_group_permissions_8373b171 ON auth_group_permissions USING btree (permission_id);


--
-- Name: auth_permission_417f1b1c; Type: INDEX; Schema: spaapp; Owner: spauser
--

CREATE INDEX auth_permission_417f1b1c ON auth_permission USING btree (content_type_id);


--
-- Name: auth_user_groups_0e939a4f; Type: INDEX; Schema: spaapp; Owner: spauser
--

CREATE INDEX auth_user_groups_0e939a4f ON auth_user_groups USING btree (group_id);


--
-- Name: auth_user_groups_e8701ad4; Type: INDEX; Schema: spaapp; Owner: spauser
--

CREATE INDEX auth_user_groups_e8701ad4 ON auth_user_groups USING btree (user_id);


--
-- Name: auth_user_user_permissions_8373b171; Type: INDEX; Schema: spaapp; Owner: spauser
--

CREATE INDEX auth_user_user_permissions_8373b171 ON auth_user_user_permissions USING btree (permission_id);


--
-- Name: auth_user_user_permissions_e8701ad4; Type: INDEX; Schema: spaapp; Owner: spauser
--

CREATE INDEX auth_user_user_permissions_e8701ad4 ON auth_user_user_permissions USING btree (user_id);


--
-- Name: auth_user_username_6821ab7c_like; Type: INDEX; Schema: spaapp; Owner: spauser
--

CREATE INDEX auth_user_username_6821ab7c_like ON auth_user USING btree (username varchar_pattern_ops);


--
-- Name: django_admin_log_417f1b1c; Type: INDEX; Schema: spaapp; Owner: spauser
--

CREATE INDEX django_admin_log_417f1b1c ON django_admin_log USING btree (content_type_id);


--
-- Name: django_admin_log_e8701ad4; Type: INDEX; Schema: spaapp; Owner: spauser
--

CREATE INDEX django_admin_log_e8701ad4 ON django_admin_log USING btree (user_id);


--
-- Name: django_session_de54fa62; Type: INDEX; Schema: spaapp; Owner: spauser
--

CREATE INDEX django_session_de54fa62 ON django_session USING btree (expire_date);


--
-- Name: django_session_session_key_c0390e0f_like; Type: INDEX; Schema: spaapp; Owner: spauser
--

CREATE INDEX django_session_session_key_c0390e0f_like ON django_session USING btree (session_key varchar_pattern_ops);


--
-- Name: social_auth_code_c1336794; Type: INDEX; Schema: spaapp; Owner: spauser
--

CREATE INDEX social_auth_code_c1336794 ON social_auth_code USING btree (code);


--
-- Name: social_auth_code_code_a2393167_like; Type: INDEX; Schema: spaapp; Owner: spauser
--

CREATE INDEX social_auth_code_code_a2393167_like ON social_auth_code USING btree (code varchar_pattern_ops);


--
-- Name: social_auth_usersocialauth_e8701ad4; Type: INDEX; Schema: spaapp; Owner: spauser
--

CREATE INDEX social_auth_usersocialauth_e8701ad4 ON social_auth_usersocialauth USING btree (user_id);


--
-- Name: spaapp_cliente_7d3abc31; Type: INDEX; Schema: spaapp; Owner: spauser
--

CREATE INDEX spaapp_cliente_7d3abc31 ON spaapp_cliente USING btree (id_perfil_id);


--
-- Name: spaapp_contrato_ca253e0c; Type: INDEX; Schema: spaapp; Owner: spauser
--

CREATE INDEX spaapp_contrato_ca253e0c ON spaapp_contrato USING btree (id_proveedor_id);


--
-- Name: spaapp_contrato_e163c0f9; Type: INDEX; Schema: spaapp; Owner: spauser
--

CREATE INDEX spaapp_contrato_e163c0f9 ON spaapp_contrato USING btree (id_sucursal_id);


--
-- Name: spaapp_coordenadas_7d3abc31; Type: INDEX; Schema: spaapp; Owner: spauser
--

CREATE INDEX spaapp_coordenadas_7d3abc31 ON spaapp_coordenadas USING btree (id_perfil_id);


--
-- Name: spaapp_detallepedido_55ef5a99; Type: INDEX; Schema: spaapp; Owner: spauser
--

CREATE INDEX spaapp_detallepedido_55ef5a99 ON spaapp_detallepedido USING btree (tamanio_id);


--
-- Name: spaapp_detallepedido_8690b5df; Type: INDEX; Schema: spaapp; Owner: spauser
--

CREATE INDEX spaapp_detallepedido_8690b5df ON spaapp_detallepedido USING btree (id_plato_id);


--
-- Name: spaapp_detallepedido_9b93490d; Type: INDEX; Schema: spaapp; Owner: spauser
--

CREATE INDEX spaapp_detallepedido_9b93490d ON spaapp_detallepedido USING btree (id_pedido_id);


--
-- Name: spaapp_direccion_7d3abc31; Type: INDEX; Schema: spaapp; Owner: spauser
--

CREATE INDEX spaapp_direccion_7d3abc31 ON spaapp_direccion USING btree (id_perfil_id);


--
-- Name: spaapp_horariotransportista_113016bf; Type: INDEX; Schema: spaapp; Owner: spauser
--

CREATE INDEX spaapp_horariotransportista_113016bf ON spaapp_horariotransportista USING btree (id_transportista_id);


--
-- Name: spaapp_menu_ca253e0c; Type: INDEX; Schema: spaapp; Owner: spauser
--

CREATE INDEX spaapp_menu_ca253e0c ON spaapp_menu USING btree (id_proveedor_id);


--
-- Name: spaapp_modificardetallepedido_61139c8c; Type: INDEX; Schema: spaapp; Owner: spauser
--

CREATE INDEX spaapp_modificardetallepedido_61139c8c ON spaapp_modificardetallepedido USING btree (id_detallepedido_id);


--
-- Name: spaapp_modificardetallepedido_99518874; Type: INDEX; Schema: spaapp; Owner: spauser
--

CREATE INDEX spaapp_modificardetallepedido_99518874 ON spaapp_modificardetallepedido USING btree (id_ingrediente_quitar_id);


--
-- Name: spaapp_pedido_21740aad; Type: INDEX; Schema: spaapp; Owner: spauser
--

CREATE INDEX spaapp_pedido_21740aad ON spaapp_pedido USING btree (id_tipo_pedido_id);


--
-- Name: spaapp_pedido_9639f13b; Type: INDEX; Schema: spaapp; Owner: spauser
--

CREATE INDEX spaapp_pedido_9639f13b ON spaapp_pedido USING btree (id_direccion_id);


--
-- Name: spaapp_pedido_98181a38; Type: INDEX; Schema: spaapp; Owner: spauser
--

CREATE INDEX spaapp_pedido_98181a38 ON spaapp_pedido USING btree (id_estado_id);


--
-- Name: spaapp_pedido_abfe0f96; Type: INDEX; Schema: spaapp; Owner: spauser
--

CREATE INDEX spaapp_pedido_abfe0f96 ON spaapp_pedido USING btree (usuario_id);


--
-- Name: spaapp_pedido_ccfa12af; Type: INDEX; Schema: spaapp; Owner: spauser
--

CREATE INDEX spaapp_pedido_ccfa12af ON spaapp_pedido USING btree (id_tipo_pago_id);


--
-- Name: spaapp_pedido_e163c0f9; Type: INDEX; Schema: spaapp; Owner: spauser
--

CREATE INDEX spaapp_pedido_e163c0f9 ON spaapp_pedido USING btree (id_sucursal_id);


--
-- Name: spaapp_pedido_f09d4acb; Type: INDEX; Schema: spaapp; Owner: spauser
--

CREATE INDEX spaapp_pedido_f09d4acb ON spaapp_pedido USING btree (id_trasportista_id);


--
-- Name: spaapp_perfil_76a74f43; Type: INDEX; Schema: spaapp; Owner: spauser
--

CREATE INDEX spaapp_perfil_76a74f43 ON spaapp_perfil USING btree (id_usuario_id);


--
-- Name: spaapp_plato_06d53be8; Type: INDEX; Schema: spaapp; Owner: spauser
--

CREATE INDEX spaapp_plato_06d53be8 ON spaapp_plato USING btree (id_platocategoria_id);


--
-- Name: spaapp_plato_id_menu_20104dab; Type: INDEX; Schema: spaapp; Owner: spauser
--

CREATE INDEX spaapp_plato_id_menu_20104dab ON spaapp_plato_id_menu USING btree (plato_id);


--
-- Name: spaapp_plato_id_menu_93e25458; Type: INDEX; Schema: spaapp; Owner: spauser
--

CREATE INDEX spaapp_plato_id_menu_93e25458 ON spaapp_plato_id_menu USING btree (menu_id);


--
-- Name: spaapp_platoingrediente_4b077a6c; Type: INDEX; Schema: spaapp; Owner: spauser
--

CREATE INDEX spaapp_platoingrediente_4b077a6c ON spaapp_platoingrediente USING btree (id_ingrediente_id);


--
-- Name: spaapp_platoingrediente_8690b5df; Type: INDEX; Schema: spaapp; Owner: spauser
--

CREATE INDEX spaapp_platoingrediente_8690b5df ON spaapp_platoingrediente USING btree (id_plato_id);


--
-- Name: spaapp_proveedor_0e29f854; Type: INDEX; Schema: spaapp; Owner: spauser
--

CREATE INDEX spaapp_proveedor_0e29f854 ON spaapp_proveedor USING btree (id_categoria_id);


--
-- Name: spaapp_proveedor_7d3abc31; Type: INDEX; Schema: spaapp; Owner: spauser
--

CREATE INDEX spaapp_proveedor_7d3abc31 ON spaapp_proveedor USING btree (id_perfil_id);


--
-- Name: spaapp_proveedor_c1f5aad7; Type: INDEX; Schema: spaapp; Owner: spauser
--

CREATE INDEX spaapp_proveedor_c1f5aad7 ON spaapp_proveedor USING btree (id_actividad_id);


--
-- Name: spaapp_redsocial_ca253e0c; Type: INDEX; Schema: spaapp; Owner: spauser
--

CREATE INDEX spaapp_redsocial_ca253e0c ON spaapp_redsocial USING btree (id_proveedor_id);


--
-- Name: spaapp_sucursal_9639f13b; Type: INDEX; Schema: spaapp; Owner: spauser
--

CREATE INDEX spaapp_sucursal_9639f13b ON spaapp_sucursal USING btree (id_direccion_id);


--
-- Name: spaapp_sucursal_b1a01987; Type: INDEX; Schema: spaapp; Owner: spauser
--

CREATE INDEX spaapp_sucursal_b1a01987 ON spaapp_sucursal USING btree (id_ciudad_id);


--
-- Name: spaapp_sucursal_ca253e0c; Type: INDEX; Schema: spaapp; Owner: spauser
--

CREATE INDEX spaapp_sucursal_ca253e0c ON spaapp_sucursal USING btree (id_proveedor_id);


--
-- Name: spaapp_sucursal_e1161949; Type: INDEX; Schema: spaapp; Owner: spauser
--

CREATE INDEX spaapp_sucursal_e1161949 ON spaapp_sucursal USING btree (id_menu_id);


--
-- Name: spaapp_tamanioplato_05d6b9c9; Type: INDEX; Schema: spaapp; Owner: spauser
--

CREATE INDEX spaapp_tamanioplato_05d6b9c9 ON spaapp_tamanioplato USING btree (id_tamanio_id);


--
-- Name: spaapp_tamanioplato_8690b5df; Type: INDEX; Schema: spaapp; Owner: spauser
--

CREATE INDEX spaapp_tamanioplato_8690b5df ON spaapp_tamanioplato USING btree (id_plato_id);


--
-- Name: spaapp_transportista_7d3abc31; Type: INDEX; Schema: spaapp; Owner: spauser
--

CREATE INDEX spaapp_transportista_7d3abc31 ON spaapp_transportista USING btree (id_perfil_id);


--
-- Name: spaapp_valoracion_9b93490d; Type: INDEX; Schema: spaapp; Owner: spauser
--

CREATE INDEX spaapp_valoracion_9b93490d ON spaapp_valoracion USING btree (id_pedido_id);


--
-- Name: spaapp_valoracion_abfe0f96; Type: INDEX; Schema: spaapp; Owner: spauser
--

CREATE INDEX spaapp_valoracion_abfe0f96 ON spaapp_valoracion USING btree (usuario_id);


--
-- Name: spaapp_valoracion_e163c0f9; Type: INDEX; Schema: spaapp; Owner: spauser
--

CREATE INDEX spaapp_valoracion_e163c0f9 ON spaapp_valoracion USING btree (id_sucursal_id);


--
-- Name: trigger_menu; Type: TRIGGER; Schema: spaapp; Owner: spauser
--

CREATE TRIGGER trigger_menu AFTER INSERT ON spaapp_proveedor FOR EACH ROW EXECUTE PROCEDURE insertar_menu();


--
-- Name: trigger_perfil; Type: TRIGGER; Schema: spaapp; Owner: spauser
--

CREATE TRIGGER trigger_perfil AFTER INSERT ON auth_user FOR EACH ROW EXECUTE PROCEDURE insertar_perfil();


--
-- Name: D16bd3bac72562dcaa9ab5f9f6fb85ae; Type: FK CONSTRAINT; Schema: spaapp; Owner: spauser
--

ALTER TABLE ONLY spaapp_horariotransportista
    ADD CONSTRAINT "D16bd3bac72562dcaa9ab5f9f6fb85ae" FOREIGN KEY (id_transportista_id) REFERENCES spaapp_transportista(id_transportista) DEFERRABLE INITIALLY DEFERRED;


--
-- Name: D7b946988cbfb9911c65af920b3935cb; Type: FK CONSTRAINT; Schema: spaapp; Owner: spauser
--

ALTER TABLE ONLY spaapp_modificardetallepedido
    ADD CONSTRAINT "D7b946988cbfb9911c65af920b3935cb" FOREIGN KEY (id_detallepedido_id) REFERENCES spaapp_detallepedido(id_detalle) DEFERRABLE INITIALLY DEFERRED;


--
-- Name: D91d9aaf1a328bd31979d1581c55c5ec; Type: FK CONSTRAINT; Schema: spaapp; Owner: spauser
--

ALTER TABLE ONLY spaapp_proveedor
    ADD CONSTRAINT "D91d9aaf1a328bd31979d1581c55c5ec" FOREIGN KEY (id_actividad_id) REFERENCES spaapp_actividadcomercial(id_actividad) DEFERRABLE INITIALLY DEFERRED;


--
-- Name: D944537a2d489f0d21d6406b48ddb641; Type: FK CONSTRAINT; Schema: spaapp; Owner: spauser
--

ALTER TABLE ONLY spaapp_pedido
    ADD CONSTRAINT "D944537a2d489f0d21d6406b48ddb641" FOREIGN KEY (id_trasportista_id) REFERENCES spaapp_transportista(id_transportista) DEFERRABLE INITIALLY DEFERRED;


--
-- Name: auth_group_permiss_permission_id_84c5c92e_fk_auth_permission_id; Type: FK CONSTRAINT; Schema: spaapp; Owner: spauser
--

ALTER TABLE ONLY auth_group_permissions
    ADD CONSTRAINT auth_group_permiss_permission_id_84c5c92e_fk_auth_permission_id FOREIGN KEY (permission_id) REFERENCES auth_permission(id) DEFERRABLE INITIALLY DEFERRED;


--
-- Name: auth_group_permissions_group_id_b120cbf9_fk_auth_group_id; Type: FK CONSTRAINT; Schema: spaapp; Owner: spauser
--

ALTER TABLE ONLY auth_group_permissions
    ADD CONSTRAINT auth_group_permissions_group_id_b120cbf9_fk_auth_group_id FOREIGN KEY (group_id) REFERENCES auth_group(id) DEFERRABLE INITIALLY DEFERRED;


--
-- Name: auth_permiss_content_type_id_2f476e4b_fk_django_content_type_id; Type: FK CONSTRAINT; Schema: spaapp; Owner: spauser
--

ALTER TABLE ONLY auth_permission
    ADD CONSTRAINT auth_permiss_content_type_id_2f476e4b_fk_django_content_type_id FOREIGN KEY (content_type_id) REFERENCES django_content_type(id) DEFERRABLE INITIALLY DEFERRED;


--
-- Name: auth_user_groups_group_id_97559544_fk_auth_group_id; Type: FK CONSTRAINT; Schema: spaapp; Owner: spauser
--

ALTER TABLE ONLY auth_user_groups
    ADD CONSTRAINT auth_user_groups_group_id_97559544_fk_auth_group_id FOREIGN KEY (group_id) REFERENCES auth_group(id) DEFERRABLE INITIALLY DEFERRED;


--
-- Name: auth_user_groups_user_id_6a12ed8b_fk_auth_user_id; Type: FK CONSTRAINT; Schema: spaapp; Owner: spauser
--

ALTER TABLE ONLY auth_user_groups
    ADD CONSTRAINT auth_user_groups_user_id_6a12ed8b_fk_auth_user_id FOREIGN KEY (user_id) REFERENCES auth_user(id) DEFERRABLE INITIALLY DEFERRED;


--
-- Name: auth_user_user_per_permission_id_1fbb5f2c_fk_auth_permission_id; Type: FK CONSTRAINT; Schema: spaapp; Owner: spauser
--

ALTER TABLE ONLY auth_user_user_permissions
    ADD CONSTRAINT auth_user_user_per_permission_id_1fbb5f2c_fk_auth_permission_id FOREIGN KEY (permission_id) REFERENCES auth_permission(id) DEFERRABLE INITIALLY DEFERRED;


--
-- Name: auth_user_user_permissions_user_id_a95ead1b_fk_auth_user_id; Type: FK CONSTRAINT; Schema: spaapp; Owner: spauser
--

ALTER TABLE ONLY auth_user_user_permissions
    ADD CONSTRAINT auth_user_user_permissions_user_id_a95ead1b_fk_auth_user_id FOREIGN KEY (user_id) REFERENCES auth_user(id) DEFERRABLE INITIALLY DEFERRED;


--
-- Name: ba7c74bed2241fbcd786c213851660dc; Type: FK CONSTRAINT; Schema: spaapp; Owner: spauser
--

ALTER TABLE ONLY spaapp_platoingrediente
    ADD CONSTRAINT ba7c74bed2241fbcd786c213851660dc FOREIGN KEY (id_ingrediente_id) REFERENCES spaapp_ingrediente(id_ingrediente) DEFERRABLE INITIALLY DEFERRED;


--
-- Name: dce350061342863e912703a9dafef09e; Type: FK CONSTRAINT; Schema: spaapp; Owner: spauser
--

ALTER TABLE ONLY spaapp_plato
    ADD CONSTRAINT dce350061342863e912703a9dafef09e FOREIGN KEY (id_platocategoria_id) REFERENCES spaapp_platocategoria(id_platocategoria) DEFERRABLE INITIALLY DEFERRED;


--
-- Name: django_admin_content_type_id_c4bce8eb_fk_django_content_type_id; Type: FK CONSTRAINT; Schema: spaapp; Owner: spauser
--

ALTER TABLE ONLY django_admin_log
    ADD CONSTRAINT django_admin_content_type_id_c4bce8eb_fk_django_content_type_id FOREIGN KEY (content_type_id) REFERENCES django_content_type(id) DEFERRABLE INITIALLY DEFERRED;


--
-- Name: django_admin_log_user_id_c564eba6_fk_auth_user_id; Type: FK CONSTRAINT; Schema: spaapp; Owner: spauser
--

ALTER TABLE ONLY django_admin_log
    ADD CONSTRAINT django_admin_log_user_id_c564eba6_fk_auth_user_id FOREIGN KEY (user_id) REFERENCES auth_user(id) DEFERRABLE INITIALLY DEFERRED;


--
-- Name: e7cb8922641d3a71e0518cc63d3617b2; Type: FK CONSTRAINT; Schema: spaapp; Owner: spauser
--

ALTER TABLE ONLY spaapp_modificardetallepedido
    ADD CONSTRAINT e7cb8922641d3a71e0518cc63d3617b2 FOREIGN KEY (id_ingrediente_quitar_id) REFERENCES spaapp_ingrediente(id_ingrediente) DEFERRABLE INITIALLY DEFERRED;


--
-- Name: id_tipo_pedido_id_cde83768_fk_spaapp_tipopedido_id_tipo_pedido; Type: FK CONSTRAINT; Schema: spaapp; Owner: spauser
--

ALTER TABLE ONLY spaapp_pedido
    ADD CONSTRAINT id_tipo_pedido_id_cde83768_fk_spaapp_tipopedido_id_tipo_pedido FOREIGN KEY (id_tipo_pedido_id) REFERENCES spaapp_tipopedido(id_tipo_pedido) DEFERRABLE INITIALLY DEFERRED;


--
-- Name: social_auth_usersocialauth_user_id_17d28448_fk_auth_user_id; Type: FK CONSTRAINT; Schema: spaapp; Owner: spauser
--

ALTER TABLE ONLY social_auth_usersocialauth
    ADD CONSTRAINT social_auth_usersocialauth_user_id_17d28448_fk_auth_user_id FOREIGN KEY (user_id) REFERENCES auth_user(id) DEFERRABLE INITIALLY DEFERRED;


--
-- Name: spaa_tamanio_id_8427c076_fk_spaapp_tamanioplato_id_tamanioplato; Type: FK CONSTRAINT; Schema: spaapp; Owner: spauser
--

ALTER TABLE ONLY spaapp_detallepedido
    ADD CONSTRAINT spaa_tamanio_id_8427c076_fk_spaapp_tamanioplato_id_tamanioplato FOREIGN KEY (tamanio_id) REFERENCES spaapp_tamanioplato(id_tamanioplato) DEFERRABLE INITIALLY DEFERRED;


--
-- Name: spaap_id_categoria_id_d672ac86_fk_spaapp_categoria_id_categoria; Type: FK CONSTRAINT; Schema: spaapp; Owner: spauser
--

ALTER TABLE ONLY spaapp_proveedor
    ADD CONSTRAINT spaap_id_categoria_id_d672ac86_fk_spaapp_categoria_id_categoria FOREIGN KEY (id_categoria_id) REFERENCES spaapp_categoria(id_categoria) DEFERRABLE INITIALLY DEFERRED;


--
-- Name: spaap_id_direccion_id_80462fd2_fk_spaapp_direccion_id_direccion; Type: FK CONSTRAINT; Schema: spaapp; Owner: spauser
--

ALTER TABLE ONLY spaapp_sucursal
    ADD CONSTRAINT spaap_id_direccion_id_80462fd2_fk_spaapp_direccion_id_direccion FOREIGN KEY (id_direccion_id) REFERENCES spaapp_direccion(id_direccion) DEFERRABLE INITIALLY DEFERRED;


--
-- Name: spaap_id_direccion_id_e2c4fbe4_fk_spaapp_direccion_id_direccion; Type: FK CONSTRAINT; Schema: spaapp; Owner: spauser
--

ALTER TABLE ONLY spaapp_pedido
    ADD CONSTRAINT spaap_id_direccion_id_e2c4fbe4_fk_spaapp_direccion_id_direccion FOREIGN KEY (id_direccion_id) REFERENCES spaapp_direccion(id_direccion) DEFERRABLE INITIALLY DEFERRED;


--
-- Name: spaap_id_proveedor_id_11675f72_fk_spaapp_proveedor_id_proveedor; Type: FK CONSTRAINT; Schema: spaapp; Owner: spauser
--

ALTER TABLE ONLY spaapp_contrato
    ADD CONSTRAINT spaap_id_proveedor_id_11675f72_fk_spaapp_proveedor_id_proveedor FOREIGN KEY (id_proveedor_id) REFERENCES spaapp_proveedor(id_proveedor) DEFERRABLE INITIALLY DEFERRED;


--
-- Name: spaap_id_proveedor_id_18c32e0e_fk_spaapp_proveedor_id_proveedor; Type: FK CONSTRAINT; Schema: spaapp; Owner: spauser
--

ALTER TABLE ONLY spaapp_redsocial
    ADD CONSTRAINT spaap_id_proveedor_id_18c32e0e_fk_spaapp_proveedor_id_proveedor FOREIGN KEY (id_proveedor_id) REFERENCES spaapp_proveedor(id_proveedor) DEFERRABLE INITIALLY DEFERRED;


--
-- Name: spaap_id_proveedor_id_540b8b72_fk_spaapp_proveedor_id_proveedor; Type: FK CONSTRAINT; Schema: spaapp; Owner: spauser
--

ALTER TABLE ONLY spaapp_sucursal
    ADD CONSTRAINT spaap_id_proveedor_id_540b8b72_fk_spaapp_proveedor_id_proveedor FOREIGN KEY (id_proveedor_id) REFERENCES spaapp_proveedor(id_proveedor) DEFERRABLE INITIALLY DEFERRED;


--
-- Name: spaap_id_proveedor_id_e39d0124_fk_spaapp_proveedor_id_proveedor; Type: FK CONSTRAINT; Schema: spaapp; Owner: spauser
--

ALTER TABLE ONLY spaapp_menu
    ADD CONSTRAINT spaap_id_proveedor_id_e39d0124_fk_spaapp_proveedor_id_proveedor FOREIGN KEY (id_proveedor_id) REFERENCES spaapp_proveedor(id_proveedor) DEFERRABLE INITIALLY DEFERRED;


--
-- Name: spaapp_c_id_sucursal_id_54ec1010_fk_spaapp_sucursal_id_sucursal; Type: FK CONSTRAINT; Schema: spaapp; Owner: spauser
--

ALTER TABLE ONLY spaapp_contrato
    ADD CONSTRAINT spaapp_c_id_sucursal_id_54ec1010_fk_spaapp_sucursal_id_sucursal FOREIGN KEY (id_sucursal_id) REFERENCES spaapp_sucursal(id_sucursal) DEFERRABLE INITIALLY DEFERRED;


--
-- Name: spaapp_cliente_id_perfil_id_6a66d1dd_fk_spaapp_perfil_id_perfil; Type: FK CONSTRAINT; Schema: spaapp; Owner: spauser
--

ALTER TABLE ONLY spaapp_cliente
    ADD CONSTRAINT spaapp_cliente_id_perfil_id_6a66d1dd_fk_spaapp_perfil_id_perfil FOREIGN KEY (id_perfil_id) REFERENCES spaapp_perfil(id_perfil) DEFERRABLE INITIALLY DEFERRED;


--
-- Name: spaapp_coorden_id_perfil_id_40dcc2a5_fk_spaapp_perfil_id_perfil; Type: FK CONSTRAINT; Schema: spaapp; Owner: spauser
--

ALTER TABLE ONLY spaapp_coordenadas
    ADD CONSTRAINT spaapp_coorden_id_perfil_id_40dcc2a5_fk_spaapp_perfil_id_perfil FOREIGN KEY (id_perfil_id) REFERENCES spaapp_perfil(id_perfil) DEFERRABLE INITIALLY DEFERRED;


--
-- Name: spaapp_detalle_id_pedido_id_d433e145_fk_spaapp_pedido_id_pedido; Type: FK CONSTRAINT; Schema: spaapp; Owner: spauser
--

ALTER TABLE ONLY spaapp_detallepedido
    ADD CONSTRAINT spaapp_detalle_id_pedido_id_d433e145_fk_spaapp_pedido_id_pedido FOREIGN KEY (id_pedido_id) REFERENCES spaapp_pedido(id_pedido) DEFERRABLE INITIALLY DEFERRED;


--
-- Name: spaapp_detalleped_id_plato_id_5455a09f_fk_spaapp_plato_id_plato; Type: FK CONSTRAINT; Schema: spaapp; Owner: spauser
--

ALTER TABLE ONLY spaapp_detallepedido
    ADD CONSTRAINT spaapp_detalleped_id_plato_id_5455a09f_fk_spaapp_plato_id_plato FOREIGN KEY (id_plato_id) REFERENCES spaapp_plato(id_plato) DEFERRABLE INITIALLY DEFERRED;


--
-- Name: spaapp_direcci_id_perfil_id_ff0b3f89_fk_spaapp_perfil_id_perfil; Type: FK CONSTRAINT; Schema: spaapp; Owner: spauser
--

ALTER TABLE ONLY spaapp_direccion
    ADD CONSTRAINT spaapp_direcci_id_perfil_id_ff0b3f89_fk_spaapp_perfil_id_perfil FOREIGN KEY (id_perfil_id) REFERENCES spaapp_perfil(id_perfil) DEFERRABLE INITIALLY DEFERRED;


--
-- Name: spaapp_id_estado_id_a224fdfb_fk_spaapp_catalogoestado_id_estado; Type: FK CONSTRAINT; Schema: spaapp; Owner: spauser
--

ALTER TABLE ONLY spaapp_pedido
    ADD CONSTRAINT spaapp_id_estado_id_a224fdfb_fk_spaapp_catalogoestado_id_estado FOREIGN KEY (id_estado_id) REFERENCES spaapp_catalogoestado(id_estado) DEFERRABLE INITIALLY DEFERRED;


--
-- Name: spaapp_id_tipo_pago_id_1cbd151a_fk_spaapp_tipopago_id_tipo_pago; Type: FK CONSTRAINT; Schema: spaapp; Owner: spauser
--

ALTER TABLE ONLY spaapp_pedido
    ADD CONSTRAINT spaapp_id_tipo_pago_id_1cbd151a_fk_spaapp_tipopago_id_tipo_pago FOREIGN KEY (id_tipo_pago_id) REFERENCES spaapp_tipopago(id_tipo_pago) DEFERRABLE INITIALLY DEFERRED;


--
-- Name: spaapp_ingrediente_id_proveedor_id_fkey; Type: FK CONSTRAINT; Schema: spaapp; Owner: spauser
--

ALTER TABLE ONLY spaapp_ingrediente
    ADD CONSTRAINT spaapp_ingrediente_id_proveedor_id_fkey FOREIGN KEY (id_proveedor_id) REFERENCES spaapp_proveedor(id_proveedor);


--
-- Name: spaapp_p_id_sucursal_id_b6e7aa23_fk_spaapp_sucursal_id_sucursal; Type: FK CONSTRAINT; Schema: spaapp; Owner: spauser
--

ALTER TABLE ONLY spaapp_pedido
    ADD CONSTRAINT spaapp_p_id_sucursal_id_b6e7aa23_fk_spaapp_sucursal_id_sucursal FOREIGN KEY (id_sucursal_id) REFERENCES spaapp_sucursal(id_sucursal) DEFERRABLE INITIALLY DEFERRED;


--
-- Name: spaapp_pedido_usuario_id_03fad4c7_fk_auth_user_id; Type: FK CONSTRAINT; Schema: spaapp; Owner: spauser
--

ALTER TABLE ONLY spaapp_pedido
    ADD CONSTRAINT spaapp_pedido_usuario_id_03fad4c7_fk_auth_user_id FOREIGN KEY (usuario_id) REFERENCES auth_user(id) DEFERRABLE INITIALLY DEFERRED;


--
-- Name: spaapp_perfil_id_usuario_id_ecaf41b3_fk_auth_user_id; Type: FK CONSTRAINT; Schema: spaapp; Owner: spauser
--

ALTER TABLE ONLY spaapp_perfil
    ADD CONSTRAINT spaapp_perfil_id_usuario_id_ecaf41b3_fk_auth_user_id FOREIGN KEY (id_usuario_id) REFERENCES auth_user(id) DEFERRABLE INITIALLY DEFERRED;


--
-- Name: spaapp_plato_id_menu_menu_id_f192d1d8_fk_spaapp_menu_id_menu; Type: FK CONSTRAINT; Schema: spaapp; Owner: spauser
--

ALTER TABLE ONLY spaapp_plato_id_menu
    ADD CONSTRAINT spaapp_plato_id_menu_menu_id_f192d1d8_fk_spaapp_menu_id_menu FOREIGN KEY (menu_id) REFERENCES spaapp_menu(id_menu) DEFERRABLE INITIALLY DEFERRED;


--
-- Name: spaapp_plato_id_menu_plato_id_1bbe6660_fk_spaapp_plato_id_plato; Type: FK CONSTRAINT; Schema: spaapp; Owner: spauser
--

ALTER TABLE ONLY spaapp_plato_id_menu
    ADD CONSTRAINT spaapp_plato_id_menu_plato_id_1bbe6660_fk_spaapp_plato_id_plato FOREIGN KEY (plato_id) REFERENCES spaapp_plato(id_plato) DEFERRABLE INITIALLY DEFERRED;


--
-- Name: spaapp_platoingre_id_plato_id_fe44a1d9_fk_spaapp_plato_id_plato; Type: FK CONSTRAINT; Schema: spaapp; Owner: spauser
--

ALTER TABLE ONLY spaapp_platoingrediente
    ADD CONSTRAINT spaapp_platoingre_id_plato_id_fe44a1d9_fk_spaapp_plato_id_plato FOREIGN KEY (id_plato_id) REFERENCES spaapp_plato(id_plato) DEFERRABLE INITIALLY DEFERRED;


--
-- Name: spaapp_proveed_id_perfil_id_fff821d0_fk_spaapp_perfil_id_perfil; Type: FK CONSTRAINT; Schema: spaapp; Owner: spauser
--

ALTER TABLE ONLY spaapp_proveedor
    ADD CONSTRAINT spaapp_proveed_id_perfil_id_fff821d0_fk_spaapp_perfil_id_perfil FOREIGN KEY (id_perfil_id) REFERENCES spaapp_perfil(id_perfil) DEFERRABLE INITIALLY DEFERRED;


--
-- Name: spaapp_sucursa_id_ciudad_id_f5184cf6_fk_spaapp_ciudad_id_ciudad; Type: FK CONSTRAINT; Schema: spaapp; Owner: spauser
--

ALTER TABLE ONLY spaapp_sucursal
    ADD CONSTRAINT spaapp_sucursa_id_ciudad_id_f5184cf6_fk_spaapp_ciudad_id_ciudad FOREIGN KEY (id_ciudad_id) REFERENCES spaapp_ciudad(id_ciudad) DEFERRABLE INITIALLY DEFERRED;


--
-- Name: spaapp_sucursal_id_menu_id_81f57738_fk_spaapp_menu_id_menu; Type: FK CONSTRAINT; Schema: spaapp; Owner: spauser
--

ALTER TABLE ONLY spaapp_sucursal
    ADD CONSTRAINT spaapp_sucursal_id_menu_id_81f57738_fk_spaapp_menu_id_menu FOREIGN KEY (id_menu_id) REFERENCES spaapp_menu(id_menu) DEFERRABLE INITIALLY DEFERRED;


--
-- Name: spaapp_tama_id_tamanio_id_a9692104_fk_spaapp_tamanio_id_tamanio; Type: FK CONSTRAINT; Schema: spaapp; Owner: spauser
--

ALTER TABLE ONLY spaapp_tamanioplato
    ADD CONSTRAINT spaapp_tama_id_tamanio_id_a9692104_fk_spaapp_tamanio_id_tamanio FOREIGN KEY (id_tamanio_id) REFERENCES spaapp_tamanio(id_tamanio) DEFERRABLE INITIALLY DEFERRED;


--
-- Name: spaapp_tamaniopla_id_plato_id_5f8f9ca8_fk_spaapp_plato_id_plato; Type: FK CONSTRAINT; Schema: spaapp; Owner: spauser
--

ALTER TABLE ONLY spaapp_tamanioplato
    ADD CONSTRAINT spaapp_tamaniopla_id_plato_id_5f8f9ca8_fk_spaapp_plato_id_plato FOREIGN KEY (id_plato_id) REFERENCES spaapp_plato(id_plato) DEFERRABLE INITIALLY DEFERRED;


--
-- Name: spaapp_transpo_id_perfil_id_9a457afd_fk_spaapp_perfil_id_perfil; Type: FK CONSTRAINT; Schema: spaapp; Owner: spauser
--

ALTER TABLE ONLY spaapp_transportista
    ADD CONSTRAINT spaapp_transpo_id_perfil_id_9a457afd_fk_spaapp_perfil_id_perfil FOREIGN KEY (id_perfil_id) REFERENCES spaapp_perfil(id_perfil) DEFERRABLE INITIALLY DEFERRED;


--
-- Name: spaapp_v_id_sucursal_id_a7f67c7c_fk_spaapp_sucursal_id_sucursal; Type: FK CONSTRAINT; Schema: spaapp; Owner: spauser
--

ALTER TABLE ONLY spaapp_valoracion
    ADD CONSTRAINT spaapp_v_id_sucursal_id_a7f67c7c_fk_spaapp_sucursal_id_sucursal FOREIGN KEY (id_sucursal_id) REFERENCES spaapp_sucursal(id_sucursal) DEFERRABLE INITIALLY DEFERRED;


--
-- Name: spaapp_valorac_id_pedido_id_119ed90a_fk_spaapp_pedido_id_pedido; Type: FK CONSTRAINT; Schema: spaapp; Owner: spauser
--

ALTER TABLE ONLY spaapp_valoracion
    ADD CONSTRAINT spaapp_valorac_id_pedido_id_119ed90a_fk_spaapp_pedido_id_pedido FOREIGN KEY (id_pedido_id) REFERENCES spaapp_pedido(id_pedido) DEFERRABLE INITIALLY DEFERRED;


--
-- Name: spaapp_valoracion_usuario_id_d723a21d_fk_auth_user_id; Type: FK CONSTRAINT; Schema: spaapp; Owner: spauser
--

ALTER TABLE ONLY spaapp_valoracion
    ADD CONSTRAINT spaapp_valoracion_usuario_id_d723a21d_fk_auth_user_id FOREIGN KEY (usuario_id) REFERENCES auth_user(id) DEFERRABLE INITIALLY DEFERRED;


--
-- Name: spaapp; Type: ACL; Schema: -; Owner: spauser
--

REVOKE ALL ON SCHEMA spaapp FROM PUBLIC;
REVOKE ALL ON SCHEMA spaapp FROM spauser;
GRANT ALL ON SCHEMA spaapp TO spauser;
GRANT ALL ON SCHEMA spaapp TO postgres;


--
-- PostgreSQL database dump complete
--

